PhoneID,Track,DistToCluster1,DistToCluster2,DistToCluster3,x1,y1,x2,y2
ZX1B23QBS53771758c578bbd85,100,0.727017557,0.730465749,0.730729214
ZX1B23QBS53771758c578bbd85,100,0.107767218,0.111894604,0.111938759
ZX1B23QBS53771758c578bbd85,100,0.026127324,0.030265284,0.030809111
ZX1B23QBS53771758c578bbd85,100,0.004945088,0.008685717,0.008984652
ZX1B23QBS53771758c578bbd85,100,0.009800359,0.012229248,0.012516429
ZX1B23QBS53771758c578bbd85,100,0.001866007,0.006048956,0.006658942
ZX1B23QBS53771758c578bbd85,100,0.008623105,0.012432756,0.013123988
ZX1B23QBS53771758c578bbd85,100,0.005876287,0.01091454,0.010901887
ZX1B23QBS53771758c578bbd85,100,0.005096092,0.009972835,0.008712371
ZX1B23QBS53771758c578bbd85,100,0.003831006,0.008022733,0.008512788
ZX1B23QBS53771758c578bbd85,100,0.006966751,0.009512963,0.011148553
ZX1B23QBS53771758c578bbd85,100,0.011787881,0.016248106,0.016308686
ZX1B23QBS53771758c578bbd85,100,0.007629048,0.012371553,0.012650545
ZX1B23QBS53771758c578bbd85,100,0.025281312,0.028013343,0.029962195
ZX1B23QBS53771758c578bbd85,100,0.009243549,0.012867519,0.013711181
ZX1B23QBS53771758c578bbd85,100,0.006477781,0.010653171,0.010139131
ZX1B23QBS53771758c578bbd85,100,0.007494536,0.011072145,0.011275674
ZX1B23QBS53771758c578bbd85,100,0.011306407,0.013535236,0.014609415
ZX1B23QBS53771758c578bbd85,100,0.004896167,0.008063755,0.00789783
ZX1B23QBS53771758c578bbd85,100,0.005722194,0.009591372,0.010333464
ZX1B23QBS53771758c578bbd85,100,0.002218869,0.005939459,0.005932821
ZX1B23QBS53771758c578bbd85,100,0.002910266,0.004488318,0.006282361
ZX1B23QBS53771758c578bbd85,100,0.005087384,0.008543117,0.008839635
ZX1B23QBS53771758c578bbd85,100,0.007417502,0.012397406,0.012166112
ZX1B23QBS53771758c578bbd85,100,0.00430723,0.00680322,0.007512284
ZX1B23QBS53771758c578bbd85,100,0.008518844,0.011998791,0.011765455
ZX1B23QBS53771758c578bbd85,100,0.004569224,0.007255233,0.00716614
ZX1B23QBS53771758c578bbd85,100,0.007579285,0.010989545,0.010842394
ZX1B23QBS53771758c578bbd85,100,0.00784621,0.0093485,0.010711343
ZX1B23QBS53771758c578bbd85,100,0.009879665,0.014259473,0.015181704
ZX1B23QBS53771758c578bbd85,100,0.004355908,0.00945738,0.010057128
ZX1B23QBS53771758c578bbd85,100,0.005340054,0.008665185,0.008014498
ZX1B23QBS53771758c578bbd85,100,0.003957985,0.007559556,0.008003409
ZX1B23QBS53771758c578bbd85,100,0.010214063,0.0136236,0.013487174
ZX1B23QBS53771758c578bbd85,100,0.006034441,0.008258851,0.009257608
ZX1B23QBS53771758c578bbd85,100,0.003747773,0.005806514,0.008089299
ZX1B23QBS53771758c578bbd85,100,0.007289904,0.011034504,0.011164511
ZX1B23QBS53771758c578bbd85,100,0.003919872,0.008145982,0.007754744
ZX1B23QBS53771758c578bbd85,100,0.00463653,0.007016855,0.008511711
ZX1B23QBS53771758c578bbd85,100,0.007674895,0.008415492,0.008984282
ZX1B23QBS53771758c578bbd85,100,0.003306688,0.005694772,0.006220073
ZX1B23QBS53771758c578bbd85,100,0.010378766,0.016571623,0.01643364
ZX1B23QBS53771758c578bbd85,100,0.007660102,0.011391283,0.012191757
ZX1B23QBS53771758c578bbd85,100,0.010621652,0.015002231,0.014123223
ZX1B23QBS53771758c578bbd85,100,0.009768593,0.013282775,0.013309107
ZX1B23QBS53771758c578bbd85,100,0.005576047,0.008458698,0.009812827
ZX1B23QBS53771758c578bbd85,100,0.010921026,0.014664699,0.014739124
ZX1B23QBS53771758c578bbd85,100,0.017496599,0.021993369,0.022461885
ZX1B23QBS53771758c578bbd85,100,0.006880346,0.012279429,0.011378629
ZX1B23QBS53771758c578bbd85,100,0.010830034,0.013671679,0.015561136
ZX1B23QBS53771758c578bbd85,100,0.006928606,0.010629118,0.010515484
ZX1B23QBS53771758c578bbd85,100,0.006625665,0.011680148,0.010550823
ZX1B23QBS53771758c578bbd85,100,0.006367735,0.011199829,0.011302718
ZX1B23QBS53771758c578bbd85,100,0.009528042,0.01288956,0.011130026
ZX1B23QBS53771758c578bbd85,100,0.003024835,0.008081783,0.007597762
ZX1B23QBS53771758c578bbd85,100,0.005702687,0.008993515,0.009480228
ZX1B23QBS53771758c578bbd85,100,0.008412211,0.012148477,0.012965103
ZX1B23QBS53771758c578bbd85,100,0.005401702,0.007352005,0.007774548
ZX1B23QBS53771758c578bbd85,100,0.004936426,0.007782389,0.00797846
ZX1B23QBS53771758c578bbd85,100,0.006077591,0.011618442,0.010699285
ZX1B23QBS53771758c578bbd85,100,0.010947014,0.013349313,0.015223538
ZX1B23QBS53771758c578bbd85,100,0.005531903,0.009499097,0.010416205
ZX1B23QBS53771758c578bbd85,100,0.00336869,0.004905803,0.005632244
ZX1B23QBS53771758c578bbd85,100,0.006539268,0.014057213,0.012474562
ZX1B23QBS53771758c578bbd85,100,0.005549332,0.008572507,0.008218578
ZX1B23QBS53771758c578bbd85,100,0.005881307,0.008933218,0.010201673
ZX1B23QBS53771758c578bbd85,100,0.003976385,0.00731341,0.00809747
ZX1B23QBS53771758c578bbd85,100,0.005663438,0.010105077,0.00889127
ZX1B23QBS53771758c578bbd85,100,0.003433411,0.008401893,0.007829475
ZX1B23QBS53771758c578bbd85,100,0.00486876,0.008828748,0.008643964
ZX1B23QBS53771758c578bbd85,100,0.004101552,0.006887222,0.00719167
ZX1B23QBS53771758c578bbd85,100,0.007019674,0.011165943,0.010298605
ZX1B23QBS53771758c578bbd85,100,0.008102492,0.015456783,0.014849966
ZX1B23QBS53771758c578bbd85,100,0.003277433,0.006057981,0.00663442
ZX1B23QBS53771758c578bbd85,100,0.011849151,0.016048635,0.015972976
ZX1B23QBS53771758c578bbd85,100,0.006549082,0.007882943,0.00979007
ZX1B23QBS53771758c578bbd85,100,0.007490674,0.008757784,0.009933309
ZX1B23QBS53771758c578bbd85,100,0.012804689,0.017109045,0.0166013
ZX1B23QBS53771758c578bbd85,100,0.008336722,0.010836116,0.011269651
ZX1B23QBS53771758c578bbd85,100,0.002766588,0.006105033,0.007654184
ZX1B23QBS53771758c578bbd85,100,0.004478402,0.006234397,0.007714265
ZX1B23QBS53771758c578bbd85,100,0.008988537,0.009725205,0.010832497
ZX1B23QBS53771758c578bbd85,100,0.006409503,0.011384768,0.010876902
ZX1B23QBS53771758c578bbd85,100,0.008706596,0.01104629,0.012836183
ZX1B23QBS53771758c578bbd85,100,0.006192035,0.008718157,0.008922026
ZX1B23QBS53771758c578bbd85,100,0.012799234,0.016018629,0.016621577
ZX1B23QBS53771758c578bbd85,100,0.007822894,0.010740205,0.01100815
ZX1B23QBS53771758c578bbd85,100,0.011720927,0.015718886,0.015639662
ZX1B23QBS53771758c578bbd85,100,0.005616937,0.00959262,0.010416408
ZX1B23QBS53771758c578bbd85,100,0.008802412,0.011299679,0.011632641
ZX1B23QBS53771758c578bbd85,100,0.006643521,0.010431573,0.011079056
ZX1B23QBS53771758c578bbd85,100,0.002557269,0.004996924,0.005739742
ZX1B23QBS53771758c578bbd85,100,0.005905336,0.012985204,0.011388483
ZX1B23QBS53771758c578bbd85,100,0.010750398,0.015842088,0.015482565
ZX1B23QBS53771758c578bbd85,100,0.444409407,0.444352968,0.442477352
ZX1B23QBS53771758c578bbd85,100,0.006540471,0.010512679,0.010752262
ZX1B23QBS53771758c578bbd85,100,0.005820765,0.010764001,0.010213282
ZX1B23QBS53771758c578bbd85,100,0.009288992,0.012952574,0.01338111
ZX1B23QBS53771758c578bbd85,100,0.009226751,0.012837211,0.012862282
ZX1B23QBS53771758c578bbd85,100,0.011036532,0.015298604,0.015785225
ZX1B23QBS53771758c578bbd85,100,0.007860676,0.012175389,0.012184208
ZX1B23QBS53771758c578bbd85,100,0.010611191,0.013831915,0.013753701
ZX1B23QBS53771758c578bbd85,100,0.013274528,0.018085028,0.016667449
ZX1B23QBS53771758c578bbd85,100,0.009162937,0.012519097,0.013640816
ZX1B23QBS53771758c578bbd85,100,0.006035884,0.00941026,0.010678682
ZX1B23QBS53771758c578bbd85,100,0.02175103,0.026201121,0.026020448
ZX1B23QBS53771758c578bbd85,100,0.01321674,0.017359293,0.017437065
ZX1B23QBS53771758c578bbd85,100,0.006227118,0.010380086,0.009974568
ZX1B23QBS53771758c578bbd85,100,0.003596787,0.006508369,0.006965211
ZX1B23QBS53771758c578bbd85,100,0.007205336,0.010173988,0.01118862
ZX1B23QBS53771758c578bbd85,100,0.003513381,0.00678445,0.007341165
ZX1B23QBS53771758c578bbd85,100,0.009645851,0.011299061,0.012895941
ZX1B23QBS53771758c578bbd85,100,0.006523866,0.009813039,0.009484069
ZX1B23QBS53771758c578bbd85,100,0.002984033,0.005242903,0.005921235
ZX1B23QBS53771758c578bbd85,100,0.01779226,0.019580832,0.020931254
ZX1B23QBS53771758c578bbd85,100,0.006344555,0.008015687,0.008778657
ZX1B23QBS53771758c578bbd85,100,0.013249532,0.0163612,0.017306765
ZX1B23QBS53771758c578bbd85,100,0.007678601,0.011207535,0.0116627
ZX1B23QBS53771758c578bbd85,100,0.005067822,0.00700963,0.007237979
ZX1B23QBS53771758c578bbd85,100,0.023047112,0.025876111,0.025925553
ZX1B23QBS53771758c578bbd85,100,0.00902812,0.013546135,0.013747086
ZX1B23QBS53771758c578bbd85,100,0.006637096,0.009628586,0.010046587
ZX1B23QBS53771758c578bbd85,100,0.003720559,0.007700449,0.007342434
ZX1B23QBS53771758c578bbd85,100,0.001986116,0.00616523,0.006096317
ZX1B23QBS53771758c578bbd85,100,0.004551972,0.007288782,0.007412595
ZX1B23QBS53771758c578bbd85,100,0.008814747,0.012556388,0.012854141
ZX1B23QBS53771758c578bbd85,100,0.006640951,0.010205519,0.010835891
ZX1B23QBS53771758c578bbd85,100,0.026977737,0.031265918,0.031247831
ZX1B23QBS53771758c578bbd85,100,0.008233827,0.010504063,0.011063018
ZX1B23QBS53771758c578bbd85,100,0.005346611,0.008782137,0.009057453
ZX1B23QBS53771758c578bbd85,100,0.008054037,0.013242349,0.012236711
ZX1B23QBS53771758c578bbd85,100,0.003036446,0.008206521,0.007674882
ZX1B23QBS53771758c578bbd85,100,0.006973988,0.008759717,0.009566355
ZX1B23QBS53771758c578bbd85,100,0.017616466,0.020547785,0.020782593
ZX1B23QBS53771758c578bbd85,100,0.032212323,0.033847755,0.034657983
ZX1B23QBS53771758c578bbd85,100,0.012255097,0.016272818,0.016376594
ZX1B23QBS53771758c578bbd85,100,0.00826325,0.01163837,0.01255136
ZX1B23QBS53771758c578bbd85,100,0.003510285,0.007303214,0.008831923
ZX1B23QBS53771758c578bbd85,100,0.00882274,0.013058119,0.013486855
ZX1B23QBS53771758c578bbd85,100,0.010217183,0.013500026,0.013690643
ZX1B23QBS53771758c578bbd85,100,0.011060965,0.014024334,0.014502409
ZX1B23QBS53771758c578bbd85,100,0.007541927,0.013877823,0.013596409
ZX1B23QBS53771758c578bbd85,100,0.005304897,0.00924879,0.009714175
ZX1B23QBS53771758c578bbd85,100,0.006182141,0.005494489,0.008488852
ZX1B23QBS53771758c578bbd85,100,0.008025398,0.00958417,0.012181215
ZX1B23QBS53771758c578bbd85,100,0.005704723,0.00897504,0.008843738
ZX1B23QBS53771758c578bbd85,100,0.002857439,0.00775135,0.007561343
ZX1B23QBS53771758c578bbd85,100,0.00453145,0.005054262,0.006753217
ZX1B23QBS53771758c578bbd85,100,0.011817215,0.016396989,0.017558803
ZX1B23QBS53771758c578bbd85,100,0.005636594,0.008578842,0.008850527
ZX1B23QBS53771758c578bbd85,100,0.018295342,0.022888219,0.022034407
ZX1B23QBS53771758c578bbd85,100,0.009737867,0.014195325,0.015289043
ZX1B23QBS53771758c578bbd85,100,0.010201998,0.01281049,0.014251172
ZX1B23QBS53771758c578bbd85,100,0.004681466,0.008656041,0.008370896
ZX1B23QBS53771758c578bbd85,100,0.009312582,0.012068934,0.012811371
ZX1B23QBS53771758c578bbd85,100,0.003792168,0.005874135,0.006208401
ZX1B23QBS53771758c578bbd85,100,0.005927947,0.009145299,0.01012383
ZX1B23QBS53771758c578bbd85,100,0.013889411,0.016702709,0.017865968
ZX1B23QBS53771758c578bbd85,100,0.00563876,0.007635614,0.007996888
ZX1B23QBS53771758c578bbd85,100,0.009629687,0.011535515,0.012636613
ZX1B23QBS53771758c578bbd85,100,0.019392258,0.020264685,0.021928464
ZX1B23QBS53771758c578bbd85,100,0.015992141,0.020271277,0.020397265
ZX1B23QBS53771758c578bbd85,100,0.009752268,0.012206289,0.013144217
ZX1B23QBS53771758c578bbd85,100,0.007882829,0.010506419,0.011650129
ZX1B23QBS53771758c578bbd85,100,0.008294734,0.011126905,0.012528286
ZX1B23QBS53771758c578bbd85,100,0.013747612,0.015085551,0.015291675
ZX1B23QBS53771758c578bbd85,100,0.00473912,0.008689781,0.009181588
ZX1B23QBS53771758c578bbd85,100,0.013487146,0.016109624,0.01639858
ZX1B23QBS53771758c578bbd85,100,0.022515204,0.026955879,0.026917781
ZX1B23QBS53771758c578bbd85,100,0.00626173,0.006304789,0.006905606
ZX1B23QBS53771758c578bbd85,100,0.003930833,0.005380252,0.006936076
ZX1B23QBS53771758c578bbd85,100,0.010232731,0.014357221,0.014301907
ZX1B23QBS53771758c578bbd85,100,0.003268576,0.006089108,0.007127463
ZX1B23QBS53771758c578bbd85,100,0.008771551,0.0110278,0.01216353
ZX1B23QBS53771758c578bbd85,100,0.014356116,0.019223949,0.019545955
ZX1B23QBS53771758c578bbd85,100,0.002969794,0.004391432,0.005344585
ZX1B23QBS53771758c578bbd85,100,0.004119346,0.008114784,0.008109317
ZX1B23QBS53771758c578bbd85,100,0.006478516,0.012283516,0.011342303
ZX1B23QBS53771758c578bbd85,100,0.008301443,0.010311745,0.011475746
ZX1B23QBS53771758c578bbd85,100,0.007885045,0.014197866,0.012908202
ZX1B23QBS53771758c578bbd85,100,0.005110925,0.00843845,0.008555062
ZX1B23QBS53771758c578bbd85,100,0.014466824,0.018127458,0.017189963
ZX1B23QBS53771758c578bbd85,100,0.006230872,0.009858627,0.010043765
ZX1B23QBS53771758c578bbd85,100,0.009846622,0.010230625,0.011307687
ZX1B23QBS53771758c578bbd85,100,0.012224506,0.014446034,0.015202226
ZX1B23QBS53771758c578bbd85,100,0.009957466,0.014121751,0.013676122
ZX1B23QBS53771758c578bbd85,100,0.006974468,0.009251261,0.009365954
ZX1B23QBS53771758c578bbd85,100,0.006539361,0.009371869,0.009577442
ZX1B23QBS53771758c578bbd85,100,0.009022132,0.012063369,0.01239478
ZX1B23QBS53771758c578bbd85,100,0.010990197,0.011996114,0.013739096
ZX1B23QBS53771758c578bbd85,100,0.009549264,0.014286552,0.015111433
ZX1B23QBS53771758c578bbd85,100,0.006929537,0.008434621,0.009410728
ZX1B23QBS53771758c578bbd85,100,0.003041921,0.007166604,0.007542768
ZX1B23QBS53771758c578bbd85,100,0.004094133,0.007194674,0.007358105
ZX1B23QBS53771758c578bbd85,100,0.010865128,0.012546496,0.013849588
ZX1B23QBS53771758c578bbd85,100,0.006864607,0.011183926,0.011194436
ZX1B23QBS53771758c578bbd85,100,0.00234894,0.002930166,0.005116803
ZX1B23QBS53771758c578bbd85,100,0.014518889,0.019343126,0.019388764
ZX1B23QBS53771758c578bbd85,100,0.003911932,0.008629868,0.009214003
ZX1B23QBS53771758c578bbd85,100,0.010000039,0.014332015,0.014695479
ZX1B23QBS53771758c578bbd85,100,0.005263201,0.007850566,0.009539144
ZX1B23QBS53771758c578bbd85,100,0.011330704,0.016228244,0.015797091
ZX1B23QBS53771758c578bbd85,100,0.0109448,0.013045429,0.015384171
ZX1B23QBS53771758c578bbd85,100,0.010931229,0.016215492,0.016315744
ZX1B23QBS53771758c578bbd85,100,0.007910888,0.010704226,0.011928327
ZX1B23QBS53771758c578bbd85,100,0.007108302,0.009389366,0.009666241
ZX1B23QBS53771758c578bbd85,100,0.011544901,0.015247195,0.016294434
ZX1B23QBS53771758c578bbd85,100,0.008072949,0.010523507,0.011822351
ZX1B23QBS53771758c578bbd85,100,0.005818313,0.008156294,0.010808831
ZX1B23QBS53771758c578bbd85,100,0.015406967,0.017362922,0.018792976
ZX1B23QBS53771758c578bbd85,100,0.006831916,0.010978284,0.012181274
ZX1B23QBS53771758c578bbd85,100,0.002344416,0.005840294,0.006284227
ZX1B23QBS53771758c578bbd85,100,0.008008988,0.012019315,0.012709665
ZX1B23QBS53771758c578bbd85,100,0.001195873,0.003912823,0.004429773
ZX1B23QBS53771758c578bbd85,100,0.025202384,0.029464986,0.029562363
ZX1B23QBS53771758c578bbd85,100,0.014365795,0.017305127,0.017986067
ZX1B23QBS53771758c578bbd85,100,0.025326228,0.029535378,0.029251651
ZX1B23QBS53771758c578bbd85,100,0.002202882,0.005919384,0.006721151
ZX1B23QBS53771758c578bbd85,100,0.003181923,0.00760077,0.007692685
ZX1B23QBS53771758c578bbd85,100,0.010870224,0.013835857,0.013998112
ZX1B23QBS53771758c578bbd85,100,0.012445673,0.017365255,0.017048247
ZX1B23QBS53771758c578bbd85,100,0.007589312,0.009779942,0.010945416
ZX1B23QBS53771758c578bbd85,100,0.027642975,0.029224597,0.030229838
ZX1B23QBS53771758c578bbd85,100,0.003623152,0.008760028,0.008344516
ZX1B23QBS53771758c578bbd85,100,0.003866451,0.008754332,0.008786154
ZX1B23QBS53771758c578bbd85,100,0.025706436,0.030048598,0.030442531
ZX1B23QBS53771758c578bbd85,100,0.003370395,0.006298817,0.005295603
ZX1B23QBS53771758c578bbd85,100,0.004229361,0.007005699,0.007860703
ZX1B23QBS53771758c578bbd85,100,0.005623524,0.007784047,0.008670706
ZX1B23QBS53771758c578bbd85,100,0.032526409,0.036791689,0.036409126
ZX1B23QBS53771758c578bbd85,100,0.006294703,0.010248144,0.009373915
ZX1B23QBS53771758c578bbd85,100,0.008732224,0.012185976,0.012008527
ZX1B23QBS53771758c578bbd85,100,0.013083782,0.018880459,0.017266361
ZX1B23QBS53771758c578bbd85,100,0.002370208,0.005911796,0.006177372
ZX1B23QBS53771758c578bbd85,100,0.004237429,0.008845183,0.00796453
ZX1B23QBS53771758c578bbd85,100,0.007299294,0.013529429,0.012071141
ZX1B23QBS53771758c578bbd85,100,0.008737445,0.010599182,0.012130973
ZX1B23QBS53771758c578bbd85,100,0.006119971,0.009600274,0.010511553
ZX1B23QBS53771758c578bbd85,100,0.004071735,0.006603717,0.006770226
ZX1B23QBS53771758c578bbd85,100,0.010152367,0.012266853,0.01245707
ZX1B23QBS53771758c578bbd85,100,0.006569381,0.007745888,0.009338548
ZX1B23QBS53771758c578bbd85,100,0.00620088,0.010167419,0.010202999
ZX1B23QBS53771758c578bbd85,100,0.004608694,0.006419747,0.007729782
ZX1B23QBS53771758c578bbd85,100,0.008171235,0.012830611,0.012679731
ZX1B23QBS53771758c578bbd85,100,0.002553976,0.005795218,0.007077544
ZX1B23QBS53771758c578bbd85,100,0.002078735,0.005191826,0.005294662
ZX1B23QBS53771758c578bbd85,100,0.005849217,0.009615964,0.008814781
ZX1B23QBS53771758c578bbd85,100,0.005089119,0.007482571,0.008452292
ZX1B23QBS53771758c578bbd85,100,0.00486425,0.008344127,0.008466359
ZX1B23QBS53771758c578bbd85,100,0.006900193,0.010321061,0.010572223
ZX1B23QBS53771758c578bbd85,100,0.010726976,0.014269724,0.015282141
ZX1B23QBS53771758c578bbd85,100,0.425201098,0.429317245,0.427708617
ZX1B23QBS53771758c578bbd85,100,0.005318544,0.008984913,0.008907724
ZX1B23QBS53771758c578bbd85,100,0.008403778,0.009991957,0.010495198
ZX1B23QBS53771758c578bbd85,100,0.017034737,0.021262468,0.021187984
ZX1B23QBS53771758c578bbd85,100,0.003813247,0.0069058,0.007388721
ZX1B23QBS53771758c578bbd85,100,0.002248374,0.006445475,0.006340258
ZX1B23QBS53771758c578bbd85,100,0.009771961,0.014564031,0.014833333
ZX1B23QBS53771758c578bbd85,100,0.006455282,0.009086331,0.009420914
ZX1B23QBS53771758c578bbd85,100,0.005185164,0.009395904,0.008077884
ZX1B23QBS53771758c578bbd85,100,0.007541453,0.009148315,0.011004007
ZX1B23QBS53771758c578bbd85,100,0.007660285,0.010423638,0.009955117
ZX1B23QBS53771758c578bbd85,100,0.020446367,0.021341357,0.021918348
ZX1B23QBS53771758c578bbd85,100,0.006244118,0.010705262,0.010500793
ZX1B23QBS53771758c578bbd85,100,0.007392529,0.010533156,0.011548345
ZX1B23QBS53771758c578bbd85,100,0.00784328,0.013295954,0.011872221
ZX1B23QBS53771758c578bbd85,100,0.003641753,0.008572043,0.008170596
ZX1B23QBS53771758c578bbd85,100,0.016322095,0.020070547,0.021035592
ZX1B23QBS53771758c578bbd85,100,0.006372583,0.009014718,0.009046008
ZX1B23QBS53771758c578bbd85,100,0.003682485,0.00924861,0.00845953
ZX1B23QBS53771758c578bbd85,100,0.01662946,0.021478177,0.021769246
ZX1B23QBS53771758c578bbd85,100,0.009647242,0.014556659,0.01373918
ZX1B23QBS53771758c578bbd85,100,0.007719634,0.011000706,0.011759825
ZX1B23QBS53771758c578bbd85,100,0.006464934,0.010430212,0.01138777
ZX1B23QBS53771758c578bbd85,100,0.004180732,0.006689438,0.00660912
ZX1B23QBS53771758c578bbd85,100,0.013230825,0.01468525,0.015925486
ZX1B23QBS53771758c578bbd85,100,0.007687722,0.008924053,0.010066724
ZX1B23QBS53771758c578bbd85,100,0.00935569,0.01310781,0.012984545
ZX1B23QBS53771758c578bbd85,100,0.00685279,0.009828597,0.009877484
ZX1B23QBS53771758c578bbd85,100,0.004018987,0.005036317,0.005717946
ZX1B23QBS53771758c578bbd85,100,0.004661327,0.00681062,0.007702415
ZX1B23QBS53771758c578bbd85,100,0.007005948,0.010163899,0.010309466
ZX1B23QBS53771758c578bbd85,100,0.009516712,0.013419943,0.014550664
ZX1B23QBS53771758c578bbd85,100,0.006212771,0.009212545,0.008801882
ZX1B23QBS53771758c578bbd85,100,0.010354024,0.013796129,0.014427189
ZX1B23QBS53771758c578bbd85,100,0.004324634,0.006939458,0.007489454
ZX1B23QBS53771758c578bbd85,100,0.007624034,0.008603158,0.010484408
ZX1B23QBS53771758c578bbd85,100,0.007689477,0.010317696,0.011369654
ZX1B23QBS53771758c578bbd85,100,0.006855606,0.009466415,0.009226895
ZX1B23QBS53771758c578bbd85,100,0.005020155,0.008991555,0.008713281
ZX1B23QBS53771758c578bbd85,100,0.006951515,0.01033143,0.01115414
ZX1B23QBS53771758c578bbd85,100,0.008303611,0.012380498,0.011247849
ZX1B23QBS53771758c578bbd85,100,0.020519496,0.022346082,0.023838667
ZX1B23QBS53771758c578bbd85,100,0.00405614,0.007062266,0.007680982
ZX1B23QBS53771758c578bbd85,100,0.003140592,0.005288578,0.007142031
ZX1B23QBS53771758c578bbd85,100,0.005427646,0.008636137,0.008625639
ZX1B23QBS53771758c578bbd85,100,0.005912113,0.010144001,0.009273116
ZX1B23QBS53771758c578bbd85,100,0.006375177,0.010528805,0.010515659
ZX1B23QBS53771758c578bbd85,100,0.01004937,0.012056433,0.013446432
ZX1B23QBS53771758c578bbd85,100,0.003212695,0.008245392,0.007903182
ZX1B23QBS53771758c578bbd85,100,0.008963568,0.011804507,0.013531138
ZX1B23QBS53771758c578bbd85,100,0.008948146,0.010137482,0.012767138
ZX1B23QBS53771758c578bbd85,100,0.007834983,0.015250176,0.013541523
ZX1B23QBS53771758c578bbd85,100,0.008655446,0.011903048,0.011515659
ZX1B23QBS53771758c578bbd85,100,0.028585314,0.031825434,0.032902755
ZX1B23QBS53771758c578bbd85,100,0.023699542,0.027918717,0.027132947
ZX1B23QBS53771758c578bbd85,100,0.005068542,0.009072435,0.009297699
ZX1B23QBS53771758c578bbd85,100,0.007941807,0.008871192,0.010084446
ZX1B23QBS53771758c578bbd85,100,0.006587026,0.00839943,0.00994828
ZX1B23QBS53771758c578bbd85,100,0.005548916,0.007893151,0.009395763
ZX1B23QBS53771758c578bbd85,100,0.008287815,0.012361879,0.011534725
ZX1B23QBS53771758c578bbd85,100,0.007839654,0.012320902,0.011697954
ZX1B23QBS53771758c578bbd85,100,0.005180698,0.00938661,0.009754837
ZX1B23QBS53771758c578bbd85,100,0.008103969,0.012283395,0.013254368
ZX1B23QBS53771758c578bbd85,100,0.007081469,0.010150053,0.010859394
ZX1B23QBS53771758c578bbd85,100,0.016401869,0.021082928,0.020299597
ZX1B23QBS53771758c578bbd85,100,0.010346183,0.015947491,0.014844029
ZX1B23QBS53771758c578bbd85,100,0.00542769,0.011113685,0.01163968
ZX1B23QBS53771758c578bbd85,100,0.008361793,0.011920319,0.012384126
ZX1B23QBS53771758c578bbd85,100,0.016304294,0.020332773,0.021122781
ZX1B23QBS53771758c578bbd85,100,0.002879237,0.004637921,0.006428707
ZX1B23QBS53771758c578bbd85,100,0.002787757,0.006136118,0.007467064
ZX1B23QBS53771758c578bbd85,100,0.010761195,0.015097564,0.015520336
ZX1B23QBS53771758c578bbd85,100,0.007161053,0.009486687,0.010336206
ZX1B23QBS53771758c578bbd85,100,0.003358743,0.007311515,0.006886667
ZX1B23QBS53771758c578bbd85,100,0.013543482,0.017070792,0.01757912
ZX1B23QBS53771758c578bbd85,100,0.004846503,0.00914029,0.008826366
ZX1B23QBS53771758c578bbd85,100,0.004366075,0.008129046,0.007991441
ZX1B23QBS53771758c578bbd85,100,0.008968522,0.012828437,0.014077169
ZX1B23QBS53771758c578bbd85,100,0.007950559,0.010198708,0.011553561
ZX1B23QBS53771758c578bbd85,100,0.015797656,0.019752815,0.020760626
ZX1B23QBS53771758c578bbd85,100,0.008737829,0.013223176,0.013426714
ZX1B23QBS53771758c578bbd85,100,0.008698523,0.011400916,0.011138989
ZX1B23QBS53771758c578bbd85,100,0.009884645,0.015281987,0.013431098
ZX1B23QBS53771758c578bbd85,100,0.010860007,0.012948809,0.013810899
ZX1B23QBS53771758c578bbd85,100,0.008230541,0.01346804,0.013787383
ZX1B23QBS53771758c578bbd85,100,0.006129974,0.009799931,0.010353722
ZX1B23QBS53771758c578bbd85,100,0.006488348,0.010413049,0.010824511
ZX1B23QBS53771758c578bbd85,100,0.007743251,0.008771955,0.010224704
ZX1B23QBS53771758c578bbd85,100,0.01334499,0.015432603,0.015729334
ZX1B23QBS53771758c578bbd85,100,0.005097765,0.009068291,0.008106043
TA92903URNf067ff16fcf8e045,100,0.02083737,0.016445738,0.020187111
TA92903URNf067ff16fcf8e045,100,0.009315059,0.006084188,0.009900738
TA92903URNf067ff16fcf8e045,100,0.015482326,0.012069513,0.015002103
TA92903URNf067ff16fcf8e045,100,0.007109734,0.003065543,0.006814066
TA92903URNf067ff16fcf8e045,100,0.01053094,0.00805798,0.012389219
TA92903URNf067ff16fcf8e045,100,0.012532467,0.00819605,0.013385231
TA92903URNf067ff16fcf8e045,100,0.013589791,0.010300951,0.01410186
TA92903URNf067ff16fcf8e045,100,0.010715054,0.006783694,0.010360184
TA92903URNf067ff16fcf8e045,100,0.009551153,0.005938253,0.009871754
TA92903URNf067ff16fcf8e045,100,0.012041299,0.00718997,0.011441205
TA92903URNf067ff16fcf8e045,100,0.00990155,0.006731246,0.010162654
TA92903URNf067ff16fcf8e045,100,0.006863501,0.006699462,0.008918752
TA92903URNf067ff16fcf8e045,100,0.008174693,0.004462305,0.007694538
TA92903URNf067ff16fcf8e045,100,0.013825682,0.011207967,0.014869478
TA92903URNf067ff16fcf8e045,100,0.010034338,0.004885443,0.00983295
TA92903URNf067ff16fcf8e045,100,0.00970909,0.004459518,0.008927992
TA92903URNf067ff16fcf8e045,100,0.010147439,0.006501567,0.01067192
TA92903URNf067ff16fcf8e045,100,0.009954256,0.006515032,0.010388939
TA92903URNf067ff16fcf8e045,100,0.007329852,0.002775752,0.007598934
TA92903URNf067ff16fcf8e045,100,0.017795398,0.014783694,0.018588765
TA92903URNf067ff16fcf8e045,100,0.008006497,0.004350438,0.008588644
TA92903URNf067ff16fcf8e045,100,0.024928053,0.022851434,0.025499198
TA92903URNf067ff16fcf8e045,100,0.010755332,0.006186113,0.010491715
TA92903URNf067ff16fcf8e045,100,0.016259376,0.012800074,0.017747806
TA92903URNf067ff16fcf8e045,100,0.008657141,0.005809182,0.008699021
TA92903URNf067ff16fcf8e045,100,0.006676576,0.003974156,0.007367242
TA92903URNf067ff16fcf8e045,100,0.007683611,0.004853932,0.008465061
TA92903URNf067ff16fcf8e045,100,0.009881119,0.006527551,0.010210434
TA92903URNf067ff16fcf8e045,100,0.009253867,0.006343174,0.010145787
TA92903URNf067ff16fcf8e045,100,0.011142764,0.007242443,0.011185965
TA92903URNf067ff16fcf8e045,100,0.012756195,0.00976551,0.013750572
TA92903URNf067ff16fcf8e045,100,0.007061261,0.003452446,0.006949066
TA92903URNf067ff16fcf8e045,100,0.007743421,0.004334813,0.008247933
TA92903URNf067ff16fcf8e045,100,0.015470595,0.010290431,0.014563164
TA92903URNf067ff16fcf8e045,100,0.012895192,0.008572387,0.012412836
TA92903URNf067ff16fcf8e045,100,0.011890918,0.007111525,0.012363713
TA92903URNf067ff16fcf8e045,100,0.010298542,0.006600359,0.010014984
TA92903URNf067ff16fcf8e045,100,0.005702008,0.00274825,0.005897852
TA92903URNf067ff16fcf8e045,100,0.009192048,0.008420776,0.010775035
TA92903URNf067ff16fcf8e045,100,0.006719159,0.0038011,0.006672458
TA92903URNf067ff16fcf8e045,100,0.017763759,0.013710147,0.018572993
TA92903URNf067ff16fcf8e045,100,0.009759713,0.006108073,0.00966698
TA92903URNf067ff16fcf8e045,100,0.011614992,0.007522165,0.012074505
TA92903URNf067ff16fcf8e045,100,0.005866356,0.007647095,0.00744504
TA92903URNf067ff16fcf8e045,100,0.006281235,0.004217378,0.006284535
TA92903URNf067ff16fcf8e045,100,0.013623746,0.010626502,0.014922276
TA92903URNf067ff16fcf8e045,100,0.005263518,0.001907435,0.004253741
TA92903URNf067ff16fcf8e045,100,0.006798508,0.005580073,0.008126585
TA92903URNf067ff16fcf8e045,100,0.007722717,0.004069631,0.007872031
TA92903URNf067ff16fcf8e045,100,0.010789654,0.005812694,0.010294307
TA92903URNf067ff16fcf8e045,100,0.012726592,0.009958197,0.012559432
TA92903URNf067ff16fcf8e045,100,0.015899,0.01309439,0.015994454
TA92903URNf067ff16fcf8e045,100,0.005508324,0.002875279,0.005977537
TA92903URNf067ff16fcf8e045,100,0.014551615,0.010871971,0.015033741
TA92903URNf067ff16fcf8e045,100,0.013613958,0.010680905,0.013568526
TA92903URNf067ff16fcf8e045,100,0.015034383,0.011396948,0.015724117
TA92903URNf067ff16fcf8e045,100,0.00704895,0.003456985,0.007131934
TA92903URNf067ff16fcf8e045,100,0.010661503,0.006111733,0.01121971
TA92903URNf067ff16fcf8e045,100,0.013320218,0.007178403,0.012419068
TA92903URNf067ff16fcf8e045,100,0.011692216,0.009613819,0.01272674
TA92903URNf067ff16fcf8e045,100,0.012385925,0.006091021,0.012401546
TA92903URNf067ff16fcf8e045,100,0.008095845,0.004726985,0.008838382
TA92903URNf067ff16fcf8e045,100,0.005926126,0.003668579,0.006429879
TA92903URNf067ff16fcf8e045,100,0.015816521,0.012443847,0.016044687
TA92903URNf067ff16fcf8e045,100,0.006479386,0.004331848,0.00784628
TA92903URNf067ff16fcf8e045,100,0.009120416,0.005334928,0.010110723
TA92903URNf067ff16fcf8e045,100,0.006493988,0.002989143,0.007119646
TA92903URNf067ff16fcf8e045,100,0.00744567,0.004092426,0.007383992
TA92903URNf067ff16fcf8e045,100,0.012404946,0.009187149,0.012959359
TA92903URNf067ff16fcf8e045,100,0.010432458,0.007087528,0.010994005
TA92903URNf067ff16fcf8e045,100,0.012571459,0.009824058,0.014025837
TA92903URNf067ff16fcf8e045,100,0.018542561,0.01697819,0.019977223
TA92903URNf067ff16fcf8e045,100,0.010629343,0.006809796,0.011017166
TA92903URNf067ff16fcf8e045,100,0.010100067,0.005778308,0.009647129
TA92903URNf067ff16fcf8e045,100,0.009397685,0.007106549,0.010942116
TA92903URNf067ff16fcf8e045,100,0.0154144,0.012281592,0.015875243
TA92903URNf067ff16fcf8e045,100,0.014632482,0.010644793,0.014940408
TA92903URNf067ff16fcf8e045,100,0.006773676,0.00396617,0.008004119
TA92903URNf067ff16fcf8e045,100,0.012671144,0.009894135,0.013213631
TA92903URNf067ff16fcf8e045,100,0.009312758,0.004722053,0.008960773
TA92903URNf067ff16fcf8e045,100,0.018152822,0.012885491,0.017801653
TA92903URNf067ff16fcf8e045,100,0.012844792,0.008375374,0.013157576
TA92903URNf067ff16fcf8e045,100,0.012430332,0.010014736,0.012580169
TA92903URNf067ff16fcf8e045,100,0.025769566,0.021668006,0.02516589
TA92903URNf067ff16fcf8e045,100,0.006504793,0.004839819,0.00810972
TA92903URNf067ff16fcf8e045,100,0.011340767,0.00799799,0.012211752
TA92903URNf067ff16fcf8e045,100,0.01352157,0.009967999,0.013929544
TA92903URNf067ff16fcf8e045,100,0.009960363,0.007752079,0.010969444
TA92903URNf067ff16fcf8e045,100,0.011534488,0.007391058,0.012211501
TA92903URNf067ff16fcf8e045,100,0.010592461,0.007547902,0.011104395
TA92903URNf067ff16fcf8e045,100,0.005924507,0.001966476,0.006568943
TA92903URNf067ff16fcf8e045,100,0.017086612,0.012544795,0.015882794
TA92903URNf067ff16fcf8e045,100,0.010768646,0.007903232,0.010957449
TA92903URNf067ff16fcf8e045,100,0.014355787,0.011734574,0.015506263
TA92903URNf067ff16fcf8e045,100,0.007043481,0.00555103,0.006989292
TA92903URNf067ff16fcf8e045,100,0.017133996,0.013656562,0.017666036
TA92903URNf067ff16fcf8e045,100,0.021637117,0.01815676,0.021607616
TA92903URNf067ff16fcf8e045,100,0.025883486,0.021671263,0.025285346
TA92903URNf067ff16fcf8e045,100,0.009503638,0.005255984,0.010008859
TA92903URNf067ff16fcf8e045,100,0.016604779,0.010632502,0.015814515
TA92903URNf067ff16fcf8e045,100,0.007124195,0.00312198,0.008246979
TA92903URNf067ff16fcf8e045,100,0.010199738,0.007089997,0.010235102
TA92903URNf067ff16fcf8e045,100,0.009689023,0.008775855,0.010939026
TA92903URNf067ff16fcf8e045,100,0.010103464,0.007132651,0.010529234
TA92903URNf067ff16fcf8e045,100,0.010781087,0.007752676,0.012664099
TA92903URNf067ff16fcf8e045,100,0.011118158,0.008688238,0.012301684
TA92903URNf067ff16fcf8e045,100,0.007665945,0.00481748,0.008257925
TA92903URNf067ff16fcf8e045,100,0.007596916,0.005683461,0.008158139
TA92903URNf067ff16fcf8e045,100,0.022904222,0.018160456,0.02341681
TA92903URNf067ff16fcf8e045,100,0.006779636,0.002793615,0.00701302
TA92903URNf067ff16fcf8e045,100,0.006337741,0.004741312,0.008174187
TA92903URNf067ff16fcf8e045,100,0.013983163,0.008440868,0.013885599
TA92903URNf067ff16fcf8e045,100,0.006187509,0.004216662,0.007028208
TA92903URNf067ff16fcf8e045,100,0.015567345,0.010330479,0.015415109
TA92903URNf067ff16fcf8e045,100,0.009909783,0.00531,0.009357786
TA92903URNf067ff16fcf8e045,100,0.010496656,0.005825876,0.010588032
TA92903URNf067ff16fcf8e045,100,0.014144616,0.010707508,0.014367026
TA92903URNf067ff16fcf8e045,100,0.011683466,0.009091432,0.013065319
TA92903URNf067ff16fcf8e045,100,0.011307521,0.009898537,0.012343822
TA92903URNf067ff16fcf8e045,100,0.006633995,0.003762595,0.006759656
TA92903URNf067ff16fcf8e045,100,0.009573889,0.006791108,0.010952493
TA92903URNf067ff16fcf8e045,100,0.009580863,0.00610256,0.009209997
TA92903URNf067ff16fcf8e045,100,0.009703105,0.008069901,0.010306847
TA92903URNf067ff16fcf8e045,100,0.007166687,0.0043749,0.007722552
TA92903URNf067ff16fcf8e045,100,0.007150456,0.004113329,0.007020648
TA92903URNf067ff16fcf8e045,100,0.013825548,0.008132382,0.013211923
TA92903URNf067ff16fcf8e045,100,0.009246937,0.006268681,0.010517995
TA92903URNf067ff16fcf8e045,100,0.007249017,0.00340918,0.00807986
TA92903URNf067ff16fcf8e045,100,0.012542718,0.008237247,0.012919058
TA92903URNf067ff16fcf8e045,100,0.008089092,0.005351565,0.008602099
TA92903URNf067ff16fcf8e045,100,0.02919341,0.025765492,0.029100321
TA92903URNf067ff16fcf8e045,100,0.004850669,0.003382964,0.006132402
TA92903URNf067ff16fcf8e045,100,0.00756429,0.005426727,0.008633758
TA92903URNf067ff16fcf8e045,100,0.007061394,0.004737034,0.007901387
TA92903URNf067ff16fcf8e045,100,0.007413197,0.004767302,0.007628334
TA92903URNf067ff16fcf8e045,100,0.012082935,0.007636223,0.012612672
TA92903URNf067ff16fcf8e045,100,0.012874432,0.008765064,0.012924814
TA92903URNf067ff16fcf8e045,100,0.012996818,0.00965337,0.013167792
TA92903URNf067ff16fcf8e045,100,0.007668095,0.003858598,0.007485881
TA92903URNf067ff16fcf8e045,100,0.009188458,0.005832819,0.008789081
TA92903URNf067ff16fcf8e045,100,0.005859438,0.002152607,0.00533096
TA92903URNf067ff16fcf8e045,100,0.015320226,0.011314517,0.015053864
TA92903URNf067ff16fcf8e045,100,0.008259119,0.003382776,0.008432259
TA92903URNf067ff16fcf8e045,100,0.01288665,0.008334268,0.012638439
TA92903URNf067ff16fcf8e045,100,0.010481156,0.007220496,0.011026122
TA92903URNf067ff16fcf8e045,100,0.008437224,0.00655465,0.008269859
TA92903URNf067ff16fcf8e045,100,0.006077421,0.004738808,0.007041931
TA92903URNf067ff16fcf8e045,100,0.012132713,0.00790395,0.012503968
TA92903URNf067ff16fcf8e045,100,0.015304735,0.010621349,0.014830488
TA92903URNf067ff16fcf8e045,100,0.011477347,0.007049863,0.011663061
TA92903URNf067ff16fcf8e045,100,0.007561186,0.005229365,0.008213075
TA92903URNf067ff16fcf8e045,100,0.020288746,0.017585579,0.021051881
TA92903URNf067ff16fcf8e045,100,0.013755455,0.009855786,0.013518823
TA92903URNf067ff16fcf8e045,100,0.016374307,0.012138736,0.016808679
TA92903URNf067ff16fcf8e045,100,0.014205671,0.011457239,0.013752427
TA92903URNf067ff16fcf8e045,100,0.010285858,0.004568013,0.009916991
TA92903URNf067ff16fcf8e045,100,0.012381672,0.006866698,0.012171678
TA92903URNf067ff16fcf8e045,100,0.00582118,0.004281716,0.007448923
TA92903URNf067ff16fcf8e045,100,0.010074366,0.006256868,0.010756283
TA92903URNf067ff16fcf8e045,100,0.010422514,0.006346623,0.010709015
TA92903URNf067ff16fcf8e045,100,0.009702954,0.005976972,0.009114919
TA92903URNf067ff16fcf8e045,100,0.009172378,0.005680088,0.009854373
TA92903URNf067ff16fcf8e045,100,0.004297507,0.002710625,0.005519568
TA92903URNf067ff16fcf8e045,100,0.012169702,0.008795034,0.012256211
TA92903URNf067ff16fcf8e045,100,0.008764538,0.005322673,0.008251378
TA92903URNf067ff16fcf8e045,100,0.010511271,0.006513401,0.010581373
TA92903URNf067ff16fcf8e045,100,0.009047819,0.005916134,0.00976747
TA92903URNf067ff16fcf8e045,100,0.025356721,0.022022053,0.026614205
TA92903URNf067ff16fcf8e045,100,0.00981997,0.004934419,0.010090071
TA92903URNf067ff16fcf8e045,100,0.011686017,0.008164039,0.012991254
TA92903URNf067ff16fcf8e045,100,0.01396591,0.008891754,0.013473884
TA92903URNf067ff16fcf8e045,100,0.009018564,0.003679338,0.008666297
TA92903URNf067ff16fcf8e045,100,0.060294279,0.05644991,0.061296993
TA92903URNf067ff16fcf8e045,100,0.007047286,0.00571375,0.008727492
TA92903URNf067ff16fcf8e045,100,0.010202687,0.006921653,0.009936697
TA92903URNf067ff16fcf8e045,100,0.017394397,0.013672968,0.017966527
TA92903URNf067ff16fcf8e045,100,0.013331132,0.011057884,0.014047368
TA92903URNf067ff16fcf8e045,100,0.014238062,0.00953681,0.014433307
TA92903URNf067ff16fcf8e045,100,0.007595223,0.005026593,0.008478596
TA92903URNf067ff16fcf8e045,100,0.015078279,0.011312199,0.015238934
TA92903URNf067ff16fcf8e045,100,0.011416344,0.007668773,0.011340226
TA92903URNf067ff16fcf8e045,100,0.012687045,0.009145413,0.012501064
TA92903URNf067ff16fcf8e045,100,0.008401729,0.004283506,0.00844492
TA92903URNf067ff16fcf8e045,100,0.008267584,0.003876364,0.008716414
TA92903URNf067ff16fcf8e045,100,0.007354651,0.00405138,0.008790259
TA92903URNf067ff16fcf8e045,100,0.008130319,0.004027551,0.008371649
TA92903URNf067ff16fcf8e045,100,0.007767053,0.006473635,0.009440742
TA92903URNf067ff16fcf8e045,100,0.034438117,0.030323267,0.035298488
TA92903URNf067ff16fcf8e045,100,0.007062348,0.003564925,0.008316066
TA92903URNf067ff16fcf8e045,100,0.006499867,0.002641815,0.006276491
TA92903URNf067ff16fcf8e045,100,0.010804135,0.007092479,0.01104923
TA92903URNf067ff16fcf8e045,100,0.00992931,0.0063391,0.009399115
TA92903URNf067ff16fcf8e045,100,0.007960048,0.004727706,0.008452156
TA92903URNf067ff16fcf8e045,100,0.010900023,0.008045871,0.011183938
TA92903URNf067ff16fcf8e045,100,0.01802207,0.012696035,0.016336645
TA92903URNf067ff16fcf8e045,100,0.009278877,0.006114881,0.009296685
TA92903URNf067ff16fcf8e045,100,0.009340376,0.004748803,0.009759713
TA92903URNf067ff16fcf8e045,100,0.008146365,0.006155729,0.009272641
TA92903URNf067ff16fcf8e045,100,0.012087588,0.011473718,0.013393062
TA92903URNf067ff16fcf8e045,100,0.008904109,0.006956973,0.008868496
TA92903URNf067ff16fcf8e045,100,0.011592399,0.008468074,0.013160434
TA92903URNf067ff16fcf8e045,100,0.010346252,0.006950176,0.012306039
TA92903URNf067ff16fcf8e045,100,0.011917395,0.008825933,0.011721075
TA92903URNf067ff16fcf8e045,100,0.011660149,0.007700518,0.012864551
TA92903URNf067ff16fcf8e045,100,0.013536548,0.008672024,0.013239933
TA92903URNf067ff16fcf8e045,100,0.007116474,0.004634179,0.006923654
TA92903URNf067ff16fcf8e045,100,0.011958911,0.009336573,0.012837947
TA92903URNf067ff16fcf8e045,100,0.016763029,0.013055563,0.017414786
TA92903URNf067ff16fcf8e045,100,0.008424684,0.004486277,0.008091926
TA92903URNf067ff16fcf8e045,100,0.012144251,0.009903737,0.013141989
TA92903URNf067ff16fcf8e045,100,0.012996202,0.008183775,0.012659703
TA92903URNf067ff16fcf8e045,100,0.006229682,0.003230467,0.007339783
TA92903URNf067ff16fcf8e045,100,0.007276433,0.006120438,0.008908264
TA92903URNf067ff16fcf8e045,100,0.014374309,0.01074692,0.014888008
TA92903URNf067ff16fcf8e045,100,0.013184376,0.009870276,0.013653145
TA92903URNf067ff16fcf8e045,100,0.013255062,0.008600876,0.012906841
TA92903URNf067ff16fcf8e045,100,0.024272227,0.022090952,0.025331943
TA92903URNf067ff16fcf8e045,100,0.008479084,0.00439886,0.008148716
TA92903URNf067ff16fcf8e045,100,0.012783843,0.009923064,0.012956426
TA92903URNf067ff16fcf8e045,100,0.005773305,0.002709538,0.006322497
TA92903URNf067ff16fcf8e045,100,0.007797076,0.003613624,0.008505743
TA92903URNf067ff16fcf8e045,100,0.028513343,0.02312205,0.028835283
TA92903URNf067ff16fcf8e045,100,0.006580166,0.003538961,0.007059093
TA92903URNf067ff16fcf8e045,100,0.011560177,0.008190473,0.011927084
TA92903URNf067ff16fcf8e045,100,0.035572505,0.030432585,0.035163312
TA92903URNf067ff16fcf8e045,100,0.00945955,0.005836854,0.010519228
TA92903URNf067ff16fcf8e045,100,0.005825261,0.004057934,0.007404853
TA92903URNf067ff16fcf8e045,100,0.025049553,0.022072082,0.025888836
TA92903URNf067ff16fcf8e045,100,0.011709524,0.008185866,0.010699964
TA92903URNf067ff16fcf8e045,100,0.008521894,0.007540128,0.0111271
TA92903URNf067ff16fcf8e045,100,0.00728649,0.003699851,0.006597798
TA92903URNf067ff16fcf8e045,100,0.009918647,0.006283857,0.009042013
TA92903URNf067ff16fcf8e045,100,0.010844602,0.006850896,0.010495983
TA92903URNf067ff16fcf8e045,100,0.034202788,0.030151961,0.034332526
TA92903URNf067ff16fcf8e045,100,0.004542718,0.002794966,0.005092192
TA92903URNf067ff16fcf8e045,100,0.009224219,0.00705722,0.010212611
TA92903URNf067ff16fcf8e045,100,0.010325718,0.005658749,0.009372506
TA92903URNf067ff16fcf8e045,100,0.005072924,0.001863374,0.005263602
TA92903URNf067ff16fcf8e045,100,0.010430312,0.007055272,0.010615895
TA92903URNf067ff16fcf8e045,100,0.011126523,0.007908121,0.011570439
TA92903URNf067ff16fcf8e045,100,0.011430367,0.008345433,0.011108464
TA92903URNf067ff16fcf8e045,100,0.027503102,0.024459326,0.028522839
TA92903URNf067ff16fcf8e045,100,0.009803334,0.006694845,0.010437147
TA92903URNf067ff16fcf8e045,100,0.018870508,0.013828097,0.019097783
TA92903URNf067ff16fcf8e045,100,0.009875239,0.007287535,0.011038025
TA92903URNf067ff16fcf8e045,100,0.00825666,0.004526617,0.007203513
TA92903URNf067ff16fcf8e045,100,0.005788554,0.00183643,0.005613105
TA92903URNf067ff16fcf8e045,100,0.007279671,0.005026241,0.008217372
TA92903URNf067ff16fcf8e045,100,0.009442538,0.005325757,0.008665163
TA92903URNf067ff16fcf8e045,100,0.009511709,0.005429572,0.009696509
TA92903URNf067ff16fcf8e045,100,0.008519299,0.004781646,0.00801709
TA92903URNf067ff16fcf8e045,100,0.010142244,0.006435846,0.011308177
TA92903URNf067ff16fcf8e045,100,0.016722067,0.011937715,0.016419754
TA92903URNf067ff16fcf8e045,100,0.009686052,0.005285773,0.009066338
TA92903URNf067ff16fcf8e045,100,0.027148056,0.02234854,0.027266797
TA92903URNf067ff16fcf8e045,100,0.006729463,0.003737328,0.006561578
TA92903URNf067ff16fcf8e045,100,0.025742179,0.021242487,0.026014525
TA92903URNf067ff16fcf8e045,100,0.00994851,0.005843873,0.009579256
TA92903URNf067ff16fcf8e045,100,0.006959509,0.003314118,0.007800444
TA92903URNf067ff16fcf8e045,100,0.005332428,0.002671724,0.006641013
TA92903URNf067ff16fcf8e045,100,0.013411744,0.010417609,0.013518784
TA92903URNf067ff16fcf8e045,100,0.009798691,0.006238175,0.009918709
TA92903URNf067ff16fcf8e045,100,0.009741859,0.006432865,0.009849136
TA92903URNf067ff16fcf8e045,100,0.01497416,0.009915897,0.015873773
TA92903URNf067ff16fcf8e045,100,0.009978366,0.006706428,0.011758856
TA92903URNf067ff16fcf8e045,100,0.023224224,0.019901453,0.023453042
TA92903URNf067ff16fcf8e045,100,0.01037247,0.007657022,0.01045849
TA92903URNf067ff16fcf8e045,100,0.011893802,0.008040958,0.012433873
TA92903URNf067ff16fcf8e045,100,0.006654578,0.003962368,0.006564704
TA92903URNf067ff16fcf8e045,100,0.005413469,0.00469906,0.007541453
TA92903URNf067ff16fcf8e045,100,0.012589533,0.008256639,0.012840366
TA92903URNf067ff16fcf8e045,100,0.013637734,0.008687532,0.013590244
TA92903URNf067ff16fcf8e045,100,0.005899992,0.001527799,0.006085249
TA92903URNf067ff16fcf8e045,100,0.009393184,0.00413733,0.008053302
TA92903URNf067ff16fcf8e045,100,0.012250929,0.009874385,0.011900707
TA92903URNf067ff16fcf8e045,100,0.01168562,0.010102269,0.012748857
TA92903URNf067ff16fcf8e045,100,0.008608043,0.006021939,0.008719447
TA92903URNf067ff16fcf8e045,100,0.008980665,0.005022747,0.008895511
TA92903URNf067ff16fcf8e045,100,0.010818372,0.007601048,0.011093456
TA92903URNf067ff16fcf8e045,100,0.033436233,0.027452925,0.033155214
TA92903URNf067ff16fcf8e045,100,0.005501576,0.003269275,0.005651799
TA92903URNf067ff16fcf8e045,100,0.006703168,0.003153228,0.00693928
TA92903URNf067ff16fcf8e045,100,0.009191709,0.006618758,0.00889632
TA92903URNf067ff16fcf8e045,100,0.007435464,0.004396695,0.007883239
TA92903URNf067ff16fcf8e045,100,0.007063194,0.003626039,0.007400112
TA92903URNf067ff16fcf8e045,100,0.011918137,0.007988209,0.011943947
TA92903URNf067ff16fcf8e045,100,0.003139548,0.001248185,0.003310853
TA92903URNf067ff16fcf8e045,100,0.009296119,0.007118882,0.0107464
TA92903URNf067ff16fcf8e045,100,0.017383146,0.011439861,0.017092651
TA92903URNf067ff16fcf8e045,100,0.011961571,0.008332772,0.012126276
TA92903URNf067ff16fcf8e045,100,0.014629855,0.012875444,0.015140776
TA92903URNf067ff16fcf8e045,100,0.005698159,0.003203505,0.006162002
TA92903URNf067ff16fcf8e045,100,0.011851928,0.008354358,0.012975425
TA92903URNf067ff16fcf8e045,100,0.010636937,0.008213248,0.011299019
TA92903URNf067ff16fcf8e045,100,0.007762045,0.003881572,0.007764752
TA92903URNf067ff16fcf8e045,100,0.009602128,0.00712361,0.010495732
TA92903URNf067ff16fcf8e045,100,0.009906125,0.006420272,0.011287901
TA92903URNf067ff16fcf8e045,100,0.013208112,0.008574913,0.012654084
TA92903URNf067ff16fcf8e045,100,0.018551499,0.0128953,0.017991357
TA92903URNf067ff16fcf8e045,100,0.012424834,0.010440992,0.013404623
TA92903URNf067ff16fcf8e045,100,0.010439049,0.005893418,0.01035779
TA92903URNf067ff16fcf8e045,100,0.019821027,0.014794721,0.02001188
TA92903URNf067ff16fcf8e045,100,0.033438505,0.027914026,0.033440571
TA92903URNf067ff16fcf8e045,100,0.025674172,0.02129485,0.02673526
TA92903URNf067ff16fcf8e045,100,0.011348785,0.004547698,0.009670088
TA92903URNf067ff16fcf8e045,100,0.010739539,0.006248549,0.010990475
TA92903URNf067ff16fcf8e045,100,0.008560853,0.005690548,0.009028547
TA92903URNf067ff16fcf8e045,100,0.005738292,0.003417058,0.007258553
TA92903URNf067ff16fcf8e045,100,0.004714028,0.002939231,0.005843969
TA92903URNf067ff16fcf8e045,100,0.007212799,0.004610364,0.007450082
TA92903URNf067ff16fcf8e045,100,0.005486477,0.002858736,0.005448376
TA92903URNf067ff16fcf8e045,100,0.008882333,0.00538558,0.008121828
TA92903URNf067ff16fcf8e045,100,0.008908181,0.004550692,0.008319755
TA92903URNf067ff16fcf8e045,100,0.013479529,0.00890226,0.013772875
TA92903URNf067ff16fcf8e045,100,0.005371777,0.002687502,0.005434525
TA92903URNf067ff16fcf8e045,100,0.017240102,0.013097773,0.016487961
TA92903URNf067ff16fcf8e045,100,0.028814692,0.024765711,0.02755909
TA92903URNf067ff16fcf8e045,100,0.016108308,0.010986117,0.015331925
TA92903URNf067ff16fcf8e045,100,0.00904857,0.006993372,0.00943384
TA92903URNf067ff16fcf8e045,100,0.010982277,0.007869686,0.011256086
TA92903URNf067ff16fcf8e045,100,0.010873918,0.007807977,0.011334344
TA92903URNf067ff16fcf8e045,100,0.012385752,0.009322082,0.013280498
TA92903URNf067ff16fcf8e045,100,0.008478695,0.005105709,0.007628603
TA92903URNf067ff16fcf8e045,100,0.01274386,0.007835934,0.012210161
TA92903URNf067ff16fcf8e045,100,0.005681922,0.003013898,0.00606995
TA92903URNf067ff16fcf8e045,100,0.007259948,0.006458456,0.009466067
TA92903URNf067ff16fcf8e045,100,0.011734472,0.008496294,0.011004571
TA92903URNf067ff16fcf8e045,100,0.010787696,0.008898809,0.011207531
TA92903URNf067ff16fcf8e045,100,0.007871587,0.004019659,0.008308694
TA92903URNf067ff16fcf8e045,100,0.009680321,0.005217189,0.009957966
TA92903URNf067ff16fcf8e045,100,0.009608338,0.008742668,0.011389338
TA92903URNf067ff16fcf8e045,100,0.010043397,0.00857757,0.011144962
TA92903URNf067ff16fcf8e045,100,0.011717025,0.007678082,0.01206297
TA92903URNf067ff16fcf8e045,100,0.010111134,0.004718607,0.008981115
TA92903URNf067ff16fcf8e045,100,0.014200052,0.011532083,0.015433676
TA92903URNf067ff16fcf8e045,100,0.008663175,0.005493763,0.008783977
TA92903URNf067ff16fcf8e045,100,0.005002395,0.002653768,0.006990287
TA92903URNf067ff16fcf8e045,100,0.012138317,0.007557133,0.011867096
TA92903URNf067ff16fcf8e045,100,0.019481643,0.015071479,0.019275418
TA92903URNf067ff16fcf8e045,100,0.011047097,0.008026522,0.012131481
TA92903URNf067ff16fcf8e045,100,0.006303137,0.002509071,0.006916736
TA92903URNf067ff16fcf8e045,100,0.009548206,0.006819032,0.010871548
TA92903URNf067ff16fcf8e045,100,0.007807498,0.004779975,0.007641534
TA92903URNf067ff16fcf8e045,100,0.009453638,0.0047008,0.009577273
TA92903URNf067ff16fcf8e045,100,0.010482936,0.007540067,0.011384305
TA92903URNf067ff16fcf8e045,100,0.016543078,0.012502433,0.017697259
ZX1B23QFSP48abead89f52e3bb,100,0.007730287,0.009017647,0.005161205
ZX1B23QFSP48abead89f52e3bb,100,0.008808602,0.008749814,0.005028317
ZX1B23QFSP48abead89f52e3bb,100,0.011746825,0.010600104,0.00730128
ZX1B23QFSP48abead89f52e3bb,100,0.010676368,0.011449483,0.006964037
ZX1B23QFSP48abead89f52e3bb,100,0.008634556,0.009933386,0.005027286
ZX1B23QFSP48abead89f52e3bb,100,0.013401243,0.014840708,0.010141129
ZX1B23QFSP48abead89f52e3bb,100,0.007658565,0.008408301,0.004274892
ZX1B23QFSP48abead89f52e3bb,100,0.008366854,0.009923485,0.005641404
ZX1B23QFSP48abead89f52e3bb,100,0.008705015,0.009518644,0.005400392
ZX1B23QFSP48abead89f52e3bb,100,0.007884931,0.008645543,0.004625092
ZX1B23QFSP48abead89f52e3bb,100,0.019051601,0.017290768,0.014612062
ZX1B23QFSP48abead89f52e3bb,100,0.004975167,0.007549113,0.002879001
ZX1B23QFSP48abead89f52e3bb,100,0.004996313,0.005608062,0.001519059
ZX1B23QFSP48abead89f52e3bb,100,0.015614713,0.01466443,0.011335518
ZX1B23QFSP48abead89f52e3bb,100,0.007892962,0.008015135,0.004758152
ZX1B23QFSP48abead89f52e3bb,100,0.005177895,0.007575752,0.002988032
ZX1B23QFSP48abead89f52e3bb,100,0.007323372,0.007406447,0.003524353
ZX1B23QFSP48abead89f52e3bb,100,0.013656871,0.013858301,0.009702672
ZX1B23QFSP48abead89f52e3bb,100,0.007089798,0.008142548,0.004054762
ZX1B23QFSP48abead89f52e3bb,100,0.006897936,0.006004686,0.002617159
ZX1B23QFSP48abead89f52e3bb,100,0.005765902,0.006420674,0.002936742
ZX1B23QFSP48abead89f52e3bb,100,0.006487104,0.006772301,0.0033226
ZX1B23QFSP48abead89f52e3bb,100,0.007543839,0.00743378,0.004150083
ZX1B23QFSP48abead89f52e3bb,100,0.007946416,0.008417952,0.004659497
ZX1B23QFSP48abead89f52e3bb,100,0.007466996,0.008236836,0.004093826
ZX1B23QFSP48abead89f52e3bb,100,0.009353082,0.006249851,0.003532789
ZX1B23QFSP48abead89f52e3bb,100,0.01351701,0.009953837,0.007483601
ZX1B23QFSP48abead89f52e3bb,100,0.010021217,0.009372379,0.005624391
ZX1B23QFSP48abead89f52e3bb,100,0.011013344,0.01022546,0.007075548
ZX1B23QFSP48abead89f52e3bb,100,0.010198012,0.012841176,0.006827618
ZX1B23QFSP48abead89f52e3bb,100,0.007512388,0.006816815,0.003269484
ZX1B23QFSP48abead89f52e3bb,100,0.025152412,0.025986956,0.020430631
ZX1B23QFSP48abead89f52e3bb,100,0.009683063,0.009752503,0.006259619
ZX1B23QFSP48abead89f52e3bb,100,0.007620287,0.008640231,0.004981946
ZX1B23QFSP48abead89f52e3bb,100,0.017323972,0.018174066,0.01332296
ZX1B23QFSP48abead89f52e3bb,100,0.004892501,0.004824395,0.001472701
ZX1B23QFSP48abead89f52e3bb,100,0.008528905,0.006441803,0.004450455
ZX1B23QFSP48abead89f52e3bb,100,0.007579756,0.007843251,0.003774718
ZX1B23QFSP48abead89f52e3bb,100,0.010765235,0.012492829,0.007050175
ZX1B23QFSP48abead89f52e3bb,100,0.00609797,0.00618289,0.002195761
ZX1B23QFSP48abead89f52e3bb,100,0.007818795,0.006824243,0.002987284
ZX1B23QFSP48abead89f52e3bb,100,0.009895528,0.011795049,0.007629203
ZX1B23QFSP48abead89f52e3bb,100,0.017312814,0.014833611,0.011540438
ZX1B23QFSP48abead89f52e3bb,100,0.007492084,0.007672428,0.003769915
ZX1B23QFSP48abead89f52e3bb,100,0.009190324,0.009486633,0.005379549
ZX1B23QFSP48abead89f52e3bb,100,0.010165157,0.010376535,0.006292307
ZX1B23QFSP48abead89f52e3bb,100,0.011149326,0.010809577,0.006446266
ZX1B23QFSP48abead89f52e3bb,100,0.011543895,0.011988118,0.00716109
ZX1B23QFSP48abead89f52e3bb,100,0.007112922,0.009030734,0.004418413
ZX1B23QFSP48abead89f52e3bb,100,0.010064383,0.008497213,0.005694464
ZX1B23QFSP48abead89f52e3bb,100,0.008909424,0.006117667,0.003852519
ZX1B23QFSP48abead89f52e3bb,100,0.011620426,0.009867542,0.00674239
ZX1B23QFSP48abead89f52e3bb,100,0.013807607,0.01475598,0.010246103
ZX1B23QFSP48abead89f52e3bb,100,0.00687358,0.005915389,0.002416441
ZX1B23QFSP48abead89f52e3bb,100,0.008779972,0.008787569,0.005374208
ZX1B23QFSP48abead89f52e3bb,100,0.012198705,0.01246835,0.008165671
ZX1B23QFSP48abead89f52e3bb,100,0.013396901,0.012314876,0.008869221
ZX1B23QFSP48abead89f52e3bb,100,0.006433723,0.006174195,0.002042518
ZX1B23QFSP48abead89f52e3bb,100,0.013094683,0.012391889,0.008193078
ZX1B23QFSP48abead89f52e3bb,100,0.008051661,0.007698596,0.004008222
ZX1B23QFSP48abead89f52e3bb,100,0.010637195,0.008411306,0.00547931
ZX1B23QFSP48abead89f52e3bb,100,0.008365678,0.007948997,0.003948441
ZX1B23QFSP48abead89f52e3bb,100,0.012592665,0.015772923,0.01020584
ZX1B23QFSP48abead89f52e3bb,100,0.006064951,0.005809699,0.002845528
ZX1B23QFSP48abead89f52e3bb,100,0.009816008,0.010614959,0.006733196
ZX1B23QFSP48abead89f52e3bb,100,0.010906113,0.010547596,0.007326693
ZX1B23QFSP48abead89f52e3bb,100,0.010106112,0.008916951,0.005211933
ZX1B23QFSP48abead89f52e3bb,100,0.009738803,0.009145526,0.00576403
ZX1B23QFSP48abead89f52e3bb,100,0.012947371,0.011260059,0.008322072
ZX1B23QFSP48abead89f52e3bb,100,0.007340312,0.008141466,0.004015917
ZX1B23QFSP48abead89f52e3bb,100,0.006731647,0.005493869,0.002318418
ZX1B23QFSP48abead89f52e3bb,100,0.009739127,0.010201522,0.006415587
ZX1B23QFSP48abead89f52e3bb,100,0.012409586,0.009574189,0.006942327
ZX1B23QFSP48abead89f52e3bb,100,0.007609532,0.00746555,0.00359785
ZX1B23QFSP48abead89f52e3bb,100,0.009567096,0.008716549,0.005548618
ZX1B23QFSP48abead89f52e3bb,100,0.010035468,0.007776881,0.005035775
ZX1B23QFSP48abead89f52e3bb,100,0.009351492,0.008407601,0.00441886
ZX1B23QFSP48abead89f52e3bb,100,0.011242766,0.012679392,0.008509338
ZX1B23QFSP48abead89f52e3bb,100,0.011899057,0.011717423,0.007785055
ZX1B23QFSP48abead89f52e3bb,100,0.022759047,0.023573023,0.019831539
ZX1B23QFSP48abead89f52e3bb,100,0.013564896,0.013477834,0.009601891
ZX1B23QFSP48abead89f52e3bb,100,0.005056725,0.003927037,0.000923172
ZX1B23QFSP48abead89f52e3bb,100,0.006400251,0.007104189,0.003444757
ZX1B23QFSP48abead89f52e3bb,100,0.021724143,0.021721986,0.016795921
ZX1B23QFSP48abead89f52e3bb,100,0.008082876,0.0086425,0.004189725
ZX1B23QFSP48abead89f52e3bb,100,0.009298671,0.008649042,0.005644158
ZX1B23QFSP48abead89f52e3bb,100,0.008459059,0.009373877,0.005387082
ZX1B23QFSP48abead89f52e3bb,100,0.011255954,0.009823541,0.00668692
ZX1B23QFSP48abead89f52e3bb,100,0.009037845,0.009695496,0.005340129
ZX1B23QFSP48abead89f52e3bb,100,0.008576357,0.008959728,0.005068717
ZX1B23QFSP48abead89f52e3bb,100,0.017196675,0.017978258,0.0133569
ZX1B23QFSP48abead89f52e3bb,100,0.012424153,0.012369756,0.008890578
ZX1B23QFSP48abead89f52e3bb,100,0.009004428,0.010220987,0.0056283
ZX1B23QFSP48abead89f52e3bb,100,0.007179634,0.008381135,0.003933081
ZX1B23QFSP48abead89f52e3bb,100,0.009900624,0.009923822,0.006039921
ZX1B23QFSP48abead89f52e3bb,100,0.012810223,0.014111671,0.009995433
ZX1B23QFSP48abead89f52e3bb,100,0.00760839,0.008445841,0.004964984
ZX1B23QFSP48abead89f52e3bb,100,0.011021879,0.012369848,0.007404113
ZX1B23QFSP48abead89f52e3bb,100,0.016812571,0.014827051,0.01148322
ZX1B23QFSP48abead89f52e3bb,100,0.00884038,0.008481139,0.004865579
ZX1B23QFSP48abead89f52e3bb,100,0.007227642,0.008349206,0.003717463
ZX1B23QFSP48abead89f52e3bb,100,0.008778358,0.008650054,0.00523344
ZX1B23QFSP48abead89f52e3bb,100,0.008699771,0.008159569,0.004019454
ZX1B23QFSP48abead89f52e3bb,100,0.005718631,0.007081929,0.003268821
ZX1B23QFSP48abead89f52e3bb,100,0.008341512,0.007488094,0.004033674
ZX1B23QFSP48abead89f52e3bb,100,0.006052617,0.00436158,0.001499624
ZX1B23QFSP48abead89f52e3bb,100,0.006826808,0.007047177,0.003401932
ZX1B23QFSP48abead89f52e3bb,100,0.00579856,0.005467049,0.002007706
ZX1B23QFSP48abead89f52e3bb,100,0.011164381,0.011875698,0.007282741
ZX1B23QFSP48abead89f52e3bb,100,0.008203599,0.00902746,0.003969407
ZX1B23QFSP48abead89f52e3bb,100,0.008934032,0.007631774,0.004836645
ZX1B23QFSP48abead89f52e3bb,100,0.010299127,0.00868974,0.005327148
ZX1B23QFSP48abead89f52e3bb,100,0.013472748,0.011902183,0.008116348
ZX1B23QFSP48abead89f52e3bb,100,0.012992622,0.010922384,0.007810182
ZX1B23QFSP48abead89f52e3bb,100,0.011631826,0.008830006,0.006649342
ZX1B23QFSP48abead89f52e3bb,100,0.008304471,0.010369511,0.005321424
ZX1B23QFSP48abead89f52e3bb,100,0.010025991,0.009982684,0.005702571
ZX1B23QFSP48abead89f52e3bb,100,0.006773884,0.006248211,0.002752122
ZX1B23QFSP48abead89f52e3bb,100,0.01286201,0.013410503,0.009071464
ZX1B23QFSP48abead89f52e3bb,100,0.006189544,0.008399563,0.003187666
ZX1B23QFSP48abead89f52e3bb,100,0.008899047,0.011249022,0.006110513
ZX1B23QFSP48abead89f52e3bb,100,0.010458918,0.009387935,0.006515119
ZX1B23QFSP48abead89f52e3bb,100,0.00672074,0.006507,0.003140359
ZX1B23QFSP48abead89f52e3bb,100,0.007002129,0.007608523,0.003775631
ZX1B23QFSP48abead89f52e3bb,100,0.007740024,0.008713178,0.003975893
ZX1B23QFSP48abead89f52e3bb,100,0.008914449,0.008565787,0.005291045
ZX1B23QFSP48abead89f52e3bb,100,0.009551302,0.010110373,0.006434864
ZX1B23QFSP48abead89f52e3bb,100,0.009639052,0.011521739,0.006839736
ZX1B23QFSP48abead89f52e3bb,100,0.007834815,0.008399157,0.004862461
ZX1B23QFSP48abead89f52e3bb,100,0.00838538,0.007955954,0.00495589
ZX1B23QFSP48abead89f52e3bb,100,0.007152858,0.006852318,0.003870335
ZX1B23QFSP48abead89f52e3bb,100,0.012406681,0.012368179,0.008313901
ZX1B23QFSP48abead89f52e3bb,100,0.011269108,0.011824165,0.007259649
ZX1B23QFSP48abead89f52e3bb,100,0.014796652,0.015465044,0.011364296
ZX1B23QFSP48abead89f52e3bb,100,0.00713726,0.006288218,0.003283386
ZX1B23QFSP48abead89f52e3bb,100,0.008949355,0.010863192,0.006107493
ZX1B23QFSP48abead89f52e3bb,100,0.009568151,0.008057116,0.004781971
ZX1B23QFSP48abead89f52e3bb,100,0.011193333,0.01207878,0.008410981
ZX1B23QFSP48abead89f52e3bb,100,0.00909885,0.008592434,0.004975031
ZX1B23QFSP48abead89f52e3bb,100,0.008782008,0.008487586,0.005028579
ZX1B23QFSP48abead89f52e3bb,100,0.007609539,0.007590833,0.004076074
ZX1B23QFSP48abead89f52e3bb,100,0.009664133,0.009317782,0.005556882
ZX1B23QFSP48abead89f52e3bb,100,0.018624213,0.016364179,0.013322566
ZX1B23QFSP48abead89f52e3bb,100,0.004168036,0.00618648,0.001740988
ZX1B23QFSP48abead89f52e3bb,100,0.010574793,0.013258677,0.007691466
ZX1B23QFSP48abead89f52e3bb,100,0.008438202,0.007609798,0.004451873
ZX1B23QFSP48abead89f52e3bb,100,0.009551591,0.008474533,0.004642943
ZX1B23QFSP48abead89f52e3bb,100,0.009455246,0.008096749,0.004947237
ZX1B23QFSP48abead89f52e3bb,100,0.008970493,0.009385504,0.005607019
ZX1B23QFSP48abead89f52e3bb,100,0.009172425,0.008335932,0.004395936
ZX1B23QFSP48abead89f52e3bb,100,0.011125557,0.013306197,0.008450954
ZX1B23QFSP48abead89f52e3bb,100,0.01152505,0.011012101,0.008395409
ZX1B23QFSP48abead89f52e3bb,100,0.007835134,0.007420285,0.003447003
ZX1B23QFSP48abead89f52e3bb,100,0.026025048,0.02428076,0.02110588
ZX1B23QFSP48abead89f52e3bb,100,0.009591732,0.010664842,0.006610117
ZX1B23QFSP48abead89f52e3bb,100,0.015010967,0.014303189,0.010971751
ZX1B23QFSP48abead89f52e3bb,100,0.018487324,0.01787194,0.013713297
ZX1B23QFSP48abead89f52e3bb,100,0.005853936,0.006783584,0.00276514
ZX1B23QFSP48abead89f52e3bb,100,0.007668389,0.007897115,0.004321984
ZX1B23QFSP48abead89f52e3bb,100,0.012634513,0.010209919,0.007390343
ZX1B23QFSP48abead89f52e3bb,100,0.006595739,0.008586922,0.004072171
ZX1B23QFSP48abead89f52e3bb,100,0.004134033,0.00430524,0.000986444
ZX1B23QFSP48abead89f52e3bb,100,0.01294938,0.01117566,0.008496781
ZX1B23QFSP48abead89f52e3bb,100,0.008754841,0.008344637,0.004602189
ZX1B23QFSP48abead89f52e3bb,100,0.012409781,0.013906238,0.008925398
ZX1B23QFSP48abead89f52e3bb,100,0.010245402,0.009177395,0.005846134
ZX1B23QFSP48abead89f52e3bb,100,0.007424981,0.008051985,0.003987913
ZX1B23QFSP48abead89f52e3bb,100,0.006159783,0.007046707,0.002985029
ZX1B23QFSP48abead89f52e3bb,100,0.006153118,0.006964515,0.003325232
ZX1B23QFSP48abead89f52e3bb,100,0.012502618,0.012281852,0.008189112
ZX1B23QFSP48abead89f52e3bb,100,0.007732464,0.006122861,0.003525386
ZX1B23QFSP48abead89f52e3bb,100,0.013475598,0.01167694,0.009288325
ZX1B23QFSP48abead89f52e3bb,100,0.015066361,0.01484724,0.010586929
ZX1B23QFSP48abead89f52e3bb,100,0.016936086,0.014814755,0.012279671
ZX1B23QFSP48abead89f52e3bb,100,0.01179187,0.01307092,0.009303432
ZX1B23QFSP48abead89f52e3bb,100,0.011996779,0.010662353,0.0080736
ZX1B23QFSP48abead89f52e3bb,100,0.008282916,0.007697647,0.00385581
ZX1B23QFSP48abead89f52e3bb,100,0.009616962,0.008114528,0.004969317
ZX1B23QFSP48abead89f52e3bb,100,0.014094759,0.013848739,0.010470324
ZX1B23QFSP48abead89f52e3bb,100,0.009673592,0.008780783,0.005135212
ZX1B23QFSP48abead89f52e3bb,100,0.013130118,0.011125159,0.007727893
ZX1B23QFSP48abead89f52e3bb,100,0.006131161,0.007359807,0.003320322
ZX1B23QFSP48abead89f52e3bb,100,0.009176697,0.010311499,0.006555376
ZX1B23QFSP48abead89f52e3bb,100,0.00774151,0.006930397,0.003761685
ZX1B23QFSP48abead89f52e3bb,100,0.007791994,0.008318105,0.004163012
ZX1B23QFSP48abead89f52e3bb,100,0.037536814,0.040998852,0.034865009
ZX1B23QFSP48abead89f52e3bb,100,0.009778294,0.008738233,0.005397953
ZX1B23QFSP48abead89f52e3bb,100,0.008011882,0.007158096,0.003363066
ZX1B23QFSP48abead89f52e3bb,100,0.010679322,0.011777708,0.007654402
ZX1B23QFSP48abead89f52e3bb,100,0.011233992,0.011297084,0.007940479
ZX1B23QFSP48abead89f52e3bb,100,0.008750541,0.007421559,0.005220981
ZX1B23QFSP48abead89f52e3bb,100,0.005481832,0.005331506,0.001905443
ZX1B23QFSP48abead89f52e3bb,100,0.007956003,0.007914914,0.004514999
ZX1B23QFSP48abead89f52e3bb,100,0.023318556,0.021134222,0.017023787
ZX1B23QFSP48abead89f52e3bb,100,0.013243836,0.014082263,0.010006114
ZX1B23QFSP48abead89f52e3bb,100,0.007632117,0.008202219,0.003802706
ZX1B23QFSP48abead89f52e3bb,100,0.01144889,0.009623452,0.00715638
ZX1B23QFSP48abead89f52e3bb,100,0.008273445,0.008191744,0.004662635
ZX1B23QFSP48abead89f52e3bb,100,0.010483105,0.009902096,0.006172098
ZX1B23QFSP48abead89f52e3bb,100,0.004256174,0.006768552,0.001992813
ZX1B23QFSP48abead89f52e3bb,100,0.010259196,0.009129252,0.0053716
ZX1B23QFSP48abead89f52e3bb,100,0.00789251,0.00818297,0.004701989
ZX1B23QFSP48abead89f52e3bb,100,0.006641343,0.007137813,0.002578874
ZX1B23QFSP48abead89f52e3bb,100,0.00820566,0.00981315,0.005180917
ZX1B23QFSP48abead89f52e3bb,100,0.008862949,0.011252617,0.005686028
ZX1B23QFSP48abead89f52e3bb,100,0.007504913,0.009034595,0.004059431
ZX1B23QFSP48abead89f52e3bb,100,0.008874751,0.009483262,0.005568968
ZX1B23QFSP48abead89f52e3bb,100,0.01332458,0.015115334,0.010795421
ZX1B23QFSP48abead89f52e3bb,100,0.008700408,0.009020803,0.005577732
ZX1B23QFSP48abead89f52e3bb,100,0.006978675,0.008179457,0.004054495
ZX1B23QFSP48abead89f52e3bb,100,0.00457176,0.006090736,0.001528367
ZX1B23QFSP48abead89f52e3bb,100,0.004724553,0.005691868,0.001822395
ZX1B23QFSP48abead89f52e3bb,100,0.010702811,0.01186941,0.007916668
ZX1B23QFSP48abead89f52e3bb,100,0.008166483,0.007783661,0.004451246
ZX1B23QFSP48abead89f52e3bb,100,0.00624335,0.0074703,0.003050728
ZX1B23QFSP48abead89f52e3bb,100,0.00917382,0.00958556,0.005299166
ZX1B23QFSP48abead89f52e3bb,100,0.008644258,0.008091391,0.004940271
ZX1B23QFSP48abead89f52e3bb,100,0.014914167,0.014548865,0.010661341
ZX1B23QFSP48abead89f52e3bb,100,0.01296211,0.011850416,0.008692909
ZX1B23QFSP48abead89f52e3bb,100,0.008856731,0.00904322,0.004983957
ZX1B23QFSP48abead89f52e3bb,100,0.006103657,0.007294412,0.003082561
ZX1B23QFSP48abead89f52e3bb,100,0.009225649,0.011112883,0.006473259
ZX1B23QFSP48abead89f52e3bb,100,0.013630497,0.011719908,0.009002617
ZX1B23QFSP48abead89f52e3bb,100,0.007465246,0.008487033,0.004294424
ZX1B23QFSP48abead89f52e3bb,100,0.009240864,0.007356504,0.004628902
ZX1B23QFSP48abead89f52e3bb,100,0.009871976,0.009005591,0.005362667
ZX1B23QFSP48abead89f52e3bb,100,0.012463629,0.010458482,0.008213439
ZX1B23QFSP48abead89f52e3bb,100,0.015310834,0.013701916,0.009997656
ZX1B23QFSP48abead89f52e3bb,100,0.008997843,0.008036191,0.005016204
ZX1B23QFSP48abead89f52e3bb,100,0.010479997,0.011091382,0.007074099
ZX1B23QFSP48abead89f52e3bb,100,0.0086809,0.006257503,0.003724894
ZX1B23QFSP48abead89f52e3bb,100,0.00603101,0.005111847,0.001895336
ZX1B23QFSP48abead89f52e3bb,100,0.013482455,0.011686708,0.008115636
ZX1B23QFSP48abead89f52e3bb,100,0.01458984,0.015838829,0.01131466
ZX1B23QFSP48abead89f52e3bb,100,0.007789204,0.008219533,0.004150272
ZX1B23QFSP48abead89f52e3bb,100,0.010633003,0.009237013,0.005815183
ZX1B23QFSP48abead89f52e3bb,100,0.010573157,0.010843177,0.00723735
ZX1B23QFSP48abead89f52e3bb,100,0.010365025,0.011361577,0.007365814
ZX1B23QFSP48abead89f52e3bb,100,0.007698195,0.008410891,0.004326231
ZX1B23QFSP48abead89f52e3bb,100,0.007733782,0.007749797,0.004736476
ZX1B23QFSP48abead89f52e3bb,100,0.009886232,0.009636201,0.006316036
ZX1B23QFSP48abead89f52e3bb,100,0.008744011,0.007311457,0.003807306
ZX1B23QFSP48abead89f52e3bb,100,0.00715995,0.006139165,0.002834051
ZX1B23QFSP48abead89f52e3bb,100,0.010552645,0.010526656,0.007120454
ZX1B23QFSP48abead89f52e3bb,100,0.020309565,0.018157986,0.014333079
ZX1B23QFSP48abead89f52e3bb,100,0.00764005,0.009080231,0.00465256
ZX1B23QFSP48abead89f52e3bb,100,0.008340665,0.007908989,0.00496547
ZX1B23QFSP48abead89f52e3bb,100,0.006278822,0.005450713,0.002305064
ZX1B23QFSP48abead89f52e3bb,100,0.011091193,0.01042001,0.006507063
ZX1B23QFSP48abead89f52e3bb,100,0.007890873,0.008310923,0.004222682
ZX1B23QFSP48abead89f52e3bb,100,0.009133495,0.009585742,0.005746382
ZX1B23QFSP48abead89f52e3bb,100,0.010944168,0.010231291,0.006533511
ZX1B23QFSP48abead89f52e3bb,100,0.005444241,0.005678346,0.001849766
ZX1B23QFSP48abead89f52e3bb,100,0.017911476,0.017985237,0.013668759
ZX1B23QFSP48abead89f52e3bb,100,0.005577183,0.005261925,0.002128704
ZX1B23QFSP48abead89f52e3bb,100,0.009111948,0.00931044,0.004988761
ZX1B23QFSP48abead89f52e3bb,100,0.012716154,0.011729583,0.008399058
ZX1B23QFSP48abead89f52e3bb,100,0.015874643,0.015990658,0.011834154
ZX1B23QFSP48abead89f52e3bb,100,0.008055289,0.008485938,0.005073913
ZX1B23QFSP48abead89f52e3bb,100,0.00680891,0.006143087,0.00294484
ZX1B23QFSP48abead89f52e3bb,100,0.013354495,0.012506633,0.009197613
ZX1B23QFSP48abead89f52e3bb,100,0.006108435,0.006922588,0.003011075
ZX1B23QFSP48abead89f52e3bb,100,0.007378162,0.007340435,0.00399256
ZX1B23QFSP48abead89f52e3bb,100,0.007253485,0.008018027,0.003930115
ZX1B23QFSP48abead89f52e3bb,100,0.010171332,0.010281634,0.006092813
ZX1B23QFSP48abead89f52e3bb,100,0.009193309,0.009108905,0.005799262
ZX1B23QFSP48abead89f52e3bb,100,0.005365024,0.004734199,0.001420439
ZX1B23QFSP48abead89f52e3bb,100,0.005778831,0.006796268,0.002545713
ZX1B23QFSP48abead89f52e3bb,100,0.012379889,0.011934103,0.008084744
ZX1B23QFSP48abead89f52e3bb,100,0.014207749,0.012655542,0.009066268
ZX1B23QFSP48abead89f52e3bb,100,0.007957859,0.007033272,0.00409388
ZX1B23QFSP48abead89f52e3bb,100,0.010632999,0.009699467,0.006892962
ZX1B23QFSP48abead89f52e3bb,100,0.016930183,0.018632153,0.013570528
ZX1B23QFSP48abead89f52e3bb,100,0.010971912,0.010348519,0.006352468
ZX1B23QFSP48abead89f52e3bb,100,0.00871906,0.00903315,0.005056444
ZX1B23QFSP48abead89f52e3bb,100,0.007866317,0.00686774,0.003632423
ZX1B23QFSP48abead89f52e3bb,100,0.009219815,0.008782697,0.005381882
ZX1B23QFSP48abead89f52e3bb,100,0.005556029,0.004655302,0.001521031
ZX1B23QFSP48abead89f52e3bb,100,0.008128387,0.007575639,0.004390457
ZX1B23QFSP48abead89f52e3bb,100,0.008238076,0.008037377,0.004203289
ZX1B23QFSP48abead89f52e3bb,100,0.007229626,0.006760224,0.003480417
ZX1B23QFSP48abead89f52e3bb,100,0.029207395,0.028043983,0.024971096
ZX1B23QFSP48abead89f52e3bb,100,0.012590811,0.012558755,0.008744279
ZX1B23QFSP48abead89f52e3bb,100,0.013159158,0.012790015,0.009298845
ZX1B23QFSP48abead89f52e3bb,100,0.024993575,0.025145566,0.021829821
ZX1B23QFSP48abead89f52e3bb,100,0.008046744,0.008613062,0.005223603
ZX1B23QFSP48abead89f52e3bb,100,0.009618415,0.009621737,0.006232098
ZX1B23QFSP48abead89f52e3bb,100,0.014651491,0.015226256,0.011159954
ZX1B23QFSP48abead89f52e3bb,100,0.009881395,0.010393282,0.006775156
ZX1B23QFSP48abead89f52e3bb,100,0.007698489,0.008049038,0.00409909
ZX1B23QFSP48abead89f52e3bb,100,0.01548961,0.013044051,0.009723651
ZX1B23QFSP48abead89f52e3bb,100,0.01480489,0.012404833,0.009288772
ZX1B23QFSP48abead89f52e3bb,100,0.007684361,0.008399783,0.004064533
ZX1B23QFSP48abead89f52e3bb,100,0.007580367,0.009425621,0.004548315
ZX1B23QFSP48abead89f52e3bb,100,0.009157236,0.008904896,0.004998572
ZX1B23QFSP48abead89f52e3bb,100,0.009123107,0.008281257,0.005378067
ZX1B23QFSP48abead89f52e3bb,100,0.009039209,0.009003625,0.005632948
ZX1B23QFSP48abead89f52e3bb,100,0.008453168,0.00944569,0.005452617
ZX1B23QFSP48abead89f52e3bb,100,0.0068566,0.005650638,0.002543549
ZX1B23QFSP48abead89f52e3bb,100,0.006291616,0.004620786,0.001727303
ZX1B23QFSP48abead89f52e3bb,100,0.008875238,0.00884613,0.005242977
ZX1B23QFSP48abead89f52e3bb,100,0.010542019,0.010520672,0.006607833
ZX1B23QFSP48abead89f52e3bb,100,0.010902563,0.009727813,0.006886842
ZX1B23QFSP48abead89f52e3bb,100,0.008505033,0.009320763,0.005962649
ZX1B23QFSP48abead89f52e3bb,100,0.005893565,0.005871785,0.002693384
ZX1B23QFSP48abead89f52e3bb,100,0.008650935,0.009414329,0.00484967
ZX1B23QFSP48abead89f52e3bb,100,0.008039426,0.008200779,0.004855123
ZX1B23QFSP48abead89f52e3bb,100,0.008616891,0.009468589,0.005570822
ZX1B23QFSP48abead89f52e3bb,100,0.00840211,0.008327813,0.005214374
ZX1B23QFSP48abead89f52e3bb,100,0.009199242,0.009330369,0.005411389
ZX1B23QFSP48abead89f52e3bb,100,0.011055572,0.012279893,0.007704241
ZX1B23QFSP48abead89f52e3bb,100,0.009725283,0.010645577,0.00686501
ZX1B23QFSP48abead89f52e3bb,100,0.016271689,0.017325205,0.012744371
ZX1B23QFSP48abead89f52e3bb,100,0.011394896,0.009756686,0.00623682
ZX1B23QFSP48abead89f52e3bb,100,0.01037741,0.010147284,0.005854845
ZX1B23QFSP48abead89f52e3bb,100,0.007191017,0.005296571,0.003323799
ZX1B23QFSP48abead89f52e3bb,100,0.00972396,0.009228177,0.005471625
ZX1B23QFSP48abead89f52e3bb,100,0.010776186,0.010257116,0.007118509
ZX1B23QFSP48abead89f52e3bb,100,0.007310098,0.008681444,0.003762615
ZX1B23QFSP48abead89f52e3bb,100,0.00849084,0.009822857,0.005468539
ZX1B23QFSP48abead89f52e3bb,100,0.009212533,0.010723766,0.006656679
ZX1B23QFSP48abead89f52e3bb,100,0.015043021,0.013422395,0.009751343
ZX1B23QFSP48abead89f52e3bb,100,0.006164532,0.005464934,0.002365222
ZX1B23QFSP48abead89f52e3bb,100,0.00506188,0.006186524,0.002487048
ZX1B23QFSP48abead89f52e3bb,100,0.011069731,0.011228721,0.006504001
ZX1B23QFSP48abead89f52e3bb,100,0.009379586,0.009898277,0.006219674
ZX1B23QFSP48abead89f52e3bb,100,0.014797469,0.015454423,0.010857875
ZX1B23QFSP48abead89f52e3bb,100,0.008998834,0.010647033,0.005886802
ZX1B23QFSP48abead89f52e3bb,100,0.011780164,0.009691171,0.006307538
ZX1B23QFSP48abead89f52e3bb,100,0.013655478,0.014548813,0.010049885
ZX1B23QFSP48abead89f52e3bb,100,0.009932111,0.010486537,0.005827735
ZX1B23QFSP48abead89f52e3bb,100,0.007914948,0.009254709,0.004940415
ZX1B23QFSP48abead89f52e3bb,100,0.008592553,0.010501937,0.005502958
ZX1B23QFSP48abead89f52e3bb,100,0.008091195,0.010237095,0.005495707
ZX1B23QFSP48abead89f52e3bb,100,0.005371917,0.005171677,0.001957465
ZX1B23QFSP48abead89f52e3bb,100,0.012925331,0.01287118,0.00868279
ZX1B23QFSP48abead89f52e3bb,100,0.009007965,0.00937232,0.006110757
ZX1B23QFSP48abead89f52e3bb,100,0.01669546,0.018026285,0.012341091
ZX1B23QFSP48abead89f52e3bb,100,0.007169539,0.007674159,0.004125093
ZX1B23QFSP48abead89f52e3bb,100,0.015217692,0.014229281,0.010534548
ZX1B23QFSP48abead89f52e3bb,100,0.010925542,0.012729256,0.007258373
ZX1B23QFSP48abead89f52e3bb,100,0.005690411,0.004732401,0.001349869
ZX1B23QFSP48abead89f52e3bb,100,0.006557424,0.006247416,0.00270374
ZX1B23QFSP48abead89f52e3bb,100,0.016083775,0.015403327,0.011744032