 PhoneID;DistToCluster1; DistToCluster2; DistToCluster3; Characteristics
ZX1B23QBS53771758c578bbd85;0.727017557;0.730465749;0.730729214;1
ZX1B23QBS53771758c578bbd85;0.107767218;0.111894604;0.111938759;1
ZX1B23QBS53771758c578bbd85;0.026127324;0.030265284;0.030809111;1
ZX1B23QBS53771758c578bbd85;0.004945088;0.008685717;0.008984652;1
ZX1B23QBS53771758c578bbd85;0.009800359;0.012229248;0.012516429;1
ZX1B23QBS53771758c578bbd85;0.001866007;0.006048956;0.006658942;1
ZX1B23QBS53771758c578bbd85;0.008623105;0.012432756;0.013123988;1
ZX1B23QBS53771758c578bbd85;0.005876287;0.01091454;0.010901887;1
ZX1B23QBS53771758c578bbd85;0.005096092;0.009972835;0.008712371;1
ZX1B23QBS53771758c578bbd85;0.003831006;0.008022733;0.008512788;1
ZX1B23QBS53771758c578bbd85;0.006966751;0.009512963;0.011148553;1
ZX1B23QBS53771758c578bbd85;0.011787881;0.016248106;0.016308686;1
ZX1B23QBS53771758c578bbd85;0.007629048;0.012371553;0.012650545;1
ZX1B23QBS53771758c578bbd85;0.025281312;0.028013343;0.029962195;1
ZX1B23QBS53771758c578bbd85;0.009243549;0.012867519;0.013711181;1
ZX1B23QBS53771758c578bbd85;0.006477781;0.010653171;0.010139131;1
ZX1B23QBS53771758c578bbd85;0.007494536;0.011072145;0.011275674;1
ZX1B23QBS53771758c578bbd85;0.011306407;0.013535236;0.014609415;1
ZX1B23QBS53771758c578bbd85;0.004896167;0.008063755;0.00789783;1
ZX1B23QBS53771758c578bbd85;0.005722194;0.009591372;0.010333464;1
ZX1B23QBS53771758c578bbd85;0.002218869;0.005939459;0.005932821;1
ZX1B23QBS53771758c578bbd85;0.002910266;0.004488318;0.006282361;1
ZX1B23QBS53771758c578bbd85;0.005087384;0.008543117;0.008839635;1
ZX1B23QBS53771758c578bbd85;0.007417502;0.012397406;0.012166112;1
ZX1B23QBS53771758c578bbd85;0.00430723;0.00680322;0.007512284;1
ZX1B23QBS53771758c578bbd85;0.008518844;0.011998791;0.011765455;1
ZX1B23QBS53771758c578bbd85;0.004569224;0.007255233;0.00716614;1
ZX1B23QBS53771758c578bbd85;0.007579285;0.010989545;0.010842394;1
ZX1B23QBS53771758c578bbd85;0.00784621;0.0093485;0.010711343;1
ZX1B23QBS53771758c578bbd85;0.009879665;0.014259473;0.015181704;1
ZX1B23QBS53771758c578bbd85;0.004355908;0.00945738;0.010057128;1
ZX1B23QBS53771758c578bbd85;0.005340054;0.008665185;0.008014498;1
ZX1B23QBS53771758c578bbd85;0.003957985;0.007559556;0.008003409;1
ZX1B23QBS53771758c578bbd85;0.010214063;0.0136236;0.013487174;1
ZX1B23QBS53771758c578bbd85;0.006034441;0.008258851;0.009257608;1
ZX1B23QBS53771758c578bbd85;0.003747773;0.005806514;0.008089299;1
ZX1B23QBS53771758c578bbd85;0.007289904;0.011034504;0.011164511;1
ZX1B23QBS53771758c578bbd85;0.003919872;0.008145982;0.007754744;1
ZX1B23QBS53771758c578bbd85;0.00463653;0.007016855;0.008511711;1
ZX1B23QBS53771758c578bbd85;0.007674895;0.008415492;0.008984282;1
ZX1B23QBS53771758c578bbd85;0.003306688;0.005694772;0.006220073;1
ZX1B23QBS53771758c578bbd85;0.010378766;0.016571623;0.01643364;1
ZX1B23QBS53771758c578bbd85;0.007660102;0.011391283;0.012191757;1
ZX1B23QBS53771758c578bbd85;0.010621652;0.015002231;0.014123223;1
ZX1B23QBS53771758c578bbd85;0.009768593;0.013282775;0.013309107;1
ZX1B23QBS53771758c578bbd85;0.005576047;0.008458698;0.009812827;1
ZX1B23QBS53771758c578bbd85;0.010921026;0.014664699;0.014739124;1
ZX1B23QBS53771758c578bbd85;0.017496599;0.021993369;0.022461885;1
ZX1B23QBS53771758c578bbd85;0.006880346;0.012279429;0.011378629;1
ZX1B23QBS53771758c578bbd85;0.010830034;0.013671679;0.015561136;1
ZX1B23QBS53771758c578bbd85;0.006928606;0.010629118;0.010515484;1
ZX1B23QBS53771758c578bbd85;0.006625665;0.011680148;0.010550823;1
ZX1B23QBS53771758c578bbd85;0.006367735;0.011199829;0.011302718;1
ZX1B23QBS53771758c578bbd85;0.009528042;0.01288956;0.011130026;1
ZX1B23QBS53771758c578bbd85;0.003024835;0.008081783;0.007597762;1
ZX1B23QBS53771758c578bbd85;0.005702687;0.008993515;0.009480228;1
ZX1B23QBS53771758c578bbd85;0.008412211;0.012148477;0.012965103;1
ZX1B23QBS53771758c578bbd85;0.005401702;0.007352005;0.007774548;1
ZX1B23QBS53771758c578bbd85;0.004936426;0.007782389;0.00797846;1
ZX1B23QBS53771758c578bbd85;0.006077591;0.011618442;0.010699285;1
ZX1B23QBS53771758c578bbd85;0.010947014;0.013349313;0.015223538;1
ZX1B23QBS53771758c578bbd85;0.005531903;0.009499097;0.010416205;1
ZX1B23QBS53771758c578bbd85;0.00336869;0.004905803;0.005632244;1
ZX1B23QBS53771758c578bbd85;0.006539268;0.014057213;0.012474562;1
ZX1B23QBS53771758c578bbd85;0.005549332;0.008572507;0.008218578;1
ZX1B23QBS53771758c578bbd85;0.005881307;0.008933218;0.010201673;1
ZX1B23QBS53771758c578bbd85;0.003976385;0.00731341;0.00809747;1
ZX1B23QBS53771758c578bbd85;0.005663438;0.010105077;0.00889127;1
ZX1B23QBS53771758c578bbd85;0.003433411;0.008401893;0.007829475;1
ZX1B23QBS53771758c578bbd85;0.00486876;0.008828748;0.008643964;1
ZX1B23QBS53771758c578bbd85;0.004101552;0.006887222;0.00719167;1
ZX1B23QBS53771758c578bbd85;0.007019674;0.011165943;0.010298605;1
ZX1B23QBS53771758c578bbd85;0.008102492;0.015456783;0.014849966;1
ZX1B23QBS53771758c578bbd85;0.003277433;0.006057981;0.00663442;1
ZX1B23QBS53771758c578bbd85;0.011849151;0.016048635;0.015972976;1
ZX1B23QBS53771758c578bbd85;0.006549082;0.007882943;0.00979007;1
ZX1B23QBS53771758c578bbd85;0.007490674;0.008757784;0.009933309;1
ZX1B23QBS53771758c578bbd85;0.012804689;0.017109045;0.0166013;1
ZX1B23QBS53771758c578bbd85;0.008336722;0.010836116;0.011269651;1
ZX1B23QBS53771758c578bbd85;0.002766588;0.006105033;0.007654184;1
ZX1B23QBS53771758c578bbd85;0.004478402;0.006234397;0.007714265;1
ZX1B23QBS53771758c578bbd85;0.008988537;0.009725205;0.010832497;1
ZX1B23QBS53771758c578bbd85;0.006409503;0.011384768;0.010876902;1
ZX1B23QBS53771758c578bbd85;0.008706596;0.01104629;0.012836183;1
ZX1B23QBS53771758c578bbd85;0.006192035;0.008718157;0.008922026;1
ZX1B23QBS53771758c578bbd85;0.012799234;0.016018629;0.016621577;1
ZX1B23QBS53771758c578bbd85;0.007822894;0.010740205;0.01100815;1
ZX1B23QBS53771758c578bbd85;0.011720927;0.015718886;0.015639662;1
ZX1B23QBS53771758c578bbd85;0.005616937;0.00959262;0.010416408;1
ZX1B23QBS53771758c578bbd85;0.008802412;0.011299679;0.011632641;1
ZX1B23QBS53771758c578bbd85;0.006643521;0.010431573;0.011079056;1
ZX1B23QBS53771758c578bbd85;0.002557269;0.004996924;0.005739742;1
ZX1B23QBS53771758c578bbd85;0.005905336;0.012985204;0.011388483;1
ZX1B23QBS53771758c578bbd85;0.010750398;0.015842088;0.015482565;1
ZX1B23QBS53771758c578bbd85;0.444409407;0.444352968;0.442477352;3
ZX1B23QBS53771758c578bbd85;0.006540471;0.010512679;0.010752262;1
ZX1B23QBS53771758c578bbd85;0.005820765;0.010764001;0.010213282;1
ZX1B23QBS53771758c578bbd85;0.009288992;0.012952574;0.01338111;1
ZX1B23QBS53771758c578bbd85;0.009226751;0.012837211;0.012862282;1
ZX1B23QBS53771758c578bbd85;0.011036532;0.015298604;0.015785225;1
ZX1B23QBS53771758c578bbd85;0.007860676;0.012175389;0.012184208;1
ZX1B23QBS53771758c578bbd85;0.010611191;0.013831915;0.013753701;1
ZX1B23QBS53771758c578bbd85;0.013274528;0.018085028;0.016667449;1
ZX1B23QBS53771758c578bbd85;0.009162937;0.012519097;0.013640816;1
ZX1B23QBS53771758c578bbd85;0.006035884;0.00941026;0.010678682;1
ZX1B23QBS53771758c578bbd85;0.02175103;0.026201121;0.026020448;1
ZX1B23QBS53771758c578bbd85;0.01321674;0.017359293;0.017437065;1
ZX1B23QBS53771758c578bbd85;0.006227118;0.010380086;0.009974568;1
ZX1B23QBS53771758c578bbd85;0.003596787;0.006508369;0.006965211;1
ZX1B23QBS53771758c578bbd85;0.007205336;0.010173988;0.01118862;1
ZX1B23QBS53771758c578bbd85;0.003513381;0.00678445;0.007341165;1
ZX1B23QBS53771758c578bbd85;0.009645851;0.011299061;0.012895941;1
ZX1B23QBS53771758c578bbd85;0.006523866;0.009813039;0.009484069;1
ZX1B23QBS53771758c578bbd85;0.002984033;0.005242903;0.005921235;1
ZX1B23QBS53771758c578bbd85;0.01779226;0.019580832;0.020931254;1
ZX1B23QBS53771758c578bbd85;0.006344555;0.008015687;0.008778657;1
ZX1B23QBS53771758c578bbd85;0.013249532;0.0163612;0.017306765;1
ZX1B23QBS53771758c578bbd85;0.007678601;0.011207535;0.0116627;1
ZX1B23QBS53771758c578bbd85;0.005067822;0.00700963;0.007237979;1
ZX1B23QBS53771758c578bbd85;0.023047112;0.025876111;0.025925553;1
ZX1B23QBS53771758c578bbd85;0.00902812;0.013546135;0.013747086;1
ZX1B23QBS53771758c578bbd85;0.006637096;0.009628586;0.010046587;1
ZX1B23QBS53771758c578bbd85;0.003720559;0.007700449;0.007342434;1
ZX1B23QBS53771758c578bbd85;0.001986116;0.00616523;0.006096317;1
ZX1B23QBS53771758c578bbd85;0.004551972;0.007288782;0.007412595;1
ZX1B23QBS53771758c578bbd85;0.008814747;0.012556388;0.012854141;1
ZX1B23QBS53771758c578bbd85;0.006640951;0.010205519;0.010835891;1
ZX1B23QBS53771758c578bbd85;0.026977737;0.031265918;0.031247831;1
ZX1B23QBS53771758c578bbd85;0.008233827;0.010504063;0.011063018;1
ZX1B23QBS53771758c578bbd85;0.005346611;0.008782137;0.009057453;1
ZX1B23QBS53771758c578bbd85;0.008054037;0.013242349;0.012236711;1
ZX1B23QBS53771758c578bbd85;0.003036446;0.008206521;0.007674882;1
ZX1B23QBS53771758c578bbd85;0.006973988;0.008759717;0.009566355;1
ZX1B23QBS53771758c578bbd85;0.017616466;0.020547785;0.020782593;1
ZX1B23QBS53771758c578bbd85;0.032212323;0.033847755;0.034657983;1
ZX1B23QBS53771758c578bbd85;0.012255097;0.016272818;0.016376594;1
ZX1B23QBS53771758c578bbd85;0.00826325;0.01163837;0.01255136;1
ZX1B23QBS53771758c578bbd85;0.003510285;0.007303214;0.008831923;1
ZX1B23QBS53771758c578bbd85;0.00882274;0.013058119;0.013486855;1
ZX1B23QBS53771758c578bbd85;0.010217183;0.013500026;0.013690643;1
ZX1B23QBS53771758c578bbd85;0.011060965;0.014024334;0.014502409;1
ZX1B23QBS53771758c578bbd85;0.007541927;0.013877823;0.013596409;1
ZX1B23QBS53771758c578bbd85;0.005304897;0.00924879;0.009714175;1
ZX1B23QBS53771758c578bbd85;0.006182141;0.005494489;0.008488852;2
ZX1B23QBS53771758c578bbd85;0.008025398;0.00958417;0.012181215;1
ZX1B23QBS53771758c578bbd85;0.005704723;0.00897504;0.008843738;1
ZX1B23QBS53771758c578bbd85;0.002857439;0.00775135;0.007561343;1
ZX1B23QBS53771758c578bbd85;0.00453145;0.005054262;0.006753217;1
ZX1B23QBS53771758c578bbd85;0.011817215;0.016396989;0.017558803;1
ZX1B23QBS53771758c578bbd85;0.005636594;0.008578842;0.008850527;1
ZX1B23QBS53771758c578bbd85;0.018295342;0.022888219;0.022034407;1
ZX1B23QBS53771758c578bbd85;0.009737867;0.014195325;0.015289043;1
ZX1B23QBS53771758c578bbd85;0.010201998;0.01281049;0.014251172;1
ZX1B23QBS53771758c578bbd85;0.004681466;0.008656041;0.008370896;1
ZX1B23QBS53771758c578bbd85;0.009312582;0.012068934;0.012811371;1
ZX1B23QBS53771758c578bbd85;0.003792168;0.005874135;0.006208401;1
ZX1B23QBS53771758c578bbd85;0.005927947;0.009145299;0.01012383;1
ZX1B23QBS53771758c578bbd85;0.013889411;0.016702709;0.017865968;1
ZX1B23QBS53771758c578bbd85;0.00563876;0.007635614;0.007996888;1
ZX1B23QBS53771758c578bbd85;0.009629687;0.011535515;0.012636613;1
ZX1B23QBS53771758c578bbd85;0.019392258;0.020264685;0.021928464;1
ZX1B23QBS53771758c578bbd85;0.015992141;0.020271277;0.020397265;1
ZX1B23QBS53771758c578bbd85;0.009752268;0.012206289;0.013144217;1
ZX1B23QBS53771758c578bbd85;0.007882829;0.010506419;0.011650129;1
ZX1B23QBS53771758c578bbd85;0.008294734;0.011126905;0.012528286;1
ZX1B23QBS53771758c578bbd85;0.013747612;0.015085551;0.015291675;1
ZX1B23QBS53771758c578bbd85;0.00473912;0.008689781;0.009181588;1
ZX1B23QBS53771758c578bbd85;0.013487146;0.016109624;0.01639858;1
ZX1B23QBS53771758c578bbd85;0.022515204;0.026955879;0.026917781;1
ZX1B23QBS53771758c578bbd85;0.00626173;0.006304789;0.006905606;1
ZX1B23QBS53771758c578bbd85;0.003930833;0.005380252;0.006936076;1
ZX1B23QBS53771758c578bbd85;0.010232731;0.014357221;0.014301907;1
ZX1B23QBS53771758c578bbd85;0.003268576;0.006089108;0.007127463;1
ZX1B23QBS53771758c578bbd85;0.008771551;0.0110278;0.01216353;1
ZX1B23QBS53771758c578bbd85;0.014356116;0.019223949;0.019545955;1
ZX1B23QBS53771758c578bbd85;0.002969794;0.004391432;0.005344585;1
ZX1B23QBS53771758c578bbd85;0.004119346;0.008114784;0.008109317;1
ZX1B23QBS53771758c578bbd85;0.006478516;0.012283516;0.011342303;1
ZX1B23QBS53771758c578bbd85;0.008301443;0.010311745;0.011475746;1
ZX1B23QBS53771758c578bbd85;0.007885045;0.014197866;0.012908202;1
ZX1B23QBS53771758c578bbd85;0.005110925;0.00843845;0.008555062;1
ZX1B23QBS53771758c578bbd85;0.014466824;0.018127458;0.017189963;1
ZX1B23QBS53771758c578bbd85;0.006230872;0.009858627;0.010043765;1
ZX1B23QBS53771758c578bbd85;0.009846622;0.010230625;0.011307687;1
ZX1B23QBS53771758c578bbd85;0.012224506;0.014446034;0.015202226;1
ZX1B23QBS53771758c578bbd85;0.009957466;0.014121751;0.013676122;1
ZX1B23QBS53771758c578bbd85;0.006974468;0.009251261;0.009365954;1
ZX1B23QBS53771758c578bbd85;0.006539361;0.009371869;0.009577442;1
ZX1B23QBS53771758c578bbd85;0.009022132;0.012063369;0.01239478;1
ZX1B23QBS53771758c578bbd85;0.010990197;0.011996114;0.013739096;1
ZX1B23QBS53771758c578bbd85;0.009549264;0.014286552;0.015111433;1
ZX1B23QBS53771758c578bbd85;0.006929537;0.008434621;0.009410728;1
ZX1B23QBS53771758c578bbd85;0.003041921;0.007166604;0.007542768;1
ZX1B23QBS53771758c578bbd85;0.004094133;0.007194674;0.007358105;1
ZX1B23QBS53771758c578bbd85;0.010865128;0.012546496;0.013849588;1
ZX1B23QBS53771758c578bbd85;0.006864607;0.011183926;0.011194436;1
ZX1B23QBS53771758c578bbd85;0.00234894;0.002930166;0.005116803;1
ZX1B23QBS53771758c578bbd85;0.014518889;0.019343126;0.019388764;1
ZX1B23QBS53771758c578bbd85;0.003911932;0.008629868;0.009214003;1
ZX1B23QBS53771758c578bbd85;0.010000039;0.014332015;0.014695479;1
ZX1B23QBS53771758c578bbd85;0.005263201;0.007850566;0.009539144;1
ZX1B23QBS53771758c578bbd85;0.011330704;0.016228244;0.015797091;1
ZX1B23QBS53771758c578bbd85;0.0109448;0.013045429;0.015384171;1
ZX1B23QBS53771758c578bbd85;0.010931229;0.016215492;0.016315744;1
ZX1B23QBS53771758c578bbd85;0.007910888;0.010704226;0.011928327;1
ZX1B23QBS53771758c578bbd85;0.007108302;0.009389366;0.009666241;1
ZX1B23QBS53771758c578bbd85;0.011544901;0.015247195;0.016294434;1
ZX1B23QBS53771758c578bbd85;0.008072949;0.010523507;0.011822351;1
ZX1B23QBS53771758c578bbd85;0.005818313;0.008156294;0.010808831;1
ZX1B23QBS53771758c578bbd85;0.015406967;0.017362922;0.018792976;1
ZX1B23QBS53771758c578bbd85;0.006831916;0.010978284;0.012181274;1
ZX1B23QBS53771758c578bbd85;0.002344416;0.005840294;0.006284227;1
ZX1B23QBS53771758c578bbd85;0.008008988;0.012019315;0.012709665;1
ZX1B23QBS53771758c578bbd85;0.001195873;0.003912823;0.004429773;1
ZX1B23QBS53771758c578bbd85;0.025202384;0.029464986;0.029562363;1
ZX1B23QBS53771758c578bbd85;0.014365795;0.017305127;0.017986067;1
ZX1B23QBS53771758c578bbd85;0.025326228;0.029535378;0.029251651;1
ZX1B23QBS53771758c578bbd85;0.002202882;0.005919384;0.006721151;1
ZX1B23QBS53771758c578bbd85;0.003181923;0.00760077;0.007692685;1
ZX1B23QBS53771758c578bbd85;0.010870224;0.013835857;0.013998112;1
ZX1B23QBS53771758c578bbd85;0.012445673;0.017365255;0.017048247;1
ZX1B23QBS53771758c578bbd85;0.007589312;0.009779942;0.010945416;1
ZX1B23QBS53771758c578bbd85;0.027642975;0.029224597;0.030229838;1
ZX1B23QBS53771758c578bbd85;0.003623152;0.008760028;0.008344516;1
ZX1B23QBS53771758c578bbd85;0.003866451;0.008754332;0.008786154;1
ZX1B23QBS53771758c578bbd85;0.025706436;0.030048598;0.030442531;1
ZX1B23QBS53771758c578bbd85;0.003370395;0.006298817;0.005295603;1
ZX1B23QBS53771758c578bbd85;0.004229361;0.007005699;0.007860703;1
ZX1B23QBS53771758c578bbd85;0.005623524;0.007784047;0.008670706;1
ZX1B23QBS53771758c578bbd85;0.032526409;0.036791689;0.036409126;1
ZX1B23QBS53771758c578bbd85;0.006294703;0.010248144;0.009373915;1
ZX1B23QBS53771758c578bbd85;0.008732224;0.012185976;0.012008527;1
ZX1B23QBS53771758c578bbd85;0.013083782;0.018880459;0.017266361;1
ZX1B23QBS53771758c578bbd85;0.002370208;0.005911796;0.006177372;1
ZX1B23QBS53771758c578bbd85;0.004237429;0.008845183;0.00796453;1
ZX1B23QBS53771758c578bbd85;0.007299294;0.013529429;0.012071141;1
ZX1B23QBS53771758c578bbd85;0.008737445;0.010599182;0.012130973;1
ZX1B23QBS53771758c578bbd85;0.006119971;0.009600274;0.010511553;1
ZX1B23QBS53771758c578bbd85;0.004071735;0.006603717;0.006770226;1
ZX1B23QBS53771758c578bbd85;0.010152367;0.012266853;0.01245707;1
ZX1B23QBS53771758c578bbd85;0.006569381;0.007745888;0.009338548;1
ZX1B23QBS53771758c578bbd85;0.00620088;0.010167419;0.010202999;1
ZX1B23QBS53771758c578bbd85;0.004608694;0.006419747;0.007729782;1
ZX1B23QBS53771758c578bbd85;0.008171235;0.012830611;0.012679731;1
ZX1B23QBS53771758c578bbd85;0.002553976;0.005795218;0.007077544;1
ZX1B23QBS53771758c578bbd85;0.002078735;0.005191826;0.005294662;1
ZX1B23QBS53771758c578bbd85;0.005849217;0.009615964;0.008814781;1
ZX1B23QBS53771758c578bbd85;0.005089119;0.007482571;0.008452292;1
ZX1B23QBS53771758c578bbd85;0.00486425;0.008344127;0.008466359;1
ZX1B23QBS53771758c578bbd85;0.006900193;0.010321061;0.010572223;1
ZX1B23QBS53771758c578bbd85;0.010726976;0.014269724;0.015282141;1
ZX1B23QBS53771758c578bbd85;0.425201098;0.429317245;0.427708617;1
ZX1B23QBS53771758c578bbd85;0.005318544;0.008984913;0.008907724;1
ZX1B23QBS53771758c578bbd85;0.008403778;0.009991957;0.010495198;1
ZX1B23QBS53771758c578bbd85;0.017034737;0.021262468;0.021187984;1
ZX1B23QBS53771758c578bbd85;0.003813247;0.0069058;0.007388721;1
ZX1B23QBS53771758c578bbd85;0.002248374;0.006445475;0.006340258;1
ZX1B23QBS53771758c578bbd85;0.009771961;0.014564031;0.014833333;1
ZX1B23QBS53771758c578bbd85;0.006455282;0.009086331;0.009420914;1
ZX1B23QBS53771758c578bbd85;0.005185164;0.009395904;0.008077884;1
ZX1B23QBS53771758c578bbd85;0.007541453;0.009148315;0.011004007;1
ZX1B23QBS53771758c578bbd85;0.007660285;0.010423638;0.009955117;1
ZX1B23QBS53771758c578bbd85;0.020446367;0.021341357;0.021918348;1
ZX1B23QBS53771758c578bbd85;0.006244118;0.010705262;0.010500793;1
ZX1B23QBS53771758c578bbd85;0.007392529;0.010533156;0.011548345;1
ZX1B23QBS53771758c578bbd85;0.00784328;0.013295954;0.011872221;1
ZX1B23QBS53771758c578bbd85;0.003641753;0.008572043;0.008170596;1
ZX1B23QBS53771758c578bbd85;0.016322095;0.020070547;0.021035592;1
ZX1B23QBS53771758c578bbd85;0.006372583;0.009014718;0.009046008;1
ZX1B23QBS53771758c578bbd85;0.003682485;0.00924861;0.00845953;1
ZX1B23QBS53771758c578bbd85;0.01662946;0.021478177;0.021769246;1
ZX1B23QBS53771758c578bbd85;0.009647242;0.014556659;0.01373918;1
ZX1B23QBS53771758c578bbd85;0.007719634;0.011000706;0.011759825;1
ZX1B23QBS53771758c578bbd85;0.006464934;0.010430212;0.01138777;1
ZX1B23QBS53771758c578bbd85;0.004180732;0.006689438;0.00660912;1
ZX1B23QBS53771758c578bbd85;0.013230825;0.01468525;0.015925486;1
ZX1B23QBS53771758c578bbd85;0.007687722;0.008924053;0.010066724;1
ZX1B23QBS53771758c578bbd85;0.00935569;0.01310781;0.012984545;1
ZX1B23QBS53771758c578bbd85;0.00685279;0.009828597;0.009877484;1
ZX1B23QBS53771758c578bbd85;0.004018987;0.005036317;0.005717946;1
ZX1B23QBS53771758c578bbd85;0.004661327;0.00681062;0.007702415;1
ZX1B23QBS53771758c578bbd85;0.007005948;0.010163899;0.010309466;1
ZX1B23QBS53771758c578bbd85;0.009516712;0.013419943;0.014550664;1
ZX1B23QBS53771758c578bbd85;0.006212771;0.009212545;0.008801882;1
ZX1B23QBS53771758c578bbd85;0.010354024;0.013796129;0.014427189;1
ZX1B23QBS53771758c578bbd85;0.004324634;0.006939458;0.007489454;1
ZX1B23QBS53771758c578bbd85;0.007624034;0.008603158;0.010484408;1
ZX1B23QBS53771758c578bbd85;0.007689477;0.010317696;0.011369654;1
ZX1B23QBS53771758c578bbd85;0.006855606;0.009466415;0.009226895;1
ZX1B23QBS53771758c578bbd85;0.005020155;0.008991555;0.008713281;1
ZX1B23QBS53771758c578bbd85;0.006951515;0.01033143;0.01115414;1
ZX1B23QBS53771758c578bbd85;0.008303611;0.012380498;0.011247849;1
ZX1B23QBS53771758c578bbd85;0.020519496;0.022346082;0.023838667;1
ZX1B23QBS53771758c578bbd85;0.00405614;0.007062266;0.007680982;1
ZX1B23QBS53771758c578bbd85;0.003140592;0.005288578;0.007142031;1
ZX1B23QBS53771758c578bbd85;0.005427646;0.008636137;0.008625639;1
ZX1B23QBS53771758c578bbd85;0.005912113;0.010144001;0.009273116;1
ZX1B23QBS53771758c578bbd85;0.006375177;0.010528805;0.010515659;1
ZX1B23QBS53771758c578bbd85;0.01004937;0.012056433;0.013446432;1
ZX1B23QBS53771758c578bbd85;0.003212695;0.008245392;0.007903182;1
ZX1B23QBS53771758c578bbd85;0.008963568;0.011804507;0.013531138;1
ZX1B23QBS53771758c578bbd85;0.008948146;0.010137482;0.012767138;1
ZX1B23QBS53771758c578bbd85;0.007834983;0.015250176;0.013541523;1
ZX1B23QBS53771758c578bbd85;0.008655446;0.011903048;0.011515659;1
ZX1B23QBS53771758c578bbd85;0.028585314;0.031825434;0.032902755;1
ZX1B23QBS53771758c578bbd85;0.023699542;0.027918717;0.027132947;1
ZX1B23QBS53771758c578bbd85;0.005068542;0.009072435;0.009297699;1
ZX1B23QBS53771758c578bbd85;0.007941807;0.008871192;0.010084446;1
ZX1B23QBS53771758c578bbd85;0.006587026;0.00839943;0.00994828;1
ZX1B23QBS53771758c578bbd85;0.005548916;0.007893151;0.009395763;1
ZX1B23QBS53771758c578bbd85;0.008287815;0.012361879;0.011534725;1
ZX1B23QBS53771758c578bbd85;0.007839654;0.012320902;0.011697954;1
ZX1B23QBS53771758c578bbd85;0.005180698;0.00938661;0.009754837;1
ZX1B23QBS53771758c578bbd85;0.008103969;0.012283395;0.013254368;1
ZX1B23QBS53771758c578bbd85;0.007081469;0.010150053;0.010859394;1
ZX1B23QBS53771758c578bbd85;0.016401869;0.021082928;0.020299597;1
ZX1B23QBS53771758c578bbd85;0.010346183;0.015947491;0.014844029;1
ZX1B23QBS53771758c578bbd85;0.00542769;0.011113685;0.01163968;1
ZX1B23QBS53771758c578bbd85;0.008361793;0.011920319;0.012384126;1
ZX1B23QBS53771758c578bbd85;0.016304294;0.020332773;0.021122781;1
ZX1B23QBS53771758c578bbd85;0.002879237;0.004637921;0.006428707;1
ZX1B23QBS53771758c578bbd85;0.002787757;0.006136118;0.007467064;1
ZX1B23QBS53771758c578bbd85;0.010761195;0.015097564;0.015520336;1
ZX1B23QBS53771758c578bbd85;0.007161053;0.009486687;0.010336206;1
ZX1B23QBS53771758c578bbd85;0.003358743;0.007311515;0.006886667;1
ZX1B23QBS53771758c578bbd85;0.013543482;0.017070792;0.01757912;1
ZX1B23QBS53771758c578bbd85;0.004846503;0.00914029;0.008826366;1
ZX1B23QBS53771758c578bbd85;0.004366075;0.008129046;0.007991441;1
ZX1B23QBS53771758c578bbd85;0.008968522;0.012828437;0.014077169;1
ZX1B23QBS53771758c578bbd85;0.007950559;0.010198708;0.011553561;1
ZX1B23QBS53771758c578bbd85;0.015797656;0.019752815;0.020760626;1
ZX1B23QBS53771758c578bbd85;0.008737829;0.013223176;0.013426714;1
ZX1B23QBS53771758c578bbd85;0.008698523;0.011400916;0.011138989;1
ZX1B23QBS53771758c578bbd85;0.009884645;0.015281987;0.013431098;1
ZX1B23QBS53771758c578bbd85;0.010860007;0.012948809;0.013810899;1
ZX1B23QBS53771758c578bbd85;0.008230541;0.01346804;0.013787383;1
ZX1B23QBS53771758c578bbd85;0.006129974;0.009799931;0.010353722;1
ZX1B23QBS53771758c578bbd85;0.006488348;0.010413049;0.010824511;1
ZX1B23QBS53771758c578bbd85;0.007743251;0.008771955;0.010224704;1
ZX1B23QBS53771758c578bbd85;0.01334499;0.015432603;0.015729334;1
ZX1B23QBS53771758c578bbd85;0.005097765;0.009068291;0.008106043;1
ZX1B23QBS53771758c578bbd85;0.013745814;0.015023191;0.015469371;1
ZX1B23QBS53771758c578bbd85;0.005814881;0.010292598;0.010977483;1
ZX1B23QBS53771758c578bbd85;0.004694443;0.01046618;0.00979216;1
ZX1B23QBS53771758c578bbd85;0.008276058;0.010671919;0.012442562;1
ZX1B23QBS53771758c578bbd85;0.002318194;0.007904607;0.006677548;1
ZX1B23QBS53771758c578bbd85;0.006535133;0.011148076;0.010806827;1
ZX1B23QBS53771758c578bbd85;0.003820326;0.009156555;0.008773638;1
ZX1B23QBS53771758c578bbd85;0.007126834;0.010197474;0.01128622;1
ZX1B23QBS53771758c578bbd85;0.007357754;0.010073748;0.011712993;1
ZX1B23QBS53771758c578bbd85;0.009070862;0.012886713;0.011972684;1
ZX1B23QBS53771758c578bbd85;0.003963587;0.00704784;0.007201259;1
ZX1B23QBS53771758c578bbd85;0.007052344;0.010662546;0.010903619;1
ZX1B23QBS53771758c578bbd85;0.007968775;0.011078443;0.011395606;1
ZX1B23QBS53771758c578bbd85;0.009761617;0.010936096;0.012753388;1
ZX1B23QBS53771758c578bbd85;0.007180506;0.009695631;0.010938526;1
ZX1B23QBS53771758c578bbd85;0.005464144;0.007773415;0.007478515;1
ZX1B23QBS53771758c578bbd85;0.009671526;0.011944641;0.0127053;1
ZX1B23QBS53771758c578bbd85;0.006307257;0.010923559;0.011871451;1
ZX1B23QBS53771758c578bbd85;0.016191605;0.0200809;0.020879779;1
ZX1B23QBS53771758c578bbd85;0.007152839;0.011728715;0.011190802;1
ZX1B23QBS53771758c578bbd85;0.013454694;0.019268033;0.018772797;1
ZX1B23QBS53771758c578bbd85;0.008942851;0.016110547;0.014833752;1
ZX1B23QBS53771758c578bbd85;0.003521604;0.007891536;0.007413069;1
ZX1B23QBS53771758c578bbd85;0.007666836;0.0113729;0.011368839;1
ZX1B23QBS53771758c578bbd85;0.007599368;0.01160941;0.011305904;1
ZX1B23QBS53771758c578bbd85;0.010257763;0.012249735;0.012755112;1
ZX1B23QBS53771758c578bbd85;0.007455225;0.011990557;0.012527963;1
ZX1B23QBS53771758c578bbd85;0.008926745;0.012060382;0.013259347;1
ZX1B23QBS53771758c578bbd85;0.007143902;0.012446761;0.011459846;1
ZX1B23QBS53771758c578bbd85;0.006558975;0.01032909;0.010755466;1
ZX1B23QBS53771758c578bbd85;0.00593432;0.01053723;0.009910224;1
ZX1B23QBS53771758c578bbd85;0.010184253;0.012930759;0.014208695;1
ZX1B23QBS53771758c578bbd85;0.006298028;0.008726974;0.008992423;1
ZX1B23QBS53771758c578bbd85;0.00340687;0.009421148;0.007604945;1
ZX1B23QBS53771758c578bbd85;0.011519452;0.015750614;0.015630563;1
ZX1B23QBS53771758c578bbd85;0.007011295;0.010675754;0.01133046;1
ZX1B23QBS53771758c578bbd85;0.008928076;0.010455939;0.010581976;1
ZX1B23QBS53771758c578bbd85;0.008135402;0.0120296;0.012224056;1
ZX1B23QBS53771758c578bbd85;0.009001283;0.01199557;0.011479326;1
ZX1B23QBS53771758c578bbd85;0.006533102;0.010580284;0.010766061;1
ZX1B23QBS53771758c578bbd85;0.0044513;0.004724968;0.006464837;1
ZX1B23QBS53771758c578bbd85;0.025415952;0.029927423;0.029198597;1
ZX1B23QBS53771758c578bbd85;0.008553727;0.011050078;0.011274356;1
ZX1B23QBS53771758c578bbd85;0.003195057;0.007816113;0.007234753;1
ZX1B23QBS53771758c578bbd85;0.008639252;0.011360516;0.01150731;1
ZX1B23QBS53771758c578bbd85;0.00541755;0.00839777;0.009350716;1
ZX1B23QBS53771758c578bbd85;0.011968756;0.016377504;0.015844939;1
ZX1B23QBS53771758c578bbd85;0.025107471;0.027959494;0.029413118;1
ZX1B23QBS53771758c578bbd85;0.003451101;0.005384147;0.005299486;1
ZX1B23QBS53771758c578bbd85;0.006914407;0.009149347;0.0096425;1
ZX1B23QBS53771758c578bbd85;0.007425855;0.011295857;0.012689269;1
ZX1B23QBS53771758c578bbd85;0.002720303;0.007245661;0.007112506;1
ZX1B23QBS53771758c578bbd85;0.0098926;0.015549326;0.014728783;1
ZX1B23QBS53771758c578bbd85;0.012266882;0.014499899;0.016661629;1
ZX1B23QBS53771758c578bbd85;0.006336073;0.010114558;0.010379504;1
ZX1B23QBS53771758c578bbd85;0.005345775;0.0083743;0.008854631;1
ZX1B23QBS53771758c578bbd85;0.004697247;0.008520195;0.007946761;1
ZX1B23QBS53771758c578bbd85;0.007067664;0.008577737;0.009734397;1
ZX1B23QBS53771758c578bbd85;0.022701049;0.026307289;0.027210608;1
ZX1B23QBS53771758c578bbd85;0.008920096;0.014085148;0.01373685;1
ZX1B23QBS53771758c578bbd85;0.00389413;0.006603489;0.007036084;1
ZX1B23QBS53771758c578bbd85;0.010134039;0.013445659;0.012669454;1
ZX1B23QBS53771758c578bbd85;0.008711485;0.014073267;0.014233477;1
ZX1B23QBS53771758c578bbd85;0.009034539;0.012123378;0.013216526;1
ZX1B23QBS53771758c578bbd85;0.011500371;0.017432622;0.017162182;1
ZX1B23QBS53771758c578bbd85;0.006995705;0.010705871;0.010787445;1
ZX1B23QBS53771758c578bbd85;0.005334347;0.006817486;0.008849489;1
ZX1B23QBS53771758c578bbd85;0.00608821;0.01136679;0.011399707;1
ZX1B23QBS53771758c578bbd85;0.005753754;0.008366605;0.009548452;1
ZX1B23QBS53771758c578bbd85;0.027691905;0.03271544;0.032355112;1
ZX1B23QBS53771758c578bbd85;0.008384424;0.011942701;0.012515263;1
ZX1B23QBS53771758c578bbd85;0.017492819;0.020507602;0.020187477;1
ZX1B23QBS53771758c578bbd85;0.007663663;0.013394445;0.012027735;1
ZX1B23QBS53771758c578bbd85;0.004312619;0.006655192;0.006414727;1
ZX1B23QBS53771758c578bbd85;0.003993873;0.007956982;0.008837836;1
ZX1B23QBS53771758c578bbd85;0.005150771;0.009239072;0.008896974;1
ZX1B23QBS53771758c578bbd85;0.00563151;0.009675226;0.010181853;1
ZX1B23QBS53771758c578bbd85;0.009292459;0.013312252;0.013741943;1
ZX1B23QBS53771758c578bbd85;0.008952644;0.011964942;0.013068523;1
ZX1B23QBS53771758c578bbd85;0.004224878;0.008982682;0.009069015;1
ZX1B23QBS53771758c578bbd85;0.018623855;0.022542783;0.023997825;1
ZX1B23QBS53771758c578bbd85;0.005912258;0.010467359;0.010378343;1
ZX1B23QBS53771758c578bbd85;0.014872252;0.019913425;0.019710171;1
ZX1B23QBS53771758c578bbd85;0.010196324;0.014984762;0.014434942;1
ZX1B23QBS53771758c578bbd85;0.004051215;0.00547022;0.007114703;1
ZX1B23QBS53771758c578bbd85;0.00786823;0.012777054;0.01236425;1
ZX1B23QBS53771758c578bbd85;0.025919209;0.029408141;0.029717373;1
ZX1B23QBS53771758c578bbd85;0.004923255;0.007019674;0.008366578;1
ZX1B23QBS53771758c578bbd85;0.003886793;0.00754217;0.008119379;1
ZX1B23QBS53771758c578bbd85;0.005268913;0.010459268;0.010200561;1
ZX1B23QBS53771758c578bbd85;0.0171569;0.021709023;0.02254969;1
ZX1B23QBS53771758c578bbd85;0.00523493;0.007889921;0.008611933;1
ZX1B23QBS53771758c578bbd85;0.008543446;0.012289736;0.013443407;1
ZX1B23QBS53771758c578bbd85;0.008426047;0.012865891;0.012764114;1
ZX1B23QBS53771758c578bbd85;0.006225574;0.009382972;0.011163145;1
ZX1B23QBS53771758c578bbd85;0.026230565;0.028967073;0.029271965;1
ZX1B23QBS53771758c578bbd85;0.008866307;0.013523059;0.013349763;1
ZX1B23QBS53771758c578bbd85;0.005256746;0.00844046;0.00929005;1
ZX1B23QBS53771758c578bbd85;0.006339961;0.011803089;0.010827628;1
ZX1B23QBS53771758c578bbd85;0.006500223;0.011572751;0.010878051;1
ZX1B23QBS53771758c578bbd85;0.00422493;0.007850731;0.007339117;1
ZX1B23QBS53771758c578bbd85;0.003650983;0.006131115;0.007710286;1
ZX1B23QBS53771758c578bbd85;0.007589967;0.011644715;0.012227928;1
ZX1B23QBS53771758c578bbd85;0.007866013;0.012016091;0.012037894;1
ZX1B23QBS53771758c578bbd85;0.002444269;0.004235642;0.004484351;1
ZX1B23QBS53771758c578bbd85;0.012436586;0.017275849;0.016236184;1
ZX1B23QBS53771758c578bbd85;0.011183692;0.012462878;0.014373635;1
ZX1B23QBS53771758c578bbd85;0.046149901;0.05074779;0.050978522;1
ZX1B23QBS53771758c578bbd85;0.008453501;0.011403758;0.010640509;1
ZX1B23QBS53771758c578bbd85;0.004531928;0.008030213;0.008220178;1
ZX1B23QBS53771758c578bbd85;0.008726738;0.010065159;0.01158763;1
ZX1B23QBS53771758c578bbd85;0.003988141;0.007403799;0.008080397;1
ZX1B23QBS53771758c578bbd85;0.006055381;0.010642506;0.010858356;1
ZX1B23QBS53771758c578bbd85;0.005153153;0.009974131;0.008451057;1
ZX1B23QBS53771758c578bbd85;0.003686288;0.008230363;0.008303191;1
ZX1B23QBS53771758c578bbd85;0.005509179;0.009426374;0.009955567;1
ZX1B23QBS53771758c578bbd85;0.005976631;0.00851479;0.009522833;1
ZX1B23QBS53771758c578bbd85;0.017368868;0.018093815;0.019824308;1
ZX1B23QBS53771758c578bbd85;0.023143408;0.0254853;0.026100229;1
ZX1B23QBS53771758c578bbd85;0.005705934;0.00939895;0.010418978;1
ZX1B23QBS53771758c578bbd85;0.007866305;0.012026882;0.012409863;1
ZX1B23QBS53771758c578bbd85;0.011872356;0.01729086;0.01638791;1
ZX1B23QBS53771758c578bbd85;0.008322158;0.012518032;0.013051516;1
ZX1B23QBS53771758c578bbd85;0.005703082;0.009092246;0.009895784;1
ZX1B23QBS53771758c578bbd85;0.007054431;0.009810543;0.010864112;1
ZX1B23QBS53771758c578bbd85;0.026629486;0.029337312;0.029673641;1
ZX1B23QBS53771758c578bbd85;0.003279254;0.006817018;0.00700681;1
ZX1B23QBS53771758c578bbd85;0.008502084;0.012282499;0.012564265;1
ZX1B23QBS53771758c578bbd85;0.007240059;0.00936664;0.010675433;1
ZX1B23QBS53771758c578bbd85;0.010420919;0.011216833;0.011631673;1
ZX1B23QBS53771758c578bbd85;0.009106493;0.011009605;0.012812172;1
ZX1B23QBS53771758c578bbd85;0.004431452;0.006529145;0.007970131;1
ZX1B23QBS53771758c578bbd85;0.009450638;0.012654402;0.013279687;1
ZX1B23QBS53771758c578bbd85;0.018851834;0.021668503;0.023825571;1
ZX1B23QBS53771758c578bbd85;0.006022107;0.009934575;0.009711693;1
ZX1B23QBS53771758c578bbd85;0.012619342;0.01716827;0.016964128;1
ZX1B23QBS53771758c578bbd85;0.005439809;0.008004596;0.008912367;1
ZX1B23QBS53771758c578bbd85;0.006608479;0.00858842;0.01045632;1
ZX1B23QBS53771758c578bbd85;0.002282167;0.006384315;0.006406609;1
ZX1B23QBS53771758c578bbd85;0.006303611;0.008580864;0.009755568;1
ZX1B23QBS53771758c578bbd85;0.002978316;0.008334764;0.007037;1
ZX1B23QBS53771758c578bbd85;0.008628293;0.009364416;0.010748246;1
ZX1B23QBS53771758c578bbd85;0.006571743;0.010406147;0.011373629;1
ZX1B23QBS53771758c578bbd85;0.006171556;0.009015419;0.009032925;1
ZX1B23QBS53771758c578bbd85;0.006406929;0.010445835;0.009891277;1
ZX1B23QBS53771758c578bbd85;0.003784745;0.006297962;0.006710068;1
ZX1B23QBS53771758c578bbd85;0.011059606;0.01517781;0.015243749;1
ZX1B23QBS53771758c578bbd85;0.010459428;0.015232353;0.01441194;1
TA92903URNf067ff16fcf8e045;0.02083737;0.016445738;0.020187111;2
TA92903URNf067ff16fcf8e045;0.009315059;0.006084188;0.009900738;2
TA92903URNf067ff16fcf8e045;0.015482326;0.012069513;0.015002103;2
TA92903URNf067ff16fcf8e045;0.007109734;0.003065543;0.006814066;2
TA92903URNf067ff16fcf8e045;0.01053094;0.00805798;0.012389219;2
TA92903URNf067ff16fcf8e045;0.012532467;0.00819605;0.013385231;2
TA92903URNf067ff16fcf8e045;0.013589791;0.010300951;0.01410186;2
TA92903URNf067ff16fcf8e045;0.010715054;0.006783694;0.010360184;2
TA92903URNf067ff16fcf8e045;0.009551153;0.005938253;0.009871754;2
TA92903URNf067ff16fcf8e045;0.012041299;0.00718997;0.011441205;2
TA92903URNf067ff16fcf8e045;0.00990155;0.006731246;0.010162654;2
TA92903URNf067ff16fcf8e045;0.006863501;0.006699462;0.008918752;2
TA92903URNf067ff16fcf8e045;0.008174693;0.004462305;0.007694538;2
TA92903URNf067ff16fcf8e045;0.013825682;0.011207967;0.014869478;2
TA92903URNf067ff16fcf8e045;0.010034338;0.004885443;0.00983295;2
TA92903URNf067ff16fcf8e045;0.00970909;0.004459518;0.008927992;2
TA92903URNf067ff16fcf8e045;0.010147439;0.006501567;0.01067192;2
TA92903URNf067ff16fcf8e045;0.009954256;0.006515032;0.010388939;2
TA92903URNf067ff16fcf8e045;0.007329852;0.002775752;0.007598934;2
TA92903URNf067ff16fcf8e045;0.017795398;0.014783694;0.018588765;2
TA92903URNf067ff16fcf8e045;0.008006497;0.004350438;0.008588644;2
TA92903URNf067ff16fcf8e045;0.024928053;0.022851434;0.025499198;2
TA92903URNf067ff16fcf8e045;0.010755332;0.006186113;0.010491715;2
TA92903URNf067ff16fcf8e045;0.016259376;0.012800074;0.017747806;2
TA92903URNf067ff16fcf8e045;0.008657141;0.005809182;0.008699021;2
TA92903URNf067ff16fcf8e045;0.006676576;0.003974156;0.007367242;2
TA92903URNf067ff16fcf8e045;0.007683611;0.004853932;0.008465061;2
TA92903URNf067ff16fcf8e045;0.009881119;0.006527551;0.010210434;2
TA92903URNf067ff16fcf8e045;0.009253867;0.006343174;0.010145787;2
TA92903URNf067ff16fcf8e045;0.011142764;0.007242443;0.011185965;2
TA92903URNf067ff16fcf8e045;0.012756195;0.00976551;0.013750572;2
TA92903URNf067ff16fcf8e045;0.007061261;0.003452446;0.006949066;2
TA92903URNf067ff16fcf8e045;0.007743421;0.004334813;0.008247933;2
TA92903URNf067ff16fcf8e045;0.015470595;0.010290431;0.014563164;2
TA92903URNf067ff16fcf8e045;0.012895192;0.008572387;0.012412836;2
TA92903URNf067ff16fcf8e045;0.011890918;0.007111525;0.012363713;2
TA92903URNf067ff16fcf8e045;0.010298542;0.006600359;0.010014984;2
TA92903URNf067ff16fcf8e045;0.005702008;0.00274825;0.005897852;2
TA92903URNf067ff16fcf8e045;0.009192048;0.008420776;0.010775035;2
TA92903URNf067ff16fcf8e045;0.006719159;0.0038011;0.006672458;2
TA92903URNf067ff16fcf8e045;0.017763759;0.013710147;0.018572993;2
TA92903URNf067ff16fcf8e045;0.009759713;0.006108073;0.00966698;2
TA92903URNf067ff16fcf8e045;0.011614992;0.007522165;0.012074505;2
TA92903URNf067ff16fcf8e045;0.005866356;0.007647095;0.00744504;1
TA92903URNf067ff16fcf8e045;0.006281235;0.004217378;0.006284535;2
TA92903URNf067ff16fcf8e045;0.013623746;0.010626502;0.014922276;2
TA92903URNf067ff16fcf8e045;0.005263518;0.001907435;0.004253741;2
TA92903URNf067ff16fcf8e045;0.006798508;0.005580073;0.008126585;2
TA92903URNf067ff16fcf8e045;0.007722717;0.004069631;0.007872031;2
TA92903URNf067ff16fcf8e045;0.010789654;0.005812694;0.010294307;2
TA92903URNf067ff16fcf8e045;0.012726592;0.009958197;0.012559432;2
TA92903URNf067ff16fcf8e045;0.015899;0.01309439;0.015994454;2
TA92903URNf067ff16fcf8e045;0.005508324;0.002875279;0.005977537;2
TA92903URNf067ff16fcf8e045;0.014551615;0.010871971;0.015033741;2
TA92903URNf067ff16fcf8e045;0.013613958;0.010680905;0.013568526;2
TA92903URNf067ff16fcf8e045;0.015034383;0.011396948;0.015724117;2
TA92903URNf067ff16fcf8e045;0.00704895;0.003456985;0.007131934;2
TA92903URNf067ff16fcf8e045;0.010661503;0.006111733;0.01121971;2
TA92903URNf067ff16fcf8e045;0.013320218;0.007178403;0.012419068;2
TA92903URNf067ff16fcf8e045;0.011692216;0.009613819;0.01272674;2
TA92903URNf067ff16fcf8e045;0.012385925;0.006091021;0.012401546;2
TA92903URNf067ff16fcf8e045;0.008095845;0.004726985;0.008838382;2
TA92903URNf067ff16fcf8e045;0.005926126;0.003668579;0.006429879;2
TA92903URNf067ff16fcf8e045;0.015816521;0.012443847;0.016044687;2
TA92903URNf067ff16fcf8e045;0.006479386;0.004331848;0.00784628;2
TA92903URNf067ff16fcf8e045;0.009120416;0.005334928;0.010110723;2
TA92903URNf067ff16fcf8e045;0.006493988;0.002989143;0.007119646;2
TA92903URNf067ff16fcf8e045;0.00744567;0.004092426;0.007383992;2
TA92903URNf067ff16fcf8e045;0.012404946;0.009187149;0.012959359;2
TA92903URNf067ff16fcf8e045;0.010432458;0.007087528;0.010994005;2
TA92903URNf067ff16fcf8e045;0.012571459;0.009824058;0.014025837;2
TA92903URNf067ff16fcf8e045;0.018542561;0.01697819;0.019977223;2
TA92903URNf067ff16fcf8e045;0.010629343;0.006809796;0.011017166;2
TA92903URNf067ff16fcf8e045;0.010100067;0.005778308;0.009647129;2
TA92903URNf067ff16fcf8e045;0.009397685;0.007106549;0.010942116;2
TA92903URNf067ff16fcf8e045;0.0154144;0.012281592;0.015875243;2
TA92903URNf067ff16fcf8e045;0.014632482;0.010644793;0.014940408;2
TA92903URNf067ff16fcf8e045;0.006773676;0.00396617;0.008004119;2
TA92903URNf067ff16fcf8e045;0.012671144;0.009894135;0.013213631;2
TA92903URNf067ff16fcf8e045;0.009312758;0.004722053;0.008960773;2
TA92903URNf067ff16fcf8e045;0.018152822;0.012885491;0.017801653;2
TA92903URNf067ff16fcf8e045;0.012844792;0.008375374;0.013157576;2
TA92903URNf067ff16fcf8e045;0.012430332;0.010014736;0.012580169;2
TA92903URNf067ff16fcf8e045;0.025769566;0.021668006;0.02516589;2
TA92903URNf067ff16fcf8e045;0.006504793;0.004839819;0.00810972;2
TA92903URNf067ff16fcf8e045;0.011340767;0.00799799;0.012211752;2
TA92903URNf067ff16fcf8e045;0.01352157;0.009967999;0.013929544;2
TA92903URNf067ff16fcf8e045;0.009960363;0.007752079;0.010969444;2
TA92903URNf067ff16fcf8e045;0.011534488;0.007391058;0.012211501;2
TA92903URNf067ff16fcf8e045;0.010592461;0.007547902;0.011104395;2
TA92903URNf067ff16fcf8e045;0.005924507;0.001966476;0.006568943;2
TA92903URNf067ff16fcf8e045;0.017086612;0.012544795;0.015882794;2
TA92903URNf067ff16fcf8e045;0.010768646;0.007903232;0.010957449;2
TA92903URNf067ff16fcf8e045;0.014355787;0.011734574;0.015506263;2
TA92903URNf067ff16fcf8e045;0.007043481;0.00555103;0.006989292;2
TA92903URNf067ff16fcf8e045;0.017133996;0.013656562;0.017666036;2
TA92903URNf067ff16fcf8e045;0.021637117;0.01815676;0.021607616;2
TA92903URNf067ff16fcf8e045;0.025883486;0.021671263;0.025285346;2
TA92903URNf067ff16fcf8e045;0.009503638;0.005255984;0.010008859;2
TA92903URNf067ff16fcf8e045;0.016604779;0.010632502;0.015814515;2
TA92903URNf067ff16fcf8e045;0.007124195;0.00312198;0.008246979;2
TA92903URNf067ff16fcf8e045;0.010199738;0.007089997;0.010235102;2
TA92903URNf067ff16fcf8e045;0.009689023;0.008775855;0.010939026;2
TA92903URNf067ff16fcf8e045;0.010103464;0.007132651;0.010529234;2
TA92903URNf067ff16fcf8e045;0.010781087;0.007752676;0.012664099;2
TA92903URNf067ff16fcf8e045;0.011118158;0.008688238;0.012301684;2
TA92903URNf067ff16fcf8e045;0.007665945;0.00481748;0.008257925;2
TA92903URNf067ff16fcf8e045;0.007596916;0.005683461;0.008158139;2
TA92903URNf067ff16fcf8e045;0.022904222;0.018160456;0.02341681;2
TA92903URNf067ff16fcf8e045;0.006779636;0.002793615;0.00701302;2
TA92903URNf067ff16fcf8e045;0.006337741;0.004741312;0.008174187;2
TA92903URNf067ff16fcf8e045;0.013983163;0.008440868;0.013885599;2
TA92903URNf067ff16fcf8e045;0.006187509;0.004216662;0.007028208;2
TA92903URNf067ff16fcf8e045;0.015567345;0.010330479;0.015415109;2
TA92903URNf067ff16fcf8e045;0.009909783;0.00531;0.009357786;2
TA92903URNf067ff16fcf8e045;0.010496656;0.005825876;0.010588032;2
TA92903URNf067ff16fcf8e045;0.014144616;0.010707508;0.014367026;2
TA92903URNf067ff16fcf8e045;0.011683466;0.009091432;0.013065319;2
TA92903URNf067ff16fcf8e045;0.011307521;0.009898537;0.012343822;2
TA92903URNf067ff16fcf8e045;0.006633995;0.003762595;0.006759656;2
TA92903URNf067ff16fcf8e045;0.009573889;0.006791108;0.010952493;2
TA92903URNf067ff16fcf8e045;0.009580863;0.00610256;0.009209997;2
TA92903URNf067ff16fcf8e045;0.009703105;0.008069901;0.010306847;2
TA92903URNf067ff16fcf8e045;0.007166687;0.0043749;0.007722552;2
TA92903URNf067ff16fcf8e045;0.007150456;0.004113329;0.007020648;2
TA92903URNf067ff16fcf8e045;0.013825548;0.008132382;0.013211923;2
TA92903URNf067ff16fcf8e045;0.009246937;0.006268681;0.010517995;2
TA92903URNf067ff16fcf8e045;0.007249017;0.00340918;0.00807986;2
TA92903URNf067ff16fcf8e045;0.012542718;0.008237247;0.012919058;2
TA92903URNf067ff16fcf8e045;0.008089092;0.005351565;0.008602099;2
TA92903URNf067ff16fcf8e045;0.02919341;0.025765492;0.029100321;2
TA92903URNf067ff16fcf8e045;0.004850669;0.003382964;0.006132402;2
TA92903URNf067ff16fcf8e045;0.00756429;0.005426727;0.008633758;2
TA92903URNf067ff16fcf8e045;0.007061394;0.004737034;0.007901387;2
TA92903URNf067ff16fcf8e045;0.007413197;0.004767302;0.007628334;2
TA92903URNf067ff16fcf8e045;0.012082935;0.007636223;0.012612672;2
TA92903URNf067ff16fcf8e045;0.012874432;0.008765064;0.012924814;2
TA92903URNf067ff16fcf8e045;0.012996818;0.00965337;0.013167792;2
TA92903URNf067ff16fcf8e045;0.007668095;0.003858598;0.007485881;2
TA92903URNf067ff16fcf8e045;0.009188458;0.005832819;0.008789081;2
TA92903URNf067ff16fcf8e045;0.005859438;0.002152607;0.00533096;2
TA92903URNf067ff16fcf8e045;0.015320226;0.011314517;0.015053864;2
TA92903URNf067ff16fcf8e045;0.008259119;0.003382776;0.008432259;2
TA92903URNf067ff16fcf8e045;0.01288665;0.008334268;0.012638439;2
TA92903URNf067ff16fcf8e045;0.010481156;0.007220496;0.011026122;2
TA92903URNf067ff16fcf8e045;0.008437224;0.00655465;0.008269859;2
TA92903URNf067ff16fcf8e045;0.006077421;0.004738808;0.007041931;2
TA92903URNf067ff16fcf8e045;0.012132713;0.00790395;0.012503968;2
TA92903URNf067ff16fcf8e045;0.015304735;0.010621349;0.014830488;2
TA92903URNf067ff16fcf8e045;0.011477347;0.007049863;0.011663061;2
TA92903URNf067ff16fcf8e045;0.007561186;0.005229365;0.008213075;2
TA92903URNf067ff16fcf8e045;0.020288746;0.017585579;0.021051881;2
TA92903URNf067ff16fcf8e045;0.013755455;0.009855786;0.013518823;2
TA92903URNf067ff16fcf8e045;0.016374307;0.012138736;0.016808679;2
TA92903URNf067ff16fcf8e045;0.014205671;0.011457239;0.013752427;2
TA92903URNf067ff16fcf8e045;0.010285858;0.004568013;0.009916991;2
TA92903URNf067ff16fcf8e045;0.012381672;0.006866698;0.012171678;2
TA92903URNf067ff16fcf8e045;0.00582118;0.004281716;0.007448923;2
TA92903URNf067ff16fcf8e045;0.010074366;0.006256868;0.010756283;2
TA92903URNf067ff16fcf8e045;0.010422514;0.006346623;0.010709015;2
TA92903URNf067ff16fcf8e045;0.009702954;0.005976972;0.009114919;2
TA92903URNf067ff16fcf8e045;0.009172378;0.005680088;0.009854373;2
TA92903URNf067ff16fcf8e045;0.004297507;0.002710625;0.005519568;2
TA92903URNf067ff16fcf8e045;0.012169702;0.008795034;0.012256211;2
TA92903URNf067ff16fcf8e045;0.008764538;0.005322673;0.008251378;2
TA92903URNf067ff16fcf8e045;0.010511271;0.006513401;0.010581373;2
TA92903URNf067ff16fcf8e045;0.009047819;0.005916134;0.00976747;2
TA92903URNf067ff16fcf8e045;0.025356721;0.022022053;0.026614205;2
TA92903URNf067ff16fcf8e045;0.00981997;0.004934419;0.010090071;2
TA92903URNf067ff16fcf8e045;0.011686017;0.008164039;0.012991254;2
TA92903URNf067ff16fcf8e045;0.01396591;0.008891754;0.013473884;2
TA92903URNf067ff16fcf8e045;0.009018564;0.003679338;0.008666297;2
TA92903URNf067ff16fcf8e045;0.060294279;0.05644991;0.061296993;2
TA92903URNf067ff16fcf8e045;0.007047286;0.00571375;0.008727492;2
TA92903URNf067ff16fcf8e045;0.010202687;0.006921653;0.009936697;2
TA92903URNf067ff16fcf8e045;0.017394397;0.013672968;0.017966527;2
TA92903URNf067ff16fcf8e045;0.013331132;0.011057884;0.014047368;2
TA92903URNf067ff16fcf8e045;0.014238062;0.00953681;0.014433307;2
TA92903URNf067ff16fcf8e045;0.007595223;0.005026593;0.008478596;2
TA92903URNf067ff16fcf8e045;0.015078279;0.011312199;0.015238934;2
TA92903URNf067ff16fcf8e045;0.011416344;0.007668773;0.011340226;2
TA92903URNf067ff16fcf8e045;0.012687045;0.009145413;0.012501064;2
TA92903URNf067ff16fcf8e045;0.008401729;0.004283506;0.00844492;2
TA92903URNf067ff16fcf8e045;0.008267584;0.003876364;0.008716414;2
TA92903URNf067ff16fcf8e045;0.007354651;0.00405138;0.008790259;2
TA92903URNf067ff16fcf8e045;0.008130319;0.004027551;0.008371649;2
TA92903URNf067ff16fcf8e045;0.007767053;0.006473635;0.009440742;2
TA92903URNf067ff16fcf8e045;0.034438117;0.030323267;0.035298488;2
TA92903URNf067ff16fcf8e045;0.007062348;0.003564925;0.008316066;2
TA92903URNf067ff16fcf8e045;0.006499867;0.002641815;0.006276491;2
TA92903URNf067ff16fcf8e045;0.010804135;0.007092479;0.01104923;2
TA92903URNf067ff16fcf8e045;0.00992931;0.0063391;0.009399115;2
TA92903URNf067ff16fcf8e045;0.007960048;0.004727706;0.008452156;2
TA92903URNf067ff16fcf8e045;0.010900023;0.008045871;0.011183938;2
TA92903URNf067ff16fcf8e045;0.01802207;0.012696035;0.016336645;2
TA92903URNf067ff16fcf8e045;0.009278877;0.006114881;0.009296685;2
TA92903URNf067ff16fcf8e045;0.009340376;0.004748803;0.009759713;2
TA92903URNf067ff16fcf8e045;0.008146365;0.006155729;0.009272641;2
TA92903URNf067ff16fcf8e045;0.012087588;0.011473718;0.013393062;2
TA92903URNf067ff16fcf8e045;0.008904109;0.006956973;0.008868496;2
TA92903URNf067ff16fcf8e045;0.011592399;0.008468074;0.013160434;2
TA92903URNf067ff16fcf8e045;0.010346252;0.006950176;0.012306039;2
TA92903URNf067ff16fcf8e045;0.011917395;0.008825933;0.011721075;2
TA92903URNf067ff16fcf8e045;0.011660149;0.007700518;0.012864551;2
TA92903URNf067ff16fcf8e045;0.013536548;0.008672024;0.013239933;2
TA92903URNf067ff16fcf8e045;0.007116474;0.004634179;0.006923654;2
TA92903URNf067ff16fcf8e045;0.011958911;0.009336573;0.012837947;2
TA92903URNf067ff16fcf8e045;0.016763029;0.013055563;0.017414786;2
TA92903URNf067ff16fcf8e045;0.008424684;0.004486277;0.008091926;2
TA92903URNf067ff16fcf8e045;0.012144251;0.009903737;0.013141989;2
TA92903URNf067ff16fcf8e045;0.012996202;0.008183775;0.012659703;2
TA92903URNf067ff16fcf8e045;0.006229682;0.003230467;0.007339783;2
TA92903URNf067ff16fcf8e045;0.007276433;0.006120438;0.008908264;2
TA92903URNf067ff16fcf8e045;0.014374309;0.01074692;0.014888008;2
TA92903URNf067ff16fcf8e045;0.013184376;0.009870276;0.013653145;2
TA92903URNf067ff16fcf8e045;0.013255062;0.008600876;0.012906841;2
TA92903URNf067ff16fcf8e045;0.024272227;0.022090952;0.025331943;2
TA92903URNf067ff16fcf8e045;0.008479084;0.00439886;0.008148716;2
TA92903URNf067ff16fcf8e045;0.012783843;0.009923064;0.012956426;2
TA92903URNf067ff16fcf8e045;0.005773305;0.002709538;0.006322497;2
TA92903URNf067ff16fcf8e045;0.007797076;0.003613624;0.008505743;2
TA92903URNf067ff16fcf8e045;0.028513343;0.02312205;0.028835283;2
TA92903URNf067ff16fcf8e045;0.006580166;0.003538961;0.007059093;2
TA92903URNf067ff16fcf8e045;0.011560177;0.008190473;0.011927084;2
TA92903URNf067ff16fcf8e045;0.035572505;0.030432585;0.035163312;2
TA92903URNf067ff16fcf8e045;0.00945955;0.005836854;0.010519228;2
TA92903URNf067ff16fcf8e045;0.005825261;0.004057934;0.007404853;2
TA92903URNf067ff16fcf8e045;0.025049553;0.022072082;0.025888836;2
TA92903URNf067ff16fcf8e045;0.011709524;0.008185866;0.010699964;2
TA92903URNf067ff16fcf8e045;0.008521894;0.007540128;0.0111271;2
TA92903URNf067ff16fcf8e045;0.00728649;0.003699851;0.006597798;2
TA92903URNf067ff16fcf8e045;0.009918647;0.006283857;0.009042013;2
TA92903URNf067ff16fcf8e045;0.010844602;0.006850896;0.010495983;2
TA92903URNf067ff16fcf8e045;0.034202788;0.030151961;0.034332526;2
TA92903URNf067ff16fcf8e045;0.004542718;0.002794966;0.005092192;2
TA92903URNf067ff16fcf8e045;0.009224219;0.00705722;0.010212611;2
TA92903URNf067ff16fcf8e045;0.010325718;0.005658749;0.009372506;2
TA92903URNf067ff16fcf8e045;0.005072924;0.001863374;0.005263602;2
TA92903URNf067ff16fcf8e045;0.010430312;0.007055272;0.010615895;2
TA92903URNf067ff16fcf8e045;0.011126523;0.007908121;0.011570439;2
TA92903URNf067ff16fcf8e045;0.011430367;0.008345433;0.011108464;2
TA92903URNf067ff16fcf8e045;0.027503102;0.024459326;0.028522839;2
TA92903URNf067ff16fcf8e045;0.009803334;0.006694845;0.010437147;2
TA92903URNf067ff16fcf8e045;0.018870508;0.013828097;0.019097783;2
TA92903URNf067ff16fcf8e045;0.009875239;0.007287535;0.011038025;2
TA92903URNf067ff16fcf8e045;0.00825666;0.004526617;0.007203513;2
TA92903URNf067ff16fcf8e045;0.005788554;0.00183643;0.005613105;2
TA92903URNf067ff16fcf8e045;0.007279671;0.005026241;0.008217372;2
TA92903URNf067ff16fcf8e045;0.009442538;0.005325757;0.008665163;2
TA92903URNf067ff16fcf8e045;0.009511709;0.005429572;0.009696509;2
TA92903URNf067ff16fcf8e045;0.008519299;0.004781646;0.00801709;2
TA92903URNf067ff16fcf8e045;0.010142244;0.006435846;0.011308177;2
TA92903URNf067ff16fcf8e045;0.016722067;0.011937715;0.016419754;2
TA92903URNf067ff16fcf8e045;0.009686052;0.005285773;0.009066338;2
TA92903URNf067ff16fcf8e045;0.027148056;0.02234854;0.027266797;2
TA92903URNf067ff16fcf8e045;0.006729463;0.003737328;0.006561578;2
TA92903URNf067ff16fcf8e045;0.025742179;0.021242487;0.026014525;2
TA92903URNf067ff16fcf8e045;0.00994851;0.005843873;0.009579256;2
TA92903URNf067ff16fcf8e045;0.006959509;0.003314118;0.007800444;2
TA92903URNf067ff16fcf8e045;0.005332428;0.002671724;0.006641013;2
TA92903URNf067ff16fcf8e045;0.013411744;0.010417609;0.013518784;2
TA92903URNf067ff16fcf8e045;0.009798691;0.006238175;0.009918709;2
TA92903URNf067ff16fcf8e045;0.009741859;0.006432865;0.009849136;2
TA92903URNf067ff16fcf8e045;0.01497416;0.009915897;0.015873773;2
TA92903URNf067ff16fcf8e045;0.009978366;0.006706428;0.011758856;2
TA92903URNf067ff16fcf8e045;0.023224224;0.019901453;0.023453042;2
TA92903URNf067ff16fcf8e045;0.01037247;0.007657022;0.01045849;2
TA92903URNf067ff16fcf8e045;0.011893802;0.008040958;0.012433873;2
TA92903URNf067ff16fcf8e045;0.006654578;0.003962368;0.006564704;2
TA92903URNf067ff16fcf8e045;0.005413469;0.00469906;0.007541453;2
TA92903URNf067ff16fcf8e045;0.012589533;0.008256639;0.012840366;2
TA92903URNf067ff16fcf8e045;0.013637734;0.008687532;0.013590244;2
TA92903URNf067ff16fcf8e045;0.005899992;0.001527799;0.006085249;2
TA92903URNf067ff16fcf8e045;0.009393184;0.00413733;0.008053302;2
TA92903URNf067ff16fcf8e045;0.012250929;0.009874385;0.011900707;2
TA92903URNf067ff16fcf8e045;0.01168562;0.010102269;0.012748857;2
TA92903URNf067ff16fcf8e045;0.008608043;0.006021939;0.008719447;2
TA92903URNf067ff16fcf8e045;0.008980665;0.005022747;0.008895511;2
TA92903URNf067ff16fcf8e045;0.010818372;0.007601048;0.011093456;2
TA92903URNf067ff16fcf8e045;0.033436233;0.027452925;0.033155214;2
TA92903URNf067ff16fcf8e045;0.005501576;0.003269275;0.005651799;2
TA92903URNf067ff16fcf8e045;0.006703168;0.003153228;0.00693928;2
TA92903URNf067ff16fcf8e045;0.009191709;0.006618758;0.00889632;2
TA92903URNf067ff16fcf8e045;0.007435464;0.004396695;0.007883239;2
TA92903URNf067ff16fcf8e045;0.007063194;0.003626039;0.007400112;2
TA92903URNf067ff16fcf8e045;0.011918137;0.007988209;0.011943947;2
TA92903URNf067ff16fcf8e045;0.003139548;0.001248185;0.003310853;2
TA92903URNf067ff16fcf8e045;0.009296119;0.007118882;0.0107464;2
TA92903URNf067ff16fcf8e045;0.017383146;0.011439861;0.017092651;2
TA92903URNf067ff16fcf8e045;0.011961571;0.008332772;0.012126276;2
TA92903URNf067ff16fcf8e045;0.014629855;0.012875444;0.015140776;2
TA92903URNf067ff16fcf8e045;0.005698159;0.003203505;0.006162002;2
TA92903URNf067ff16fcf8e045;0.011851928;0.008354358;0.012975425;2
TA92903URNf067ff16fcf8e045;0.010636937;0.008213248;0.011299019;2
TA92903URNf067ff16fcf8e045;0.007762045;0.003881572;0.007764752;2
TA92903URNf067ff16fcf8e045;0.009602128;0.00712361;0.010495732;2
TA92903URNf067ff16fcf8e045;0.009906125;0.006420272;0.011287901;2
TA92903URNf067ff16fcf8e045;0.013208112;0.008574913;0.012654084;2
TA92903URNf067ff16fcf8e045;0.018551499;0.0128953;0.017991357;2
TA92903URNf067ff16fcf8e045;0.012424834;0.010440992;0.013404623;2
TA92903URNf067ff16fcf8e045;0.010439049;0.005893418;0.01035779;2
TA92903URNf067ff16fcf8e045;0.019821027;0.014794721;0.02001188;2
TA92903URNf067ff16fcf8e045;0.033438505;0.027914026;0.033440571;2
TA92903URNf067ff16fcf8e045;0.025674172;0.02129485;0.02673526;2
TA92903URNf067ff16fcf8e045;0.011348785;0.004547698;0.009670088;2
TA92903URNf067ff16fcf8e045;0.010739539;0.006248549;0.010990475;2
TA92903URNf067ff16fcf8e045;0.008560853;0.005690548;0.009028547;2
TA92903URNf067ff16fcf8e045;0.005738292;0.003417058;0.007258553;2
TA92903URNf067ff16fcf8e045;0.004714028;0.002939231;0.005843969;2
TA92903URNf067ff16fcf8e045;0.007212799;0.004610364;0.007450082;2
TA92903URNf067ff16fcf8e045;0.005486477;0.002858736;0.005448376;2
TA92903URNf067ff16fcf8e045;0.008882333;0.00538558;0.008121828;2
TA92903URNf067ff16fcf8e045;0.008908181;0.004550692;0.008319755;2
TA92903URNf067ff16fcf8e045;0.013479529;0.00890226;0.013772875;2
TA92903URNf067ff16fcf8e045;0.005371777;0.002687502;0.005434525;2
TA92903URNf067ff16fcf8e045;0.017240102;0.013097773;0.016487961;2
TA92903URNf067ff16fcf8e045;0.028814692;0.024765711;0.02755909;2
TA92903URNf067ff16fcf8e045;0.016108308;0.010986117;0.015331925;2
TA92903URNf067ff16fcf8e045;0.00904857;0.006993372;0.00943384;2
TA92903URNf067ff16fcf8e045;0.010982277;0.007869686;0.011256086;2
TA92903URNf067ff16fcf8e045;0.010873918;0.007807977;0.011334344;2
TA92903URNf067ff16fcf8e045;0.012385752;0.009322082;0.013280498;2
TA92903URNf067ff16fcf8e045;0.008478695;0.005105709;0.007628603;2
TA92903URNf067ff16fcf8e045;0.01274386;0.007835934;0.012210161;2
TA92903URNf067ff16fcf8e045;0.005681922;0.003013898;0.00606995;2
TA92903URNf067ff16fcf8e045;0.007259948;0.006458456;0.009466067;2
TA92903URNf067ff16fcf8e045;0.011734472;0.008496294;0.011004571;2
TA92903URNf067ff16fcf8e045;0.010787696;0.008898809;0.011207531;2
TA92903URNf067ff16fcf8e045;0.007871587;0.004019659;0.008308694;2
TA92903URNf067ff16fcf8e045;0.009680321;0.005217189;0.009957966;2
TA92903URNf067ff16fcf8e045;0.009608338;0.008742668;0.011389338;2
TA92903URNf067ff16fcf8e045;0.010043397;0.00857757;0.011144962;2
TA92903URNf067ff16fcf8e045;0.011717025;0.007678082;0.01206297;2
TA92903URNf067ff16fcf8e045;0.010111134;0.004718607;0.008981115;2
TA92903URNf067ff16fcf8e045;0.014200052;0.011532083;0.015433676;2
TA92903URNf067ff16fcf8e045;0.008663175;0.005493763;0.008783977;2
TA92903URNf067ff16fcf8e045;0.005002395;0.002653768;0.006990287;2
TA92903URNf067ff16fcf8e045;0.012138317;0.007557133;0.011867096;2
TA92903URNf067ff16fcf8e045;0.019481643;0.015071479;0.019275418;2
TA92903URNf067ff16fcf8e045;0.011047097;0.008026522;0.012131481;2
TA92903URNf067ff16fcf8e045;0.006303137;0.002509071;0.006916736;2
TA92903URNf067ff16fcf8e045;0.009548206;0.006819032;0.010871548;2
TA92903URNf067ff16fcf8e045;0.007807498;0.004779975;0.007641534;2
TA92903URNf067ff16fcf8e045;0.009453638;0.0047008;0.009577273;2
TA92903URNf067ff16fcf8e045;0.010482936;0.007540067;0.011384305;2
TA92903URNf067ff16fcf8e045;0.016543078;0.012502433;0.017697259;2
TA92903URNf067ff16fcf8e045;0.005768237;0.002520995;0.006021884;2
TA92903URNf067ff16fcf8e045;0.018340167;0.014442542;0.018056965;2
TA92903URNf067ff16fcf8e045;0.010498679;0.00731136;0.011364559;2
TA92903URNf067ff16fcf8e045;0.007495571;0.004399869;0.008591297;2
TA92903URNf067ff16fcf8e045;0.017924761;0.015857841;0.018543596;2
TA92903URNf067ff16fcf8e045;0.007803631;0.006776331;0.009046185;2
TA92903URNf067ff16fcf8e045;0.02664928;0.023359277;0.026907432;2
TA92903URNf067ff16fcf8e045;0.011062883;0.008877102;0.010919047;2
TA92903URNf067ff16fcf8e045;0.014338327;0.009635063;0.013865539;2
TA92903URNf067ff16fcf8e045;0.010326364;0.006764646;0.010250527;2
TA92903URNf067ff16fcf8e045;0.013044007;0.00689606;0.013062957;2
TA92903URNf067ff16fcf8e045;0.013730289;0.00953751;0.014461699;2
TA92903URNf067ff16fcf8e045;0.025357637;0.022843598;0.026111907;2
TA92903URNf067ff16fcf8e045;0.006552222;0.002183801;0.005956199;2
TA92903URNf067ff16fcf8e045;0.013448275;0.011472051;0.014897455;2
TA92903URNf067ff16fcf8e045;0.011182189;0.008756431;0.011634545;2
TA92903URNf067ff16fcf8e045;0.105861066;0.101905692;0.106297444;2
TA92903URNf067ff16fcf8e045;0.030574643;0.024684006;0.030137092;2
TA92903URNf067ff16fcf8e045;0.01004796;0.007404245;0.009998726;2
TA92903URNf067ff16fcf8e045;0.036501157;0.033472651;0.037926173;2
TA92903URNf067ff16fcf8e045;0.010064077;0.007590107;0.010858847;2
TA92903URNf067ff16fcf8e045;0.013402422;0.009539127;0.01296038;2
TA92903URNf067ff16fcf8e045;0.017330634;0.011434466;0.016577112;2
TA92903URNf067ff16fcf8e045;0.015236315;0.009474414;0.014110473;2
TA92903URNf067ff16fcf8e045;0.015729758;0.01058495;0.015967873;2
TA92903URNf067ff16fcf8e045;0.01154989;0.006302012;0.009791537;2
TA92903URNf067ff16fcf8e045;0.014377788;0.010841193;0.014535783;2
TA92903URNf067ff16fcf8e045;0.013486758;0.011369243;0.013856443;2
TA92903URNf067ff16fcf8e045;0.008779063;0.006781001;0.009256916;2
TA92903URNf067ff16fcf8e045;0.006468029;0.004174995;0.007396885;2
TA92903URNf067ff16fcf8e045;0.00965657;0.005834399;0.010015231;2
TA92903URNf067ff16fcf8e045;0.007478926;0.004073191;0.008223532;2
TA92903URNf067ff16fcf8e045;0.006041324;0.004473967;0.007103705;2
TA92903URNf067ff16fcf8e045;0.020411942;0.01649011;0.019940936;2
TA92903URNf067ff16fcf8e045;0.008316106;0.004944886;0.008436001;2
TA92903URNf067ff16fcf8e045;0.018882427;0.014572846;0.019597356;2
TA92903URNf067ff16fcf8e045;0.006431958;0.004907497;0.007377414;2
TA92903URNf067ff16fcf8e045;0.011258816;0.006391283;0.010076652;2
TA92903URNf067ff16fcf8e045;0.009783464;0.008484583;0.010559507;2
TA92903URNf067ff16fcf8e045;0.008523566;0.003426543;0.007758234;2
TA92903URNf067ff16fcf8e045;0.007520644;0.004399389;0.007847688;2
TA92903URNf067ff16fcf8e045;0.009894322;0.006107605;0.010566884;2
TA92903URNf067ff16fcf8e045;0.009774035;0.00624975;0.010420914;2
TA92903URNf067ff16fcf8e045;0.012146626;0.009329682;0.011977773;2
TA92903URNf067ff16fcf8e045;0.007785055;0.003351339;0.007445603;2
TA92903URNf067ff16fcf8e045;0.004327735;0.00318408;0.005961169;2
TA92903URNf067ff16fcf8e045;0.017036244;0.011607037;0.015324473;2
TA92903URNf067ff16fcf8e045;0.009035942;0.006090927;0.008387283;2
TA92903URNf067ff16fcf8e045;0.013999276;0.009247997;0.014689049;2
TA92903URNf067ff16fcf8e045;0.010455816;0.007291814;0.011033731;2
TA92903URNf067ff16fcf8e045;0.007547178;0.005128211;0.009713902;2
TA92903URNf067ff16fcf8e045;0.011946564;0.008878329;0.011920782;2
TA92903URNf067ff16fcf8e045;0.010975006;0.008438161;0.011207518;2
TA92903URNf067ff16fcf8e045;0.009186858;0.004261854;0.009093542;2
TA92903URNf067ff16fcf8e045;0.011757325;0.006288846;0.010672723;2
TA92903URNf067ff16fcf8e045;0.009361611;0.005389029;0.008839794;2
TA92903URNf067ff16fcf8e045;0.00754344;0.004680036;0.008795398;2
TA92903URNf067ff16fcf8e045;0.006471517;0.004403388;0.005829803;2
TA92903URNf067ff16fcf8e045;0.031554253;0.028507238;0.032542606;2
TA92903URNf067ff16fcf8e045;0.027177293;0.024404391;0.026807192;2
TA92903URNf067ff16fcf8e045;0.006598176;0.003228627;0.007279628;2
TA92903URNf067ff16fcf8e045;0.010699148;0.007206552;0.010873933;2
TA92903URNf067ff16fcf8e045;0.01504553;0.008974987;0.01422536;2
TA92903URNf067ff16fcf8e045;0.031704941;0.027134423;0.032023812;2
TA92903URNf067ff16fcf8e045;0.007759206;0.003784344;0.008432444;2
TA92903URNf067ff16fcf8e045;0.026382765;0.022448681;0.026207523;2
TA92903URNf067ff16fcf8e045;0.011197639;0.009541917;0.012399666;2
TA92903URNf067ff16fcf8e045;0.010530393;0.005800972;0.011112156;2
TA92903URNf067ff16fcf8e045;0.004602669;0.002572382;0.005736257;2
TA92903URNf067ff16fcf8e045;0.011443963;0.006633967;0.011133276;2
TA92903URNf067ff16fcf8e045;0.033265568;0.028112916;0.032516512;2
TA92903URNf067ff16fcf8e045;0.012077084;0.008413545;0.012050089;2
TA92903URNf067ff16fcf8e045;0.012097167;0.006988367;0.012658049;2
TA92903URNf067ff16fcf8e045;0.008653346;0.006172534;0.009364377;2
TA92903URNf067ff16fcf8e045;0.009559637;0.005785231;0.009797333;2
TA92903URNf067ff16fcf8e045;0.015901322;0.011865347;0.016521095;2
TA92903URNf067ff16fcf8e045;0.012014839;0.007337584;0.012921706;2
TA92903URNf067ff16fcf8e045;0.029922334;0.027074345;0.030385193;2
TA92903URNf067ff16fcf8e045;0.007920383;0.005650302;0.008363619;2
TA92903URNf067ff16fcf8e045;0.008485916;0.006040336;0.009182079;2
TA92903URNf067ff16fcf8e045;0.016385834;0.010996827;0.016345867;2
TA92903URNf067ff16fcf8e045;0.005358482;0.002551091;0.005528685;2
TA92903URNf067ff16fcf8e045;0.005853769;0.003796729;0.006905367;2
TA92903URNf067ff16fcf8e045;0.023170581;0.020839035;0.023621369;2
TA92903URNf067ff16fcf8e045;0.00687657;0.00341609;0.007087266;2
TA92903URNf067ff16fcf8e045;0.011804234;0.00780698;0.012573575;2
TA92903URNf067ff16fcf8e045;0.009033505;0.006681979;0.009478979;2
TA92903URNf067ff16fcf8e045;0.01201959;0.009625669;0.013126313;2
TA92903URNf067ff16fcf8e045;0.013739296;0.009287966;0.014024394;2
TA92903URNf067ff16fcf8e045;0.016871583;0.013602055;0.01682207;2
TA92903URNf067ff16fcf8e045;0.00617263;0.00369672;0.005886615;2
TA92903URNf067ff16fcf8e045;0.008559576;0.005783004;0.008965105;2
TA92903URNf067ff16fcf8e045;0.014689916;0.010794598;0.014711184;2
TA92903URNf067ff16fcf8e045;0.0060585;0.00471223;0.007646965;2
TA92903URNf067ff16fcf8e045;0.009718889;0.005857987;0.01033734;2
TA92903URNf067ff16fcf8e045;0.012588388;0.007219311;0.011737162;2
TA92903URNf067ff16fcf8e045;0.01318017;0.008656236;0.013473895;2
TA92903URNf067ff16fcf8e045;0.014018284;0.010070061;0.014234833;2
TA92903URNf067ff16fcf8e045;0.011409173;0.009044606;0.013789408;2
TA92903URNf067ff16fcf8e045;0.012510607;0.008452246;0.011913574;2
TA92903URNf067ff16fcf8e045;0.011348485;0.009113546;0.011907983;2
TA92903URNf067ff16fcf8e045;0.006591404;0.004567211;0.0079812;2
TA92903URNf067ff16fcf8e045;0.034411699;0.031070166;0.033963865;2
TA92903URNf067ff16fcf8e045;0.009580262;0.005706018;0.010602286;2
TA92903URNf067ff16fcf8e045;0.013029239;0.010840843;0.013142892;2
TA92903URNf067ff16fcf8e045;0.004691112;0.003242772;0.00565887;2
TA92903URNf067ff16fcf8e045;0.015774397;0.011777419;0.014901745;2
TA92903URNf067ff16fcf8e045;0.014505339;0.010502565;0.014895803;2
TA92903URNf067ff16fcf8e045;0.006431361;0.002764932;0.00696755;2
TA92903URNf067ff16fcf8e045;0.007978648;0.003673674;0.008443437;2
TA92903URNf067ff16fcf8e045;0.006703989;0.003188782;0.007707125;2
TA92903URNf067ff16fcf8e045;0.008050365;0.005605934;0.009003068;2
TA92903URNf067ff16fcf8e045;0.016643595;0.010002854;0.01537251;2
TA92903URNf067ff16fcf8e045;0.01365276;0.01100228;0.014352407;2
TA92903URNf067ff16fcf8e045;0.029626001;0.026270758;0.030645583;2
TA92903URNf067ff16fcf8e045;0.007888835;0.004675732;0.008181094;2
TA92903URNf067ff16fcf8e045;0.018557085;0.016115114;0.020183528;2
TA92903URNf067ff16fcf8e045;0.006739277;0.004577627;0.006889824;2
TA92903URNf067ff16fcf8e045;0.01075009;0.005969802;0.010125399;2
TA92903URNf067ff16fcf8e045;0.006059719;0.00351048;0.006243019;2
TA92903URNf067ff16fcf8e045;0.009581996;0.005798361;0.009460569;2
TA92903URNf067ff16fcf8e045;0.011455089;0.009053431;0.011898287;2
TA92903URNf067ff16fcf8e045;0.007535435;0.004843498;0.008040743;2
TA92903URNf067ff16fcf8e045;0.007220854;0.002533731;0.0073137;2
TA92903URNf067ff16fcf8e045;0.011389789;0.006055853;0.010558579;2
TA92903URNf067ff16fcf8e045;0.022396184;0.019909115;0.023196553;2
TA92903URNf067ff16fcf8e045;0.011220877;0.005722892;0.009562362;2
TA92903URNf067ff16fcf8e045;0.027676023;0.024778091;0.028620543;2
TA92903URNf067ff16fcf8e045;0.015361626;0.011076722;0.015928304;2
TA92903URNf067ff16fcf8e045;0.008800598;0.004531601;0.008839015;2
TA92903URNf067ff16fcf8e045;0.011528301;0.006818211;0.011568477;2
TA92903URNf067ff16fcf8e045;0.00660183;0.003872253;0.006719972;2
TA92903URNf067ff16fcf8e045;0.005814043;0.003886598;0.006502529;2
TA92903URNf067ff16fcf8e045;0.009975897;0.00584221;0.009722943;2
TA92903URNf067ff16fcf8e045;0.032801663;0.030828208;0.033911105;2
TA92903URNf067ff16fcf8e045;0.009499394;0.0056323;0.00956056;2
TA92903URNf067ff16fcf8e045;0.027681943;0.026045206;0.029193413;2
TA92903URNf067ff16fcf8e045;0.007856597;0.004218464;0.007768468;2
TA92903URNf067ff16fcf8e045;0.007343178;0.003908556;0.007829618;2
TA92903URNf067ff16fcf8e045;0.010650419;0.005089417;0.00990132;2
TA92903URNf067ff16fcf8e045;0.015493587;0.009577806;0.014630745;2
TA92903URNf067ff16fcf8e045;0.012680529;0.007960777;0.011424546;2
TA92903URNf067ff16fcf8e045;0.011003055;0.007092677;0.011620952;2
TA92903URNf067ff16fcf8e045;0.014897882;0.010520682;0.015761747;2
TA92903URNf067ff16fcf8e045;0.011056721;0.006289044;0.011508544;2
TA92903URNf067ff16fcf8e045;0.010417435;0.006366858;0.010347208;2
TA92903URNf067ff16fcf8e045;0.004734931;0.004330065;0.006670768;2
TA92903URNf067ff16fcf8e045;0.007881013;0.004929456;0.008767134;2
TA92903URNf067ff16fcf8e045;0.008951784;0.004560235;0.008422961;2
ZX1B23QFSP48abead89f52e3bb;0.007730287;0.009017647;0.005161205;3
ZX1B23QFSP48abead89f52e3bb;0.008808602;0.008749814;0.005028317;3
ZX1B23QFSP48abead89f52e3bb;0.011746825;0.010600104;0.00730128;3
ZX1B23QFSP48abead89f52e3bb;0.010676368;0.011449483;0.006964037;3
ZX1B23QFSP48abead89f52e3bb;0.008634556;0.009933386;0.005027286;3
ZX1B23QFSP48abead89f52e3bb;0.013401243;0.014840708;0.010141129;3
ZX1B23QFSP48abead89f52e3bb;0.007658565;0.008408301;0.004274892;3
ZX1B23QFSP48abead89f52e3bb;0.008366854;0.009923485;0.005641404;3
ZX1B23QFSP48abead89f52e3bb;0.008705015;0.009518644;0.005400392;3
ZX1B23QFSP48abead89f52e3bb;0.007884931;0.008645543;0.004625092;3
ZX1B23QFSP48abead89f52e3bb;0.019051601;0.017290768;0.014612062;3
ZX1B23QFSP48abead89f52e3bb;0.004975167;0.007549113;0.002879001;3
ZX1B23QFSP48abead89f52e3bb;0.004996313;0.005608062;0.001519059;3
ZX1B23QFSP48abead89f52e3bb;0.015614713;0.01466443;0.011335518;3
ZX1B23QFSP48abead89f52e3bb;0.007892962;0.008015135;0.004758152;3
ZX1B23QFSP48abead89f52e3bb;0.005177895;0.007575752;0.002988032;3
ZX1B23QFSP48abead89f52e3bb;0.007323372;0.007406447;0.003524353;3
ZX1B23QFSP48abead89f52e3bb;0.013656871;0.013858301;0.009702672;3
ZX1B23QFSP48abead89f52e3bb;0.007089798;0.008142548;0.004054762;3
ZX1B23QFSP48abead89f52e3bb;0.006897936;0.006004686;0.002617159;3
ZX1B23QFSP48abead89f52e3bb;0.005765902;0.006420674;0.002936742;3
ZX1B23QFSP48abead89f52e3bb;0.006487104;0.006772301;0.0033226;3
ZX1B23QFSP48abead89f52e3bb;0.007543839;0.00743378;0.004150083;3
ZX1B23QFSP48abead89f52e3bb;0.007946416;0.008417952;0.004659497;3
ZX1B23QFSP48abead89f52e3bb;0.007466996;0.008236836;0.004093826;3
ZX1B23QFSP48abead89f52e3bb;0.009353082;0.006249851;0.003532789;3
ZX1B23QFSP48abead89f52e3bb;0.01351701;0.009953837;0.007483601;3
ZX1B23QFSP48abead89f52e3bb;0.010021217;0.009372379;0.005624391;3
ZX1B23QFSP48abead89f52e3bb;0.011013344;0.01022546;0.007075548;3
ZX1B23QFSP48abead89f52e3bb;0.010198012;0.012841176;0.006827618;3
ZX1B23QFSP48abead89f52e3bb;0.007512388;0.006816815;0.003269484;3
ZX1B23QFSP48abead89f52e3bb;0.025152412;0.025986956;0.020430631;3
ZX1B23QFSP48abead89f52e3bb;0.009683063;0.009752503;0.006259619;3
ZX1B23QFSP48abead89f52e3bb;0.007620287;0.008640231;0.004981946;3
ZX1B23QFSP48abead89f52e3bb;0.017323972;0.018174066;0.01332296;3
ZX1B23QFSP48abead89f52e3bb;0.004892501;0.004824395;0.001472701;3
ZX1B23QFSP48abead89f52e3bb;0.008528905;0.006441803;0.004450455;3
ZX1B23QFSP48abead89f52e3bb;0.007579756;0.007843251;0.003774718;3
ZX1B23QFSP48abead89f52e3bb;0.010765235;0.012492829;0.007050175;3
ZX1B23QFSP48abead89f52e3bb;0.00609797;0.00618289;0.002195761;3
ZX1B23QFSP48abead89f52e3bb;0.007818795;0.006824243;0.002987284;3
ZX1B23QFSP48abead89f52e3bb;0.009895528;0.011795049;0.007629203;3
ZX1B23QFSP48abead89f52e3bb;0.017312814;0.014833611;0.011540438;3
ZX1B23QFSP48abead89f52e3bb;0.007492084;0.007672428;0.003769915;3
ZX1B23QFSP48abead89f52e3bb;0.009190324;0.009486633;0.005379549;3
ZX1B23QFSP48abead89f52e3bb;0.010165157;0.010376535;0.006292307;3
ZX1B23QFSP48abead89f52e3bb;0.011149326;0.010809577;0.006446266;3
ZX1B23QFSP48abead89f52e3bb;0.011543895;0.011988118;0.00716109;3
ZX1B23QFSP48abead89f52e3bb;0.007112922;0.009030734;0.004418413;3
ZX1B23QFSP48abead89f52e3bb;0.010064383;0.008497213;0.005694464;3
ZX1B23QFSP48abead89f52e3bb;0.008909424;0.006117667;0.003852519;3
ZX1B23QFSP48abead89f52e3bb;0.011620426;0.009867542;0.00674239;3
ZX1B23QFSP48abead89f52e3bb;0.013807607;0.01475598;0.010246103;3
ZX1B23QFSP48abead89f52e3bb;0.00687358;0.005915389;0.002416441;3
ZX1B23QFSP48abead89f52e3bb;0.008779972;0.008787569;0.005374208;3
ZX1B23QFSP48abead89f52e3bb;0.012198705;0.01246835;0.008165671;3
ZX1B23QFSP48abead89f52e3bb;0.013396901;0.012314876;0.008869221;3
ZX1B23QFSP48abead89f52e3bb;0.006433723;0.006174195;0.002042518;3
ZX1B23QFSP48abead89f52e3bb;0.013094683;0.012391889;0.008193078;3
ZX1B23QFSP48abead89f52e3bb;0.008051661;0.007698596;0.004008222;3
ZX1B23QFSP48abead89f52e3bb;0.010637195;0.008411306;0.00547931;3
ZX1B23QFSP48abead89f52e3bb;0.008365678;0.007948997;0.003948441;3
ZX1B23QFSP48abead89f52e3bb;0.012592665;0.015772923;0.01020584;3
ZX1B23QFSP48abead89f52e3bb;0.006064951;0.005809699;0.002845528;3
ZX1B23QFSP48abead89f52e3bb;0.009816008;0.010614959;0.006733196;3
ZX1B23QFSP48abead89f52e3bb;0.010906113;0.010547596;0.007326693;3
ZX1B23QFSP48abead89f52e3bb;0.010106112;0.008916951;0.005211933;3
ZX1B23QFSP48abead89f52e3bb;0.009738803;0.009145526;0.00576403;3
ZX1B23QFSP48abead89f52e3bb;0.012947371;0.011260059;0.008322072;3
ZX1B23QFSP48abead89f52e3bb;0.007340312;0.008141466;0.004015917;3
ZX1B23QFSP48abead89f52e3bb;0.006731647;0.005493869;0.002318418;3
ZX1B23QFSP48abead89f52e3bb;0.009739127;0.010201522;0.006415587;3
ZX1B23QFSP48abead89f52e3bb;0.012409586;0.009574189;0.006942327;3
ZX1B23QFSP48abead89f52e3bb;0.007609532;0.00746555;0.00359785;3
ZX1B23QFSP48abead89f52e3bb;0.009567096;0.008716549;0.005548618;3
ZX1B23QFSP48abead89f52e3bb;0.010035468;0.007776881;0.005035775;3
ZX1B23QFSP48abead89f52e3bb;0.009351492;0.008407601;0.00441886;3
ZX1B23QFSP48abead89f52e3bb;0.011242766;0.012679392;0.008509338;3
ZX1B23QFSP48abead89f52e3bb;0.011899057;0.011717423;0.007785055;3
ZX1B23QFSP48abead89f52e3bb;0.022759047;0.023573023;0.019831539;3
ZX1B23QFSP48abead89f52e3bb;0.013564896;0.013477834;0.009601891;3
ZX1B23QFSP48abead89f52e3bb;0.005056725;0.003927037;0.000923172;3
ZX1B23QFSP48abead89f52e3bb;0.006400251;0.007104189;0.003444757;3
ZX1B23QFSP48abead89f52e3bb;0.021724143;0.021721986;0.016795921;3
ZX1B23QFSP48abead89f52e3bb;0.008082876;0.0086425;0.004189725;3
ZX1B23QFSP48abead89f52e3bb;0.009298671;0.008649042;0.005644158;3
ZX1B23QFSP48abead89f52e3bb;0.008459059;0.009373877;0.005387082;3
ZX1B23QFSP48abead89f52e3bb;0.011255954;0.009823541;0.00668692;3
ZX1B23QFSP48abead89f52e3bb;0.009037845;0.009695496;0.005340129;3
ZX1B23QFSP48abead89f52e3bb;0.008576357;0.008959728;0.005068717;3
ZX1B23QFSP48abead89f52e3bb;0.017196675;0.017978258;0.0133569;3
ZX1B23QFSP48abead89f52e3bb;0.012424153;0.012369756;0.008890578;3
ZX1B23QFSP48abead89f52e3bb;0.009004428;0.010220987;0.0056283;3
ZX1B23QFSP48abead89f52e3bb;0.007179634;0.008381135;0.003933081;3
ZX1B23QFSP48abead89f52e3bb;0.009900624;0.009923822;0.006039921;3
ZX1B23QFSP48abead89f52e3bb;0.012810223;0.014111671;0.009995433;3
ZX1B23QFSP48abead89f52e3bb;0.00760839;0.008445841;0.004964984;3
ZX1B23QFSP48abead89f52e3bb;0.011021879;0.012369848;0.007404113;3
ZX1B23QFSP48abead89f52e3bb;0.016812571;0.014827051;0.01148322;3
ZX1B23QFSP48abead89f52e3bb;0.00884038;0.008481139;0.004865579;3
ZX1B23QFSP48abead89f52e3bb;0.007227642;0.008349206;0.003717463;3
ZX1B23QFSP48abead89f52e3bb;0.008778358;0.008650054;0.00523344;3
ZX1B23QFSP48abead89f52e3bb;0.008699771;0.008159569;0.004019454;3
ZX1B23QFSP48abead89f52e3bb;0.005718631;0.007081929;0.003268821;3
ZX1B23QFSP48abead89f52e3bb;0.008341512;0.007488094;0.004033674;3
ZX1B23QFSP48abead89f52e3bb;0.006052617;0.00436158;0.001499624;3
ZX1B23QFSP48abead89f52e3bb;0.006826808;0.007047177;0.003401932;3
ZX1B23QFSP48abead89f52e3bb;0.00579856;0.005467049;0.002007706;3
ZX1B23QFSP48abead89f52e3bb;0.011164381;0.011875698;0.007282741;3
ZX1B23QFSP48abead89f52e3bb;0.008203599;0.00902746;0.003969407;3
ZX1B23QFSP48abead89f52e3bb;0.008934032;0.007631774;0.004836645;3
ZX1B23QFSP48abead89f52e3bb;0.010299127;0.00868974;0.005327148;3
ZX1B23QFSP48abead89f52e3bb;0.013472748;0.011902183;0.008116348;3
ZX1B23QFSP48abead89f52e3bb;0.012992622;0.010922384;0.007810182;3
ZX1B23QFSP48abead89f52e3bb;0.011631826;0.008830006;0.006649342;3
ZX1B23QFSP48abead89f52e3bb;0.008304471;0.010369511;0.005321424;3
ZX1B23QFSP48abead89f52e3bb;0.010025991;0.009982684;0.005702571;3
ZX1B23QFSP48abead89f52e3bb;0.006773884;0.006248211;0.002752122;3
ZX1B23QFSP48abead89f52e3bb;0.01286201;0.013410503;0.009071464;3
ZX1B23QFSP48abead89f52e3bb;0.006189544;0.008399563;0.003187666;3
ZX1B23QFSP48abead89f52e3bb;0.008899047;0.011249022;0.006110513;3
ZX1B23QFSP48abead89f52e3bb;0.010458918;0.009387935;0.006515119;3
ZX1B23QFSP48abead89f52e3bb;0.00672074;0.006507;0.003140359;3
ZX1B23QFSP48abead89f52e3bb;0.007002129;0.007608523;0.003775631;3
ZX1B23QFSP48abead89f52e3bb;0.007740024;0.008713178;0.003975893;3
ZX1B23QFSP48abead89f52e3bb;0.008914449;0.008565787;0.005291045;3
ZX1B23QFSP48abead89f52e3bb;0.009551302;0.010110373;0.006434864;3
ZX1B23QFSP48abead89f52e3bb;0.009639052;0.011521739;0.006839736;3
ZX1B23QFSP48abead89f52e3bb;0.007834815;0.008399157;0.004862461;3
ZX1B23QFSP48abead89f52e3bb;0.00838538;0.007955954;0.00495589;3
ZX1B23QFSP48abead89f52e3bb;0.007152858;0.006852318;0.003870335;3
ZX1B23QFSP48abead89f52e3bb;0.012406681;0.012368179;0.008313901;3
ZX1B23QFSP48abead89f52e3bb;0.011269108;0.011824165;0.007259649;3
ZX1B23QFSP48abead89f52e3bb;0.014796652;0.015465044;0.011364296;3
ZX1B23QFSP48abead89f52e3bb;0.00713726;0.006288218;0.003283386;3
ZX1B23QFSP48abead89f52e3bb;0.008949355;0.010863192;0.006107493;3
ZX1B23QFSP48abead89f52e3bb;0.009568151;0.008057116;0.004781971;3
ZX1B23QFSP48abead89f52e3bb;0.011193333;0.01207878;0.008410981;3
ZX1B23QFSP48abead89f52e3bb;0.00909885;0.008592434;0.004975031;3
ZX1B23QFSP48abead89f52e3bb;0.008782008;0.008487586;0.005028579;3
ZX1B23QFSP48abead89f52e3bb;0.007609539;0.007590833;0.004076074;3
ZX1B23QFSP48abead89f52e3bb;0.009664133;0.009317782;0.005556882;3
ZX1B23QFSP48abead89f52e3bb;0.018624213;0.016364179;0.013322566;3
ZX1B23QFSP48abead89f52e3bb;0.004168036;0.00618648;0.001740988;3
ZX1B23QFSP48abead89f52e3bb;0.010574793;0.013258677;0.007691466;3
ZX1B23QFSP48abead89f52e3bb;0.008438202;0.007609798;0.004451873;3
ZX1B23QFSP48abead89f52e3bb;0.009551591;0.008474533;0.004642943;3
ZX1B23QFSP48abead89f52e3bb;0.009455246;0.008096749;0.004947237;3
ZX1B23QFSP48abead89f52e3bb;0.008970493;0.009385504;0.005607019;3
ZX1B23QFSP48abead89f52e3bb;0.009172425;0.008335932;0.004395936;3
ZX1B23QFSP48abead89f52e3bb;0.011125557;0.013306197;0.008450954;3
ZX1B23QFSP48abead89f52e3bb;0.01152505;0.011012101;0.008395409;3
ZX1B23QFSP48abead89f52e3bb;0.007835134;0.007420285;0.003447003;3
ZX1B23QFSP48abead89f52e3bb;0.026025048;0.02428076;0.02110588;3
ZX1B23QFSP48abead89f52e3bb;0.009591732;0.010664842;0.006610117;3
ZX1B23QFSP48abead89f52e3bb;0.015010967;0.014303189;0.010971751;3
ZX1B23QFSP48abead89f52e3bb;0.018487324;0.01787194;0.013713297;3
ZX1B23QFSP48abead89f52e3bb;0.005853936;0.006783584;0.00276514;3
ZX1B23QFSP48abead89f52e3bb;0.007668389;0.007897115;0.004321984;3
ZX1B23QFSP48abead89f52e3bb;0.012634513;0.010209919;0.007390343;3
ZX1B23QFSP48abead89f52e3bb;0.006595739;0.008586922;0.004072171;3
ZX1B23QFSP48abead89f52e3bb;0.004134033;0.00430524;0.000986444;3
ZX1B23QFSP48abead89f52e3bb;0.01294938;0.01117566;0.008496781;3
ZX1B23QFSP48abead89f52e3bb;0.008754841;0.008344637;0.004602189;3
ZX1B23QFSP48abead89f52e3bb;0.012409781;0.013906238;0.008925398;3
ZX1B23QFSP48abead89f52e3bb;0.010245402;0.009177395;0.005846134;3
ZX1B23QFSP48abead89f52e3bb;0.007424981;0.008051985;0.003987913;3
ZX1B23QFSP48abead89f52e3bb;0.006159783;0.007046707;0.002985029;3
ZX1B23QFSP48abead89f52e3bb;0.006153118;0.006964515;0.003325232;3
ZX1B23QFSP48abead89f52e3bb;0.012502618;0.012281852;0.008189112;3
ZX1B23QFSP48abead89f52e3bb;0.007732464;0.006122861;0.003525386;3
ZX1B23QFSP48abead89f52e3bb;0.013475598;0.01167694;0.009288325;3
ZX1B23QFSP48abead89f52e3bb;0.015066361;0.01484724;0.010586929;3
ZX1B23QFSP48abead89f52e3bb;0.016936086;0.014814755;0.012279671;3
ZX1B23QFSP48abead89f52e3bb;0.01179187;0.01307092;0.009303432;3
ZX1B23QFSP48abead89f52e3bb;0.011996779;0.010662353;0.0080736;3
ZX1B23QFSP48abead89f52e3bb;0.008282916;0.007697647;0.00385581;3
ZX1B23QFSP48abead89f52e3bb;0.009616962;0.008114528;0.004969317;3
ZX1B23QFSP48abead89f52e3bb;0.014094759;0.013848739;0.010470324;3
ZX1B23QFSP48abead89f52e3bb;0.009673592;0.008780783;0.005135212;3
ZX1B23QFSP48abead89f52e3bb;0.013130118;0.011125159;0.007727893;3
ZX1B23QFSP48abead89f52e3bb;0.006131161;0.007359807;0.003320322;3
ZX1B23QFSP48abead89f52e3bb;0.009176697;0.010311499;0.006555376;3
ZX1B23QFSP48abead89f52e3bb;0.00774151;0.006930397;0.003761685;3
ZX1B23QFSP48abead89f52e3bb;0.007791994;0.008318105;0.004163012;3
ZX1B23QFSP48abead89f52e3bb;0.037536814;0.040998852;0.034865009;3
ZX1B23QFSP48abead89f52e3bb;0.009778294;0.008738233;0.005397953;3
ZX1B23QFSP48abead89f52e3bb;0.008011882;0.007158096;0.003363066;3
ZX1B23QFSP48abead89f52e3bb;0.010679322;0.011777708;0.007654402;3
ZX1B23QFSP48abead89f52e3bb;0.011233992;0.011297084;0.007940479;3
ZX1B23QFSP48abead89f52e3bb;0.008750541;0.007421559;0.005220981;3
ZX1B23QFSP48abead89f52e3bb;0.005481832;0.005331506;0.001905443;3
ZX1B23QFSP48abead89f52e3bb;0.007956003;0.007914914;0.004514999;3
ZX1B23QFSP48abead89f52e3bb;0.023318556;0.021134222;0.017023787;3
ZX1B23QFSP48abead89f52e3bb;0.013243836;0.014082263;0.010006114;3
ZX1B23QFSP48abead89f52e3bb;0.007632117;0.008202219;0.003802706;3
ZX1B23QFSP48abead89f52e3bb;0.01144889;0.009623452;0.00715638;3
ZX1B23QFSP48abead89f52e3bb;0.008273445;0.008191744;0.004662635;3
ZX1B23QFSP48abead89f52e3bb;0.010483105;0.009902096;0.006172098;3
ZX1B23QFSP48abead89f52e3bb;0.004256174;0.006768552;0.001992813;3
ZX1B23QFSP48abead89f52e3bb;0.010259196;0.009129252;0.0053716;3
ZX1B23QFSP48abead89f52e3bb;0.00789251;0.00818297;0.004701989;3
ZX1B23QFSP48abead89f52e3bb;0.006641343;0.007137813;0.002578874;3
ZX1B23QFSP48abead89f52e3bb;0.00820566;0.00981315;0.005180917;3
ZX1B23QFSP48abead89f52e3bb;0.008862949;0.011252617;0.005686028;3
ZX1B23QFSP48abead89f52e3bb;0.007504913;0.009034595;0.004059431;3
ZX1B23QFSP48abead89f52e3bb;0.008874751;0.009483262;0.005568968;3
ZX1B23QFSP48abead89f52e3bb;0.01332458;0.015115334;0.010795421;3
ZX1B23QFSP48abead89f52e3bb;0.008700408;0.009020803;0.005577732;3
ZX1B23QFSP48abead89f52e3bb;0.006978675;0.008179457;0.004054495;3
ZX1B23QFSP48abead89f52e3bb;0.00457176;0.006090736;0.001528367;3
ZX1B23QFSP48abead89f52e3bb;0.004724553;0.005691868;0.001822395;3
ZX1B23QFSP48abead89f52e3bb;0.010702811;0.01186941;0.007916668;3
ZX1B23QFSP48abead89f52e3bb;0.008166483;0.007783661;0.004451246;3
ZX1B23QFSP48abead89f52e3bb;0.00624335;0.0074703;0.003050728;3
ZX1B23QFSP48abead89f52e3bb;0.00917382;0.00958556;0.005299166;3
ZX1B23QFSP48abead89f52e3bb;0.008644258;0.008091391;0.004940271;3
ZX1B23QFSP48abead89f52e3bb;0.014914167;0.014548865;0.010661341;3
ZX1B23QFSP48abead89f52e3bb;0.01296211;0.011850416;0.008692909;3
ZX1B23QFSP48abead89f52e3bb;0.008856731;0.00904322;0.004983957;3
ZX1B23QFSP48abead89f52e3bb;0.006103657;0.007294412;0.003082561;3
ZX1B23QFSP48abead89f52e3bb;0.009225649;0.011112883;0.006473259;3
ZX1B23QFSP48abead89f52e3bb;0.013630497;0.011719908;0.009002617;3
ZX1B23QFSP48abead89f52e3bb;0.007465246;0.008487033;0.004294424;3
ZX1B23QFSP48abead89f52e3bb;0.009240864;0.007356504;0.004628902;3
ZX1B23QFSP48abead89f52e3bb;0.009871976;0.009005591;0.005362667;3
ZX1B23QFSP48abead89f52e3bb;0.012463629;0.010458482;0.008213439;3
ZX1B23QFSP48abead89f52e3bb;0.015310834;0.013701916;0.009997656;3
ZX1B23QFSP48abead89f52e3bb;0.008997843;0.008036191;0.005016204;3
ZX1B23QFSP48abead89f52e3bb;0.010479997;0.011091382;0.007074099;3
ZX1B23QFSP48abead89f52e3bb;0.0086809;0.006257503;0.003724894;3
ZX1B23QFSP48abead89f52e3bb;0.00603101;0.005111847;0.001895336;3
ZX1B23QFSP48abead89f52e3bb;0.013482455;0.011686708;0.008115636;3
ZX1B23QFSP48abead89f52e3bb;0.01458984;0.015838829;0.01131466;3
ZX1B23QFSP48abead89f52e3bb;0.007789204;0.008219533;0.004150272;3
ZX1B23QFSP48abead89f52e3bb;0.010633003;0.009237013;0.005815183;3
ZX1B23QFSP48abead89f52e3bb;0.010573157;0.010843177;0.00723735;3
ZX1B23QFSP48abead89f52e3bb;0.010365025;0.011361577;0.007365814;3
ZX1B23QFSP48abead89f52e3bb;0.007698195;0.008410891;0.004326231;3
ZX1B23QFSP48abead89f52e3bb;0.007733782;0.007749797;0.004736476;3
ZX1B23QFSP48abead89f52e3bb;0.009886232;0.009636201;0.006316036;3
ZX1B23QFSP48abead89f52e3bb;0.008744011;0.007311457;0.003807306;3
ZX1B23QFSP48abead89f52e3bb;0.00715995;0.006139165;0.002834051;3
ZX1B23QFSP48abead89f52e3bb;0.010552645;0.010526656;0.007120454;3
ZX1B23QFSP48abead89f52e3bb;0.020309565;0.018157986;0.014333079;3
ZX1B23QFSP48abead89f52e3bb;0.00764005;0.009080231;0.00465256;3
ZX1B23QFSP48abead89f52e3bb;0.008340665;0.007908989;0.00496547;3
ZX1B23QFSP48abead89f52e3bb;0.006278822;0.005450713;0.002305064;3
ZX1B23QFSP48abead89f52e3bb;0.011091193;0.01042001;0.006507063;3
ZX1B23QFSP48abead89f52e3bb;0.007890873;0.008310923;0.004222682;3
ZX1B23QFSP48abead89f52e3bb;0.009133495;0.009585742;0.005746382;3
ZX1B23QFSP48abead89f52e3bb;0.010944168;0.010231291;0.006533511;3
ZX1B23QFSP48abead89f52e3bb;0.005444241;0.005678346;0.001849766;3
ZX1B23QFSP48abead89f52e3bb;0.017911476;0.017985237;0.013668759;3
ZX1B23QFSP48abead89f52e3bb;0.005577183;0.005261925;0.002128704;3
ZX1B23QFSP48abead89f52e3bb;0.009111948;0.00931044;0.004988761;3
ZX1B23QFSP48abead89f52e3bb;0.012716154;0.011729583;0.008399058;3
ZX1B23QFSP48abead89f52e3bb;0.015874643;0.015990658;0.011834154;3
ZX1B23QFSP48abead89f52e3bb;0.008055289;0.008485938;0.005073913;3
ZX1B23QFSP48abead89f52e3bb;0.00680891;0.006143087;0.00294484;3
ZX1B23QFSP48abead89f52e3bb;0.013354495;0.012506633;0.009197613;3
ZX1B23QFSP48abead89f52e3bb;0.006108435;0.006922588;0.003011075;3
ZX1B23QFSP48abead89f52e3bb;0.007378162;0.007340435;0.00399256;3
ZX1B23QFSP48abead89f52e3bb;0.007253485;0.008018027;0.003930115;3
ZX1B23QFSP48abead89f52e3bb;0.010171332;0.010281634;0.006092813;3
ZX1B23QFSP48abead89f52e3bb;0.009193309;0.009108905;0.005799262;3
ZX1B23QFSP48abead89f52e3bb;0.005365024;0.004734199;0.001420439;3
ZX1B23QFSP48abead89f52e3bb;0.005778831;0.006796268;0.002545713;3
ZX1B23QFSP48abead89f52e3bb;0.012379889;0.011934103;0.008084744;3
ZX1B23QFSP48abead89f52e3bb;0.014207749;0.012655542;0.009066268;3
ZX1B23QFSP48abead89f52e3bb;0.007957859;0.007033272;0.00409388;3
ZX1B23QFSP48abead89f52e3bb;0.010632999;0.009699467;0.006892962;3
ZX1B23QFSP48abead89f52e3bb;0.016930183;0.018632153;0.013570528;3
ZX1B23QFSP48abead89f52e3bb;0.010971912;0.010348519;0.006352468;3
ZX1B23QFSP48abead89f52e3bb;0.00871906;0.00903315;0.005056444;3
ZX1B23QFSP48abead89f52e3bb;0.007866317;0.00686774;0.003632423;3
ZX1B23QFSP48abead89f52e3bb;0.009219815;0.008782697;0.005381882;3
ZX1B23QFSP48abead89f52e3bb;0.005556029;0.004655302;0.001521031;3
ZX1B23QFSP48abead89f52e3bb;0.008128387;0.007575639;0.004390457;3
ZX1B23QFSP48abead89f52e3bb;0.008238076;0.008037377;0.004203289;3
ZX1B23QFSP48abead89f52e3bb;0.007229626;0.006760224;0.003480417;3
ZX1B23QFSP48abead89f52e3bb;0.029207395;0.028043983;0.024971096;3
ZX1B23QFSP48abead89f52e3bb;0.012590811;0.012558755;0.008744279;3
ZX1B23QFSP48abead89f52e3bb;0.013159158;0.012790015;0.009298845;3
ZX1B23QFSP48abead89f52e3bb;0.024993575;0.025145566;0.021829821;3
ZX1B23QFSP48abead89f52e3bb;0.008046744;0.008613062;0.005223603;3
ZX1B23QFSP48abead89f52e3bb;0.009618415;0.009621737;0.006232098;3
ZX1B23QFSP48abead89f52e3bb;0.014651491;0.015226256;0.011159954;3
ZX1B23QFSP48abead89f52e3bb;0.009881395;0.010393282;0.006775156;3
ZX1B23QFSP48abead89f52e3bb;0.007698489;0.008049038;0.00409909;3
ZX1B23QFSP48abead89f52e3bb;0.01548961;0.013044051;0.009723651;3
ZX1B23QFSP48abead89f52e3bb;0.01480489;0.012404833;0.009288772;3
ZX1B23QFSP48abead89f52e3bb;0.007684361;0.008399783;0.004064533;3
ZX1B23QFSP48abead89f52e3bb;0.007580367;0.009425621;0.004548315;3
ZX1B23QFSP48abead89f52e3bb;0.009157236;0.008904896;0.004998572;3
ZX1B23QFSP48abead89f52e3bb;0.009123107;0.008281257;0.005378067;3
ZX1B23QFSP48abead89f52e3bb;0.009039209;0.009003625;0.005632948;3
ZX1B23QFSP48abead89f52e3bb;0.008453168;0.00944569;0.005452617;3
ZX1B23QFSP48abead89f52e3bb;0.0068566;0.005650638;0.002543549;3
ZX1B23QFSP48abead89f52e3bb;0.006291616;0.004620786;0.001727303;3
ZX1B23QFSP48abead89f52e3bb;0.008875238;0.00884613;0.005242977;3
ZX1B23QFSP48abead89f52e3bb;0.010542019;0.010520672;0.006607833;3
ZX1B23QFSP48abead89f52e3bb;0.010902563;0.009727813;0.006886842;3
ZX1B23QFSP48abead89f52e3bb;0.008505033;0.009320763;0.005962649;3
ZX1B23QFSP48abead89f52e3bb;0.005893565;0.005871785;0.002693384;3
ZX1B23QFSP48abead89f52e3bb;0.008650935;0.009414329;0.00484967;3
ZX1B23QFSP48abead89f52e3bb;0.008039426;0.008200779;0.004855123;3
ZX1B23QFSP48abead89f52e3bb;0.008616891;0.009468589;0.005570822;3
ZX1B23QFSP48abead89f52e3bb;0.00840211;0.008327813;0.005214374;3
ZX1B23QFSP48abead89f52e3bb;0.009199242;0.009330369;0.005411389;3
ZX1B23QFSP48abead89f52e3bb;0.011055572;0.012279893;0.007704241;3
ZX1B23QFSP48abead89f52e3bb;0.009725283;0.010645577;0.00686501;3
ZX1B23QFSP48abead89f52e3bb;0.016271689;0.017325205;0.012744371;3
ZX1B23QFSP48abead89f52e3bb;0.011394896;0.009756686;0.00623682;3
ZX1B23QFSP48abead89f52e3bb;0.01037741;0.010147284;0.005854845;3
ZX1B23QFSP48abead89f52e3bb;0.007191017;0.005296571;0.003323799;3
ZX1B23QFSP48abead89f52e3bb;0.00972396;0.009228177;0.005471625;3
ZX1B23QFSP48abead89f52e3bb;0.010776186;0.010257116;0.007118509;3
ZX1B23QFSP48abead89f52e3bb;0.007310098;0.008681444;0.003762615;3
ZX1B23QFSP48abead89f52e3bb;0.00849084;0.009822857;0.005468539;3
ZX1B23QFSP48abead89f52e3bb;0.009212533;0.010723766;0.006656679;3
ZX1B23QFSP48abead89f52e3bb;0.015043021;0.013422395;0.009751343;3
ZX1B23QFSP48abead89f52e3bb;0.006164532;0.005464934;0.002365222;3
ZX1B23QFSP48abead89f52e3bb;0.00506188;0.006186524;0.002487048;3
ZX1B23QFSP48abead89f52e3bb;0.011069731;0.011228721;0.006504001;3
ZX1B23QFSP48abead89f52e3bb;0.009379586;0.009898277;0.006219674;3
ZX1B23QFSP48abead89f52e3bb;0.014797469;0.015454423;0.010857875;3
ZX1B23QFSP48abead89f52e3bb;0.008998834;0.010647033;0.005886802;3
ZX1B23QFSP48abead89f52e3bb;0.011780164;0.009691171;0.006307538;3
ZX1B23QFSP48abead89f52e3bb;0.013655478;0.014548813;0.010049885;3
ZX1B23QFSP48abead89f52e3bb;0.009932111;0.010486537;0.005827735;3
ZX1B23QFSP48abead89f52e3bb;0.007914948;0.009254709;0.004940415;3
ZX1B23QFSP48abead89f52e3bb;0.008592553;0.010501937;0.005502958;3
ZX1B23QFSP48abead89f52e3bb;0.008091195;0.010237095;0.005495707;3
ZX1B23QFSP48abead89f52e3bb;0.005371917;0.005171677;0.001957465;3
ZX1B23QFSP48abead89f52e3bb;0.012925331;0.01287118;0.00868279;3
ZX1B23QFSP48abead89f52e3bb;0.009007965;0.00937232;0.006110757;3
ZX1B23QFSP48abead89f52e3bb;0.01669546;0.018026285;0.012341091;3
ZX1B23QFSP48abead89f52e3bb;0.007169539;0.007674159;0.004125093;3
ZX1B23QFSP48abead89f52e3bb;0.015217692;0.014229281;0.010534548;3
ZX1B23QFSP48abead89f52e3bb;0.010925542;0.012729256;0.007258373;3
ZX1B23QFSP48abead89f52e3bb;0.005690411;0.004732401;0.001349869;3
ZX1B23QFSP48abead89f52e3bb;0.006557424;0.006247416;0.00270374;3
ZX1B23QFSP48abead89f52e3bb;0.016083775;0.015403327;0.011744032;3
ZX1B23QFSP48abead89f52e3bb;0.007906629;0.008125735;0.004834194;3
ZX1B23QFSP48abead89f52e3bb;0.007377004;0.008715761;0.004628867;3
ZX1B23QFSP48abead89f52e3bb;0.018007814;0.018575946;0.014629878;3
ZX1B23QFSP48abead89f52e3bb;0.00657454;0.004768854;0.001785999;3
ZX1B23QFSP48abead89f52e3bb;0.009121767;0.009215532;0.004910935;3
ZX1B23QFSP48abead89f52e3bb;0.008872679;0.008922966;0.005151739;3
ZX1B23QFSP48abead89f52e3bb;0.008903913;0.010406423;0.005145794;3
ZX1B23QFSP48abead89f52e3bb;0.005861012;0.004611602;0.001700591;3
ZX1B23QFSP48abead89f52e3bb;0.006752453;0.008642247;0.00419818;3
ZX1B23QFSP48abead89f52e3bb;0.008452346;0.008495562;0.005246241;3
ZX1B23QFSP48abead89f52e3bb;0.007780065;0.00805719;0.004548578;3
ZX1B23QFSP48abead89f52e3bb;0.021301424;0.02341051;0.017645616;3
ZX1B23QFSP48abead89f52e3bb;0.009565164;0.009746511;0.005757406;3
ZX1B23QFSP48abead89f52e3bb;0.008110645;0.007760977;0.003942684;3
ZX1B23QFSP48abead89f52e3bb;0.01128633;0.011108109;0.007272766;3
ZX1B23QFSP48abead89f52e3bb;0.009023505;0.00672719;0.004434279;3
ZX1B23QFSP48abead89f52e3bb;0.00862787;0.007570997;0.004695543;3
ZX1B23QFSP48abead89f52e3bb;0.012905302;0.012073087;0.00802338;3
ZX1B23QFSP48abead89f52e3bb;0.01323116;0.011782957;0.00767985;3
ZX1B23QFSP48abead89f52e3bb;0.013227557;0.011326801;0.007971037;3
ZX1B23QFSP48abead89f52e3bb;0.010782871;0.011561923;0.007536652;3
ZX1B23QFSP48abead89f52e3bb;0.006110568;0.006858136;0.002620162;3
ZX1B23QFSP48abead89f52e3bb;0.011578642;0.010501146;0.007672052;3
ZX1B23QFSP48abead89f52e3bb;0.011914128;0.010234441;0.007257729;3
ZX1B23QFSP48abead89f52e3bb;0.007428347;0.007369621;0.003921747;3
ZX1B23QFSP48abead89f52e3bb;0.024694058;0.025805281;0.02194684;3
ZX1B23QFSP48abead89f52e3bb;0.007460954;0.007449981;0.004230664;3
ZX1B23QFSP48abead89f52e3bb;0.008407142;0.007686716;0.004466473;3
ZX1B23QFSP48abead89f52e3bb;0.005134469;0.005445954;0.001327168;3
ZX1B23QFSP48abead89f52e3bb;0.007579236;0.009386837;0.005142641;3
ZX1B23QFSP48abead89f52e3bb;0.00562472;0.006212523;0.002189719;3
ZX1B23QFSP48abead89f52e3bb;0.00494816;0.006488022;0.001963328;3
ZX1B23QFSP48abead89f52e3bb;0.011451395;0.01236241;0.00732746;3
ZX1B23QFSP48abead89f52e3bb;0.007851085;0.008809701;0.005139238;3
ZX1B23QFSP48abead89f52e3bb;0.01057302;0.010541234;0.00632648;3
ZX1B23QFSP48abead89f52e3bb;0.005842957;0.006847876;0.002328981;3
ZX1B23QFSP48abead89f52e3bb;0.015553552;0.016151008;0.012599835;3
ZX1B23QFSP48abead89f52e3bb;0.006747208;0.006425091;0.002969578;3
ZX1B23QFSP48abead89f52e3bb;0.012406074;0.011815807;0.008938146;3
ZX1B23QFSP48abead89f52e3bb;0.010431816;0.009755241;0.006900776;3
ZX1B23QFSP48abead89f52e3bb;0.025054567;0.024733741;0.019715442;3
ZX1B23QFSP48abead89f52e3bb;0.008220753;0.008307953;0.004658079;3
ZX1B23QFSP48abead89f52e3bb;0.01026019;0.011096075;0.006873961;3
ZX1B23QFSP48abead89f52e3bb;0.010625068;0.008844138;0.005684626;3
ZX1B23QFSP48abead89f52e3bb;0.008686857;0.009371441;0.005555309;3
ZX1B23QFSP48abead89f52e3bb;0.009693086;0.010241343;0.005928482;3
ZX1B23QFSP48abead89f52e3bb;0.006508092;0.005370083;0.001866555;3
ZX1B23QFSP48abead89f52e3bb;0.009247706;0.008794006;0.005245798;3
ZX1B23QFSP48abead89f52e3bb;0.015277203;0.014595171;0.010573137;3
ZX1B23QFSP48abead89f52e3bb;0.012165034;0.012283424;0.008949102;3
ZX1B23QFSP48abead89f52e3bb;0.006936644;0.006626171;0.003182537;3
ZX1B23QFSP48abead89f52e3bb;0.011611016;0.011436049;0.008152137;3
ZX1B23QFSP48abead89f52e3bb;0.006183784;0.007494333;0.003069088;3
ZX1B23QFSP48abead89f52e3bb;0.008423729;0.008479796;0.004851343;3
ZX1B23QFSP48abead89f52e3bb;0.012248381;0.011596649;0.007856215;3
ZX1B23QFSP48abead89f52e3bb;0.022040685;0.021903075;0.017373831;3
ZX1B23QFSP48abead89f52e3bb;0.006874583;0.008720747;0.003897951;3
ZX1B23QFSP48abead89f52e3bb;0.005569667;0.005638827;0.002515251;3
ZX1B23QFSP48abead89f52e3bb;0.006341583;0.005965721;0.002653794;3
ZX1B23QFSP48abead89f52e3bb;0.006381532;0.006604577;0.002983312;3
ZX1B23QFSP48abead89f52e3bb;0.008100717;0.008419973;0.004780287;3
ZX1B23QFSP48abead89f52e3bb;0.006483927;0.008059855;0.00293557;3
ZX1B23QFSP48abead89f52e3bb;0.010523655;0.011152019;0.007174449;3
ZX1B23QFSP48abead89f52e3bb;0.00625888;0.005843222;0.002832229;3
ZX1B23QFSP48abead89f52e3bb;0.009039329;0.007243523;0.004857865;3
ZX1B23QFSP48abead89f52e3bb;0.004185874;0.004503578;0.000953146;3
ZX1B23QFSP48abead89f52e3bb;0.012218773;0.012333894;0.009213434;3
ZX1B23QFSP48abead89f52e3bb;0.007538342;0.007215349;0.003505693;3
ZX1B23QFSP48abead89f52e3bb;0.011158598;0.010765714;0.007823717;3
ZX1B23QFSP48abead89f52e3bb;0.009958691;0.010588576;0.006601342;3
ZX1B23QFSP48abead89f52e3bb;0.011393165;0.012355576;0.008432776;3
ZX1B23QFSP48abead89f52e3bb;0.01168892;0.009944973;0.006438695;3
ZX1B23QFSP48abead89f52e3bb;0.007478705;0.007538182;0.004157882;3
ZX1B23QFSP48abead89f52e3bb;0.012814357;0.014709353;0.009491254;3
ZX1B23QFSP48abead89f52e3bb;0.012078291;0.012226711;0.008518982;3
ZX1B23QFSP48abead89f52e3bb;0.018811932;0.017100025;0.01366297;3
ZX1B23QFSP48abead89f52e3bb;0.006924352;0.007170021;0.003379131;3
ZX1B23QFSP48abead89f52e3bb;0.006445467;0.00662538;0.002403403;3
ZX1B23QFSP48abead89f52e3bb;0.008084887;0.009007605;0.004609987;3
ZX1B23QFSP48abead89f52e3bb;0.010298184;0.009302417;0.005425713;3
ZX1B23QFSP48abead89f52e3bb;0.005907274;0.006550523;0.002903999;3
ZX1B23QFSP48abead89f52e3bb;0.008713876;0.008906129;0.004527171;3
ZX1B23QFSP48abead89f52e3bb;0.005397704;0.005631297;0.00190404;3
ZX1B23QFSP48abead89f52e3bb;0.006515264;0.005577457;0.002362596;3
ZX1B23QFSP48abead89f52e3bb;0.013877848;0.012776813;0.009811469;3
ZX1B23QFSP48abead89f52e3bb;0.008387255;0.007936727;0.004517177;3
ZX1B23QFSP48abead89f52e3bb;0.007933662;0.006767988;0.00331204;3
ZX1B23QFSP48abead89f52e3bb;0.012777082;0.011708625;0.007844229;3
ZX1B23QFSP48abead89f52e3bb;0.009669847;0.011350755;0.007149748;3
ZX1B23QFSP48abead89f52e3bb;0.008827574;0.009261081;0.005374815;3
ZX1B23QFSP48abead89f52e3bb;0.015251982;0.016879372;0.012430183;3
ZX1B23QFSP48abead89f52e3bb;0.014503204;0.015106787;0.010000937;3
ZX1B23QFSP48abead89f52e3bb;0.006866831;0.008111332;0.003968027;3
ZX1B23QFSP48abead89f52e3bb;0.006925628;0.00798153;0.003137115;3
ZX1B23QFSP48abead89f52e3bb;0.007261786;0.006699066;0.003196135;3
ZX1B23QFSP48abead89f52e3bb;0.009146295;0.008941978;0.004981674;3
ZX1B23QFSP48abead89f52e3bb;0.011898885;0.01211339;0.008509173;3
ZX1B23QFSP48abead89f52e3bb;0.013908892;0.014373495;0.009791119;3
ZX1B23QFSP48abead89f52e3bb;0.00756232;0.00714642;0.003541914;3
ZX1B23QFSP48abead89f52e3bb;0.021270975;0.01999774;0.015371635;3
ZX1B23QFSP48abead89f52e3bb;0.027758422;0.027117304;0.023797058;3
ZX1B23QFSP48abead89f52e3bb;0.00834696;0.005602646;0.003505612;3
ZX1B23QFSP48abead89f52e3bb;0.009148886;0.00947374;0.005421736;3
ZX1B23QFSP48abead89f52e3bb;0.010247229;0.00969894;0.00593155;3
ZX1B23QFSP48abead89f52e3bb;0.004120498;0.004399131;0.000665704;3
ZX1B23QFSP48abead89f52e3bb;0.009272934;0.00922217;0.006362534;3
ZX1B23QFSP48abead89f52e3bb;0.010460585;0.010304714;0.007562766;3
ZX1B23QFSP48abead89f52e3bb;0.01004683;0.00869178;0.005666246;3
ZX1B23QFSP48abead89f52e3bb;0.008303657;0.008525596;0.004422061;3
ZX1B23QFSP48abead89f52e3bb;0.009985615;0.009364632;0.005775334;3
ZX1B23QFSP48abead89f52e3bb;0.007847702;0.007043612;0.003448732;3
ZX1B23QFSP48abead89f52e3bb;0.007760183;0.009776063;0.004958712;3
ZX1B23QFSP48abead89f52e3bb;0.005766173;0.007515266;0.002788925;3
ZX1B23QFSP48abead89f52e3bb;0.011304122;0.011655263;0.007036352;3
ZX1B23QFSP48abead89f52e3bb;0.014558653;0.013431962;0.009362607;3
ZX1B23QFSP48abead89f52e3bb;0.008674749;0.00722074;0.00489799;3
ZX1B23QFSP48abead89f52e3bb;0.010234888;0.009591187;0.005977915;3
ZX1B23QFSP48abead89f52e3bb;0.013978914;0.012792717;0.009448496;3
ZX1B23QFSP48abead89f52e3bb;0.009006379;0.009007162;0.00512611;3
ZX1B23QFSP48abead89f52e3bb;0.011751804;0.011154446;0.007451194;3
ZX1B23QFSP48abead89f52e3bb;0.007555883;0.008225202;0.004191968;3
ZX1B23QFSP48abead89f52e3bb;0.009036204;0.010507148;0.006044884;3
ZX1B23QFSP48abead89f52e3bb;0.012036883;0.013027397;0.008385287;3
ZX1B23QFSP48abead89f52e3bb;0.006523391;0.0061471;0.002774673;3
ZX1B23QFSP48abead89f52e3bb;0.008802922;0.010215417;0.005405812;3
ZX1B23QFSP48abead89f52e3bb;0.01886244;0.018614359;0.014190747;3
ZX1B23QFSP48abead89f52e3bb;0.009791302;0.008009499;0.005831364;3
ZX1B23QFSP48abead89f52e3bb;0.007802764;0.007421227;0.004360825;3
ZX1B23QFSP48abead89f52e3bb;0.010450653;0.010120311;0.006204566;3
ZX1B23QFSP48abead89f52e3bb;0.011712369;0.011726546;0.007737248;3
ZX1B23QFSP48abead89f52e3bb;0.008645791;0.009482996;0.005531787;3
ZX1B23QFSP48abead89f52e3bb;0.009852293;0.007988519;0.004580259;3
ZX1B23QFSP48abead89f52e3bb;0.010946229;0.010019428;0.005851806;3
ZX1B23QFSP48abead89f52e3bb;0.010704692;0.009696458;0.007018897;3
ZX1B23QFSP48abead89f52e3bb;0.008665236;0.011067813;0.006114321;3
ZX1B23QFSP48abead89f52e3bb;0.010235887;0.011257884;0.007039983;3
ZX1B23QFSP48abead89f52e3bb;0.007307733;0.006356013;0.003229184;3
ZX1B23QFSP48abead89f52e3bb;0.008772505;0.009899842;0.005581498;3
ZX1B23QFSP48abead89f52e3bb;0.016218584;0.014003488;0.01058037;3
ZX1B23QFSP48abead89f52e3bb;0.013245291;0.012959613;0.008701609;3
ZX1B23QFSP48abead89f52e3bb;0.038514963;0.039490443;0.033276729;3
ZX1B23QFSP48abead89f52e3bb;0.010593667;0.009083285;0.005389581;3
ZX1B23QFSP48abead89f52e3bb;0.007492615;0.008008489;0.004252491;3
ZX1B23QFSP48abead89f52e3bb;0.009532505;0.007044975;0.004611177;3
ZX1B23QFSP48abead89f52e3bb;0.009096846;0.009779457;0.004973672;3
ZX1B23QFSP48abead89f52e3bb;0.012041197;0.012387026;0.008039985;3
ZX1B23QFSP48abead89f52e3bb;0.007893275;0.008092517;0.003974712;3
