Speed Angle Change vs Modulus Speed from (87, 302) to (326, 323)
Modulus Speed (points/sec)
Speed Angle Changed(radians)
0.0,0.0,1.0
21.5,-0.25168997,1.0
111.29803,0.0,1.0
126.28935,0.0,1.0
106.929886,0.07003596,1.0
10.5,-0.43436727,1.0
53.464943,0.07003596,1.0
0.0,0.0,1.0
10.5,-0.43436727,1.0
0.0,0.0,1.0
62.0,-3.1415927,1.0
59.48109,0.10683495,1.0
0.0,0.0,1.0
0.0,0.0,1.0
0.0,0.0,1.0
0.0,0.0,1.0
49.193497,0.0,1.0
0.0,0.0,1.0
0.0,0.0,1.0
22.0,-1.5707964,1.0
0.0,0.0,1.0
0.0,0.0,1.0
0.0,0.0,1.0
0.0,0.0,1.0
155.36409,0.0,1.0
131.7953,0.20632389,1.0
62.5,1.5707964,1.0
0.0,0.0,1.0
569.64026,-0.009604472,1.0
461.70337,-0.9816879,1.0
0.0,0.0,1.0
6.888889,-1.4999473,1.0
43.0,1.5707964,1.0
78.492035,0.36934382,1.0
23.769728,0.98338836,1.0
0.0,0.0,1.0
0.0,0.0,1.0
0.0,0.0,1.0
25.150658,-0.96441346,1.0
37.725986,1.9288269,1.0
77.682045,-0.028890684,1.0
0.0,0.0,1.0
35.35534,1.2122756,1.0
48.53092,0.67723715,1.0
31.120733,0.8081215,1.0
39.52847,0.0,1.0
27.322153,-0.6032299,1.0
23.769728,0.9915486,1.0
0.0,0.0,1.0
39.246017,0.0,1.0
0.0,0.0,1.0
0.0,0.0,1.0
0.0,0.0,1.0
0.0,0.0,1.0
0.0,0.0,1.0
0.0,0.0,1.0
96.0,-0.66596925,1.0
0.0,0.0,1.0
51.790443,0.26371184,1.0
0.0,0.0,1.0
36.71512,0.24867763,1.0
0.0,0.0,1.0
86.0,-0.5123895,1.0
37.725986,0.0,1.0
21.0,-0.96441346,1.0
3.5,-0.0,1.0
0.0,0.0,1.0
32.729958,-2.8150113,1.0
3.0,1.2442149,1.0
11.5,0.0,1.0
45.0,0.0,1.0
65.459915,0.0,1.0
46.38157,1.9762287,1.0
0.0,0.0,1.0
0.0,0.0,1.0
0.0,0.0,1.0
0.0,0.0,1.0
0.0,0.0,1.0
0.0,0.0,1.0
0.0,0.0,1.0
0.0,0.0,1.0
0.0,0.0,1.0
0.0,0.0,1.0
0.0,0.0,1.0
0.0,0.0,1.0
0.0,0.0,1.0
0.0,0.0,1.0
18.0,0.8387825,1.0
0.0,0.0,1.0
18.0,-3.1415927,1.0
0.0,0.0,1.0
0.0,0.0,1.0
0.0,0.0,1.0
0.0,0.0,1.0
90.0,1.5707964,1.0
0.0,0.0,1.0
91.78235,-0.19739556,1.0
45.891174,0.0,1.0
18.35647,0.0,1.0
82.87943,-1.7439891,1.0
0.0,0.0,1.0
0.0,0.0,1.0
92.76314,-0.60582227,1.0
75.45197,-2.5352097,1.0
8.6,0.96441346,1.0
139.45967,0.42539218,1.0
37.725986,1.9288269,1.0
75.45197,0.0,1.0
0.0,0.0,1.0
0.0,0.0,1.0
0.0,0.0,1.0
21.0,-0.96441346,1.0
0.0,0.0,1.0
45.0,-0.0,1.0
0.0,0.0,1.0
0.0,0.0,1.0
0.0,0.0,1.0
90.0,0.0,1.0
45.891174,-0.19739556,1.0
3.6,-1.3734008,1.0
18.0,3.1415927,1.0
0.0,0.0,1.0
23.732304,-2.627673,1.0
8.75,1.0568767,1.0
2.0,1.5707964,1.0
0.0,0.0,1.0
18.0,-3.1415927,1.0
9.0,3.1415927,1.0
18.0,-3.1415927,1.0
62.0,-2.627673,1.0
82.87943,-2.4159522,1.0
21.0,0.845156,1.0
10.5,0.0,1.0
0.0,0.0,1.0
0.0,0.0,1.0
23.769728,0.38831872,1.0
53.0,-0.38831872,1.0
77.12976,0.23554498,1.0
54.74486,-0.070396304,1.0
0.0,0.0,1.0
33.0,-0.16514868,1.0
72.235725,0.11936523,1.0
33.0,-0.38307706,1.0
16.5,0.0,1.0
8.8,-1.3187003,1.0
0.0,0.0,1.0
0.0,0.0,1.0
26.5,1.5707964,1.0
0.0,0.0,1.0
0.0,0.0,1.0
0.0,0.0,1.0
38.841022,0.0,1.0
13.25,-0.1746722,1.0
0.0,0.0,1.0
17.666666,-0.0,1.0
26.5,0.0,1.0
99.724625,0.27416745,1.0
91.995926,0.14727747,1.0
0.0,0.0,1.0
132.51793,-1.2323409,1.0
0.0,0.0,1.0
0.0,0.0,1.0
72.235725,0.0,1.0
0.0,0.0,1.0
74.0,-0.38307706,1.0
51.78803,0.2715112,1.0
53.0,-0.1746722,1.0
33.0,0.0,1.0
0.0,0.0,1.0
16.5,-0.0,1.0
0.0,0.0,1.0
16.397831,-0.57659084,1.0
26.5,1.1071488,1.0
160.29036,0.16925122,1.0
18.794947,-0.95426095,1.0
68.41052,-0.72116625,1.0
18.794947,-0.13781618,1.0
155.36409,-0.20840487,1.0
28.666666,-0.1746722,1.0
0.0,0.0,1.0
43.0,-0.0,1.0
0.0,0.0,1.0
155.36409,0.0,1.0
77.682045,0.2715112,1.0
31.0,-1.5707964,1.0
0.0,0.0,1.0
96.60228,-0.19288132,1.0
153.0,-0.43568286,1.0
713.6981,-0.4635683,1.0
422.5,0.2624594,1.0
0.0,0.0,1.0
409.72308,-1.3024813,1.0
103.58089,0.26371184,1.0
0.0,0.0,1.0
111.29803,-0.06014895,1.0
119.36499,-0.05218744,1.0
139.8222,-0.0076298635,1.0
105.81233,-0.29994714,1.0
58.30952,-0.3140434,1.0
51.790443,-0.11936523,1.0
0.0,0.0,1.0
26.5,-0.26371184,1.0
0.0,0.0,1.0
10.659503,-1.1568958,1.0
0.0,0.0,1.0
0.0,0.0,1.0
0.0,0.0,1.0
0.0,0.0,1.0
0.0,0.0,1.0
33.0,0.6857295,1.0
0.0,0.0,1.0
53.430122,0.0,1.0
0.0,0.0,1.0
0.0,0.0,1.0
32.729958,-0.88730294,1.0
0.0,0.0,1.0
0.0,0.0,1.0
0.0,0.0,1.0
4.090909,1.2442149,1.0
0.0,0.0,1.0
0.0,0.0,1.0
0.0,0.0,1.0
9.0,1.5707964,1.0
91.78235,-1.7681919,1.0
55.0,0.19739556,1.0
38.5,0.0,1.0
28.111385,1.5767336,1.0
0.0,0.0,1.0
0.0,0.0,1.0
0.0,0.0,1.0
54.644306,-0.6032299,1.0
0.0,0.0,1.0
3.4375,0.6032299,1.0
0.0,0.0,1.0
0.0,0.0,1.0
34.0,0.0,1.0
17.0,-0.0,1.0
55.0,0.0,1.0
15.728001,0.9606751,1.0
0.0,0.0,1.0
77.189705,0.0,1.0
0.0,0.0,1.0
16.5,-0.17579791,1.0
33.0,0.0,1.0
0.0,0.0,1.0
8.25,-0.0,1.0
33.0,0.0,1.0
16.5,-0.0,1.0
0.0,0.0,1.0
36.117863,0.11936523,1.0
0.0,0.0,1.0
186.95988,0.14492276,1.0
127.88276,-0.24218242,1.0
154.37941,0.17579791,1.0
127.88276,0.0,1.0
33.0,-1.5707964,1.0
469.77655,0.057505824,1.0
0.0,0.0,1.0
335.72162,-1.3877788E-17,1.0
502.7256,6.938894E-18,1.0
0.0,0.0,1.0
106.095474,-0.20606007,1.0
33.0,-0.042427354,1.0
0.0,0.0,1.0
0.0,0.0,1.0
54.74486,0.16514868,1.0
109.48972,0.0,1.0
0.0,0.0,1.0
751.2157,-0.023963455,1.0
21.41211,-0.9573813,1.0
0.0,0.0,1.0
737.2198,0.0,1.0
0.0,0.0,1.0
0.0,0.0,1.0
0.0,0.0,1.0
245.73993,1.5463779,1.0
0.0,0.0,1.0
0.0,0.0,1.0
0.0,0.0,1.0
301.8021,-0.08144531,1.0
703.2304,-0.025598958,1.0
703.2304,0.0,1.0
0.0,0.0,1.0
0.0,0.0,1.0
55.38082,-0.009954102,1.0
74.0,-0.049676612,1.0
0.0,0.0,1.0
0.0,0.0,1.0
0.0,0.0,1.0
317.12775,-0.9521327,1.0
77.189705,-0.50111693,1.0
55.220013,-0.2774031,1.0
127.88276,-0.06473176,1.0
0.0,0.0,1.0
0.0,0.0,1.0
16.5,-0.21273178,1.0
0.0,0.0,1.0
53.918922,0.43046477,1.0
0.0,0.0,1.0
0.0,0.0,1.0
0.0,0.0,1.0
0.0,0.0,1.0
0.0,0.0,1.0
67.44627,-0.16031158,1.0
0.0,0.0,1.0
0.0,0.0,1.0
0.0,0.0,1.0
16.5,-0.2701532,1.0
51.790443,0.26371184,1.0
77.682045,-0.08903964,1.0
0.0,0.0,1.0
222.59605,0.028890684,1.0
0.0,0.0,1.0
0.0,0.0,1.0
0.0,0.0,1.0
0.0,0.0,1.0
25.04496,1.7739657,1.0
0.0,0.0,1.0
56.718605,-1.2754287,1.0
0.0,0.0,1.0
41.439716,-1.7439891,1.0
68.34654,0.3688889,1.0
0.0,0.0,1.0
19.678669,-0.67384106,1.0
0.0,0.0,1.0
77.0,0.47501075,1.0
38.5,-0.0,1.0
55.0,0.0,1.0
18.333334,-0.0,1.0
5.5,0.0,1.0
11.0,-0.0,1.0
0.0,0.0,1.0
77.0,0.0,1.0
56.718605,-0.15935165,1.0
0.0,0.0,1.0
91.78235,-0.03804392,1.0
0.0,0.0,1.0
56.22277,1.7439891,1.0
19.678669,-1.3738439,1.0
0.0,0.0,1.0
0.0,0.0,1.0
65.459915,-2.3134072,1.0
27.5,1.2442149,1.0
0.0,0.0,1.0
0.0,0.0,1.0
0.0,0.0,1.0
0.0,0.0,1.0
0.0,0.0,1.0
0.0,0.0,1.0
0.0,0.0,1.0
35.35534,-1.0691923,1.0
10.5,1.0691923,1.0
0.0,0.0,1.0
21.0,-0.0,1.0
10.5,0.0,1.0
22.945587,-0.19739556,1.0
16.36704,0.5676664,1.0
0.0,0.0,1.0
0.0,0.0,1.0
54.373707,0.68243605,1.0
31.468239,0.37000614,1.0
55.0,-0.79663366,1.0
25.04496,0.5871955,1.0
0.0,0.0,1.0
0.0,0.0,1.0
0.0,0.0,1.0
10.5,-1.1160771,1.0
21.0,0.0,1.0
10.5,-0.0,1.0
0.0,0.0,1.0
0.0,0.0,1.0
0.0,0.0,1.0
0.0,0.0,1.0
0.0,0.0,1.0
0.0,0.0,1.0
67.44627,0.2701532,1.0
33.723137,0.0,1.0
66.0,-0.67114383,1.0
68.88396,-0.8779168,1.0
34.44198,-2.263676,1.0
53.0,0.69287956,1.0
53.0,0.0,1.0
0.0,0.0,1.0
0.0,0.0,1.0
0.0,0.0,1.0
0.0,0.0,1.0
0.0,0.0,1.0
0.0,0.0,1.0
127.88276,0.21273178,1.0
40.35468,-0.3323101,1.0
3.6,0.9793573,1.0
53.009434,-0.34109563,1.0
0.0,0.0,1.0
36.71512,1.1370249,1.0
29.841248,-0.361014,1.0
0.0,0.0,1.0
37.589893,1.0714496,1.0
33.0,0.49934673,1.0
16.5,0.0,1.0
0.0,0.0,1.0
16.5,-0.0,1.0
33.0,0.0,1.0
33.0,-0.0,1.0
13.25,0.0,1.0
0.0,0.0,1.0
14.21267,0.6857295,1.0
0.0,0.0,1.0
0.0,0.0,1.0
0.0,0.0,1.0
0.0,0.0,1.0
0.0,0.0,1.0
54.0,-0.6857295,1.0
16.69664,1.5981557,1.0
62.936478,-0.3194434,1.0
0.0,0.0,1.0
0.0,0.0,1.0
32.729958,0.0,1.0
0.0,0.0,1.0
65.459915,0.0,1.0
90.0,1.2442149,1.0
0.0,0.0,1.0
0.0,0.0,1.0
0.0,0.0,1.0
69.0,0.0,1.0
34.5,-0.0,1.0
0.0,0.0,1.0
0.0,0.0,1.0
0.0,0.0,1.0
16.69664,0.79208934,1.0
48.654392,0.0,1.0
28.42534,-0.0050614174,1.0
13.25,-0.6857295,1.0
0.0,0.0,1.0
0.0,0.0,1.0
4.5,-1.5707964,1.0
18.0,3.1415927,1.0
0.0,0.0,1.0
164.2833,-0.15821934,1.0
0.0,0.0,1.0
0.0,0.0,1.0
0.0,0.0,1.0
0.0,0.0,1.0
0.0,0.0,1.0
0.0,0.0,1.0
4.5,1.2933328,1.0
9.0,-3.1415927,1.0
16.5,-0.0,1.0
37.589893,0.49934673,1.0
72.235725,0.4937343,1.0
0.0,0.0,1.0
0.0,0.0,1.0
284.64233,0.09871126,1.0
0.0,0.0,1.0
588.27545,-0.030602688,1.0
0.0,0.0,5.0
0.0,0.0,5.0
0.0,0.0,5.0
18.35756,0.5123895,5.0
0.0,0.0,5.0
0.0,0.0,5.0
36.71512,0.0,5.0
0.0,0.0,5.0
0.0,0.0,5.0
6.4,-0.5123895,5.0
17.666666,-0.0,5.0
43.931767,0.20632389,5.0
43.931767,0.0,5.0
22.0,-0.20632389,5.0
0.0,0.0,5.0
21.5,0.0,5.0
0.0,0.0,5.0
0.0,0.0,5.0
33.723137,0.2701532,5.0
50.803543,0.08436646,5.0
18.35756,0.6904824,5.0
0.0,0.0,5.0
0.0,0.0,5.0
0.0,0.0,5.0
63.94138,-0.01982516,5.0
9.0,-1.7835281,5.0
33.0,-1.5707964,5.0
65.12488,-0.13965993,5.0
63.144676,0.18353523,5.0
0.0,0.0,5.0
43.0,-0.14301687,5.0
233.04077,0.49478552,5.0
0.0,0.0,5.0
236.4831,-1.1758639,5.0
482.0,-0.020900972,5.0
362.16882,0.060782574,5.0
362.16882,0.0,5.0
318.87656,-1.3056244,5.0
0.0,0.0,5.0
0.0,0.0,5.0
0.0,0.0,5.0
428.5,-0.8399579,5.0
49.0,0.0,5.0
16.5,-0.0,5.0
0.0,0.0,5.0
32.5,0.0,5.0
21.5,0.0,5.0
0.0,0.0,5.0
0.0,0.0,5.0
13.5,-1.5707964,5.0
9.0,0.0,5.0
0.0,0.0,5.0
22.5,-0.66104317,5.0
0.0,0.0,5.0
0.0,0.0,5.0
0.0,0.0,5.0
9.0,3.1415927,5.0
0.72,-3.1415927,5.0
22.5,-3.1415927,5.0
0.0,0.0,5.0
15.0,-3.1415927,5.0
0.0,0.0,5.0
444.56973,-0.045226783,5.0
17.5,-0.050632365,5.0
22.5,-3.1415927,5.0
0.0,0.0,5.0
0.0,0.0,5.0
0.0,0.0,5.0
0.0,0.0,5.0
0.0,0.0,5.0
0.0,0.0,5.0
9.0,3.1415927,5.0
0.0,0.0,5.0
9.0,-3.1415927,5.0
9.0,3.1415927,5.0
9.0,-3.1415927,5.0
9.0,3.1415927,5.0
0.0,0.0,5.0
0.0,0.0,5.0
9.0,-3.1415927,5.0
0.0,0.0,5.0
30.0,1.5707964,5.0
0.0,0.0,5.0
0.0,0.0,5.0
0.0,0.0,5.0
0.8108108,-0.0,5.0
0.0,0.0,5.0
0.0,0.0,5.0
0.0,0.0,5.0
0.0,0.0,5.0
0.0,0.0,5.0
0.0,0.0,5.0
0.0,0.0,5.0
0.0,0.0,5.0
0.0,0.0,5.0
93.93216,0.09596104,5.0
38.26552,0.02191106,5.0
0.0,0.0,5.0
27.5,-0.117872104,5.0
45.891174,-0.19739556,5.0
17.5,0.19739556,5.0
11.666667,-0.0,5.0
0.0,0.0,5.0
30.594116,-0.19739556,5.0
48.5,0.19739556,5.0
16.0,-0.0,5.0
9.518435,-0.048140526,5.0
0.0,0.0,5.0
0.0,0.0,5.0
0.0,0.0,5.0
9.0,1.5085499,5.0
0.0,0.0,5.0
0.0,0.0,5.0
0.0,0.0,5.0
45.891174,-1.7681919,5.0
31.0,-1.3149878,5.0
28.666666,1.5707964,5.0
28.98467,0.5305579,5.0
5.5,-0.5305579,5.0
77.682045,0.1746722,5.0
0.0,0.0,5.0
53.0,-0.1746722,5.0
0.0,0.0,5.0
297.04562,-0.5874071,5.0
93.93216,0.045442265,5.0
0.0,0.0,5.0
18.35756,0.41642842,5.0
18.35756,0.0,5.0
16.0,-0.5123895,5.0
72.235725,0.18131472,5.0
11.0,-0.38307706,5.0
49.327984,0.18347995,5.0
49.327984,0.0,5.0
12.529964,-0.6828267,5.0
33.0,-0.49934673,5.0
0.0,0.0,5.0
0.0,0.0,5.0
0.0,0.0,5.0
0.0,0.0,5.0
0.0,0.0,5.0
0.0,0.0,5.0
49.819675,0.18164884,5.0
0.0,0.0,5.0
25.401772,-0.17809294,5.0
0.0,0.0,5.0
0.0,0.0,5.0
93.93216,0.274054,5.0
0.0,0.0,5.0
77.5,-0.09596104,5.0
0.0,0.0,5.0
32.0,0.0,5.0
0.0,0.0,5.0
0.0,0.0,5.0
55.661926,0.24497867,5.0
0.17437363,0.15552814,5.0
0.0,0.0,5.0
20.777779,-0.15552814,5.0
2.3493683,0.49934673,5.0
45.06939,0.0,5.0
33.723137,0.5743617,5.0
0.0,0.0,5.0
0.0,0.0,5.0
49.819675,0.0,5.0
0.0,0.0,5.0
0.0,0.0,5.0
0.0,0.0,5.0
0.0,0.0,5.0
10.5,-0.18164884,5.0
29.287844,0.20632389,5.0
33.723137,0.0638293,5.0
0.0,0.0,5.0
0.0,0.0,5.0
10.5,-0.2701532,5.0
10.5,0.0,5.0
49.0,-0.0,5.0
0.0,0.0,5.0
78.78134,-0.31591156,5.0
0.0,0.0,5.0
0.0,0.0,5.0
0.0,0.0,5.0
0.0,0.0,5.0
90.34656,0.04812709,5.0
0.0,0.0,5.0
21.5,-0.25168997,5.0
32.5,-0.0,5.0
32.5,0.0,5.0
0.0,0.0,5.0
0.0,0.0,5.0
32.5,0.0,5.0
855.18475,0.97639364,5.0
0.0,0.0,5.0
0.0,0.0,5.0
103.5,0.57133746,5.0
0.0,0.0,5.0
0.0,0.0,5.0
34.20526,-0.23309468,5.0
37.589893,0.23309468,5.0
18.794947,0.0,5.0
110.82531,-0.8159309,5.0
4.5,-1.6929129,5.0
0.0,0.0,5.0
0.0,0.0,5.0
0.0,0.0,5.0
0.0,0.0,5.0
0.0,0.0,5.0
0.0,0.0,5.0
0.0,0.0,5.0
0.0,0.0,5.0
0.0,0.0,5.0
0.0,0.0,5.0
0.0,0.0,5.0
0.0,0.0,5.0
28.504385,-2.4805496,5.0
17.5,0.90975314,5.0
64.00781,0.0,5.0
0.0,0.0,5.0
0.0,0.0,5.0
0.0,0.0,5.0
0.0,0.0,5.0
0.0,0.0,5.0
0.0,0.0,5.0
0.0,0.0,5.0
0.0,0.0,5.0
63.409878,0.0,5.0
220.73514,0.010609776,5.0
110.36757,0.0,5.0
0.0,0.0,5.0
0.0,0.0,5.0
0.0,0.0,5.0
112.27756,0.0,5.0
77.682045,0.1746722,5.0
0.0,0.0,5.0
145.25322,0.15552814,5.0
78.78134,0.08787075,5.0
34.5,-0.2896331,5.0
0.0,0.0,5.0
17.5,0.0,5.0
17.5,-0.0,5.0
0.0,0.0,5.0
17.5,0.0,5.0
82.07923,0.0,5.0
17.5,-0.3872936,5.0
39.357338,0.47501075,5.0
19.678669,0.0,5.0
126.72115,-0.048792474,5.0
9.0,-1.677532,5.0
17.5,1.5707964,5.0
0.0,0.0,5.0
0.0,0.0,5.0
0.0,0.0,5.0
17.5,0.0,5.0
17.5,-0.0,5.0
0.0,0.0,5.0
11.666667,0.0,5.0
65.67005,0.48853558,5.0
0.0,0.0,5.0
0.0,0.0,5.0
0.0,0.0,5.0
77.5,-0.32014543,5.0
77.5,-0.0,5.0
77.5,0.0,5.0
18.35756,0.5123895,5.0
0.0,0.0,5.0
0.0,0.0,5.0
18.35756,0.0,5.0
10.5,-0.5123895,5.0
0.0,0.0,5.0
26.5,0.0,5.0
26.5,-0.0,5.0
29.287844,0.20632389,5.0
9.0,-1.7771202,5.0
0.0,0.0,5.0
22.84372,0.7281083,5.0
311.7924,-0.04091644,5.0
858.1288,-0.86038226,5.0
21.319006,1.1614248,5.0
63.144676,-0.3494689,5.0
0.0,0.0,5.0
9.0,1.4277794,5.0
33.723137,-1.3006431,5.0
0.0,0.0,5.0
0.0,0.0,5.0
0.0,0.0,5.0
0.0,0.0,5.0
86.0,-0.2701532,5.0
19.235384,-0.48689923,5.0
35.35534,0.15628456,5.0
17.5,-1.0691923,5.0
0.0,0.0,5.0
0.0,0.0,5.0
0.0,0.0,5.0
11.666667,0.0,5.0
27.5,0.0,5.0
32.5,0.0,5.0
0.0,0.0,5.0
0.0,0.0,5.0
0.0,0.0,5.0
32.5,0.0,5.0
746.2982,0.058991875,5.0
0.0,0.0,5.0
23.732304,1.5760227,5.0
74.88306,0.00997925,5.0
37.725986,-0.86757445,5.0
0.0,0.0,5.0
0.0,0.0,5.0
21.5,0.96441346,5.0
28.359303,-0.15935165,5.0
4.5,-1.4114447,5.0
7.5,-3.1415927,5.0
0.0,0.0,5.0
0.0,0.0,5.0
0.0,0.0,5.0
0.0,0.0,5.0
0.0,0.0,5.0
0.0,0.0,5.0
0.0,0.0,5.0
52.520897,0.08787075,5.0
43.0,-0.2896331,5.0
0.0,0.0,5.0
16.0,0.0,5.0
16.0,-0.0,5.0
32.5,0.0,5.0
284.32068,0.047499456,5.0
18.794947,-0.77764636,5.0
34.44198,1.6201748,5.0
46.38157,1.3270835,5.0
0.0,0.0,5.0
0.0,0.0,5.0
0.0,0.0,5.0
0.0,0.0,5.0
22.5,-3.1415927,5.0
17.5,1.5707964,5.0
17.5,-0.0,5.0
0.0,0.0,5.0
0.0,0.0,5.0
56.0,0.0,5.0
0.0,0.0,5.0
0.0,0.0,5.0
0.0,0.0,5.0
109.48972,0.16514868,5.0
33.723137,0.10500452,5.0
0.0,0.0,5.0
34.88553,0.0,5.0
32.5,-1.0943289,5.0
0.0,0.0,5.0
21.666666,-0.0,5.0
121.44572,-1.2944385,5.0
0.0,0.0,5.0
77.682045,0.34306237,5.0
193.50711,0.19468176,5.0
0.0,0.0,5.0
18.794947,-0.77764636,5.0
22.482092,0.7694999,5.0
0.0,0.0,5.0
8.6,-0.2701532,5.0
11.0,0.0,5.0
45.0,0.0,5.0
0.0,0.0,5.0
0.0,0.0,5.0
0.0,0.0,5.0
56.0,0.0,5.0
60.351055,0.0,5.0
38.5,0.38204485,5.0
0.0,0.0,5.0
11.666667,0.0,5.0
62.333332,0.0,5.0
16.0,-0.0,5.0
10.5,0.0,5.0
33.5,-0.0,5.0
0.0,0.0,5.0
16.5,0.0,5.0
233.04077,-0.036050864,5.0
0.0,0.0,5.0
51.790443,0.26371184,5.0
227.26416,0.0,5.0
62.5,-0.32175055,5.0
0.0,0.0,5.0
32.5,0.0,5.0
0.0,0.0,5.0
0.0,0.0,5.0
0.0,0.0,5.0
0.0,0.0,5.0
0.0,0.0,5.0
0.0,0.0,5.0
0.0,0.0,5.0
51.666668,0.0,5.0
0.0,0.0,5.0
8.75,0.0,5.0
17.5,-0.0,5.0
17.5,0.0,5.0
17.5,-0.0,5.0
0.0,0.0,5.0
35.0,0.0,5.0
224.55511,-0.036846977,5.0
22.5,-0.20176235,5.0
11.0,0.0,5.0
0.0,0.0,5.0
21.5,0.0,5.0
21.666666,0.0,5.0
205.75,-0.0,5.0
22.0,-0.98279375,5.0
26.5,1.5707964,5.0
0.0,0.0,5.0
0.0,0.0,5.0
13.829317,-0.7086263,5.0
0.0,0.0,5.0
0.0,0.0,5.0
21.5,0.7086263,5.0
0.0,0.0,5.0
22.5,-1.1887515,5.0
0.0,0.0,5.0
0.0,0.0,5.0
4.5,3.1415927,5.0
9.0,-3.1415927,5.0
31.0,-3.1415927,5.0
34.5,1.5707964,5.0
0.0,0.0,5.0
0.0,0.0,5.0
0.0,0.0,5.0
0.0,0.0,5.0
0.0,0.0,5.0
13.5,-1.8604294,5.0
16.75,-0.5554937,5.0
33.0,0.0,5.0
16.0,0.0,5.0
0.0,0.0,5.0
0.0,0.0,5.0
0.0,0.0,5.0
0.0,0.0,5.0
0.0,0.0,5.0
77.5,0.0,5.0
0.0,0.0,5.0
0.0,0.0,5.0
0.0,0.0,5.0
0.0,0.0,5.0
0.0,0.0,5.0
0.0,0.0,5.0
0.0,0.0,5.0
0.0,0.0,5.0
77.5,0.0,5.0
0.0,0.0,5.0
0.0,0.0,5.0
13.829317,-0.7086263,5.0
0.0,0.0,5.0
0.0,0.0,5.0
69.729836,0.49694332,5.0
411.5,-0.0,5.0
0.0,0.0,5.0
107.87418,-0.11696434,5.0
330.10605,0.1075772,5.0
0.0,0.0,5.0
0.10523352,0.8830847,5.0
301.80292,-0.83994776,5.0
461.69742,0.2813401,5.0
0.0,0.0,5.0
0.0,0.0,5.0
72.02854,-1.2797828,5.0
80.700066,-0.17623799,5.0
77.5,0.28255495,5.0
0.0,0.0,5.0
0.0,0.0,5.0
0.0,0.0,5.0
0.0,0.0,5.0
0.0,0.0,5.0
0.0,0.0,5.0
0.0,0.0,5.0
0.0,0.0,5.0
0.0,0.0,5.0
0.0,0.0,5.0
0.0,0.0,5.0
0.0,0.0,5.0
9.0,1.5707964,5.0
93.5,-1.5707964,5.0
66.0,0.17809294,5.0
333.77988,-1.393922,5.0
0.0,0.0,5.0
241.44588,-1.5100137,5.0
48.0,-0.50939035,5.0
18.794947,-0.49934673,5.0
16.5,0.49934673,5.0
16.5,0.0,5.0
0.0,0.0,5.0
54.74486,0.16514868,5.0
11.25,-1.1887515,5.0
77.5,1.5707964,5.0
77.5,-0.0,5.0
0.0,0.0,5.0
19.678669,0.47501075,5.0
0.0,0.0,5.0
13.119112,5.551115E-17,5.0
31.0,-3.1415927,5.0
0.0,0.0,5.0
17.5,1.5707964,5.0
19.678669,-0.47501075,5.0
156.04166,0.3593996,5.0
48.83646,-0.18534794,5.0
689.2351,0.049073238,5.0
485.78287,1.1283242,5.0
86.95401,-0.16232166,5.0
97.62812,1.0965805,5.0
48.0,-0.50939035,5.0
0.0,0.0,5.0
0.0,0.0,5.0
16.5,0.0,5.0
0.0,0.0,5.0
0.0,0.0,5.0
9.0,1.5707964,5.0
0.0,0.0,5.0
47.013,-0.08617561,5.0
14.21267,1.0029958,5.0
0.0,0.0,5.0
39.537956,-0.91537195,5.0
19.235384,-0.25725678,5.0
43.0,0.48689923,5.0
38.56488,0.23554498,5.0
0.0,0.0,5.0
18.35756,0.27684447,5.0
18.35756,0.0,5.0
0.0,0.0,5.0
18.35756,0.0,5.0
10.5,-0.5123895,5.0
32.5,0.0,5.0
43.0,0.0,5.0
33.723137,0.2701532,5.0
226.28577,0.12469301,5.0
0.0,0.0,5.0
267.84042,-0.92206913,5.0
70.58879,-0.40738374,5.0
18.794947,-1.0714496,5.0
21.666666,-0.49934673,5.0
0.0,0.0,5.0
51.78803,0.1746722,5.0
428.5945,-0.8189575,5.0
0.0,0.0,5.0
637.7531,-0.02567094,5.0
22.96132,0.69287956,5.0
0.0,0.0,5.0
485.78287,0.0,5.0
424.23108,-1.3074435,5.0
0.0,0.0,5.0
96.0,0.0,5.0
65.0,0.0,5.0
67.44627,0.2701532,5.0
67.44627,0.0,5.0
89.827614,-0.13714509,5.0
21.0,0.7617805,5.0
0.0,0.0,5.0
0.0,0.0,5.0
0.0,0.0,5.0
121.34249,-0.14888994,5.0
79.07591,-0.08075249,5.0
39.537956,0.0,5.0
38.470768,-0.25725678,5.0
19.235384,0.0,5.0
79.07591,0.25725678,5.0
55.605755,1.8773211,5.0
79.07591,-1.1425501,5.0
79.101906,0.0,5.0
0.0,0.0,5.0
25.666666,-0.19078408,5.0
17.5,0.0,5.0
0.0,0.0,5.0
19.678669,0.47501075,5.0
0.0,0.0,5.0
19.678669,0.0,5.0
64.00781,-2.0763774,5.0
0.0,0.0,5.0
39.537956,0.2759386,5.0
54.644306,-0.6032299,5.0
27.5,0.6032299,5.0
22.5,-0.66104317,5.0
77.5,1.5707964,5.0
0.0,0.0,5.0
108.04855,-0.049786314,5.0
277.5,-0.16272737,5.0
0.0,0.0,5.0
0.37323943,0.0,5.0
0.0,0.0,5.0
93.93216,0.09596104,5.0
242.89143,0.14487645,5.0
0.0,0.0,5.0
0.0,0.0,5.0
169.95587,0.78436553,5.0
0.0,0.0,5.0
77.027596,-0.11710875,5.0
0.0,0.0,5.0
0.0,0.0,5.0
0.0,0.0,5.0
0.9239216,0.38726196,5.0
0.0,0.0,5.0
58.5,0.10515803,5.0
139.45967,0.0768632,5.0
0.0,0.0,5.0
0.0,0.0,5.0
0.0,0.0,5.0
69.729836,0.32855317,5.0
0.0,0.0,5.0
0.0,0.0,5.0
0.0,0.0,5.0
0.0,0.0,5.0
18.35756,0.1838363,5.0
16.5,-0.5123895,5.0
207.19556,-0.052408252,5.0
0.0,0.0,5.0
250.16045,-1.1013776,5.0
77.682045,0.25249636,5.0
240.88817,0.052047607,5.0
284.0,-0.9129077,5.0
33.0,-0.27829966,5.0
16.0,0.0,5.0
0.0,0.0,5.0
0.0,0.0,5.0
0.0,0.0,5.0
0.0,0.0,5.0
0.0,0.0,5.0
32.5,0.0,5.0
45.0,0.0,5.0
0.0,0.0,5.0
5.6224766,0.47501075,5.0
19.678669,-5.551115E-17,5.0
0.0,0.0,5.0
0.0,0.0,5.0
0.0,0.0,5.0
0.0,0.0,5.0
0.0,0.0,5.0
0.0,0.0,5.0
0.0,0.0,5.0
0.0,0.0,5.0
17.5,-0.47501075,5.0
17.5,-0.0,5.0
49.0,-0.0,5.0
0.0,0.0,5.0
0.0,0.0,5.0
0.0,0.0,5.0
33.723137,0.2701532,5.0
37.589893,0.0,5.0
180.66612,-1.4848971,5.0
77.682045,0.14485648,5.0
181.08441,0.0,5.0
0.0,0.0,5.0
274.40115,-0.044434994,5.0
0.0,0.0,5.0
16.5,0.0,5.0
16.5,0.0,5.0
16.0,0.0,5.0
16.0,0.0,5.0
0.0,0.0,5.0
16.0,-0.0,5.0
4.5,-1.2882414,5.0
17.5,1.5707964,5.0
35.0,-0.0,5.0
0.0,0.0,5.0
0.0,0.0,5.0
0.0,0.0,5.0
0.0,0.0,5.0
0.0,0.0,5.0
0.0,0.0,5.0
0.0,0.0,5.0
17.5,0.0,5.0
17.5,-0.0,5.0
0.0,0.0,5.0
0.0,0.0,5.0
0.0,0.0,5.0
17.5,0.0,5.0
0.0,0.0,5.0
17.5,-0.0,5.0
0.0,0.0,5.0
0.0,0.0,5.0
51.666668,0.0,5.0
36.71512,0.5123895,5.0
0.0,0.0,5.0
0.0,0.0,5.0
0.0,0.0,5.0
11.0,-0.5123895,5.0
31.319616,-1.2200178,5.0
9.397473,-0.49934673,5.0
145.25322,-0.22754891,5.0
11.5,-0.15552814,5.0
152.06906,0.11864543,5.0
33.723137,0.15150777,5.0
0.0,0.0,5.0
0.0,0.0,5.0
79.05694,0.0,5.0
12.5,-0.13552772,5.0
0.0,0.0,5.0
18.35756,0.5123895,5.0
0.0,0.0,5.0
0.0,0.0,5.0
0.0,0.0,5.0
0.0,0.0,5.0
126.819756,-0.110622264,5.0
77.5,-0.07102656,5.0
51.666668,-0.0,5.0
35.0,0.0,5.0
11.666667,-0.0,5.0
0.0,0.0,5.0
351.6152,1.0560776,5.0
0.0,0.0,5.0
0.0,0.0,5.0
23.125263,-1.308337,5.0
32.5,-0.2624594,5.0
16.0,0.0,5.0
16.0,-0.0,5.0
0.0,0.0,5.0
32.729958,-0.91920704,5.0
11.0,1.2442149,5.0
66.64833,-0.2070118,5.0
0.0,0.0,5.0
0.0,0.0,5.0
10.5,-0.4837791,5.0
45.0,-0.0,5.0
45.0,0.0,5.0
45.0,-0.0,5.0
56.0,0.0,5.0
56.0,-0.0,5.0
52.520897,0.4017438,5.0
21.0,-0.2896331,5.0
30.0,-0.0,5.0
77.5,0.0,5.0
0.0,0.0,5.0
16.0,0.0,5.0
49.819675,-0.08460322,5.0
0.0,0.0,5.0
3.8925369,0.20785867,5.0
93.93216,-0.045492947,5.0
0.0,0.0,5.0
6.6,-0.09596104,5.0
13.945967,0.32855317,5.0
126.819756,-0.110622264,5.0
77.5,-0.07102656,5.0
12.238373,0.5123895,5.0
33.0,-0.0,5.0
16.5,0.0,5.0
16.5,-0.0,5.0
93.93216,0.09596104,5.0
93.93216,0.0,5.0
18.35756,0.41642842,5.0
32.5,-0.5123895,5.0
16.5,-0.0,5.0
28.504385,-0.754225,5.0
57.60425,0.67319536,5.0
77.0,0.23655781,5.0
0.0,0.0,5.0
9.0,-1.5707964,5.0
9.0,3.1415927,5.0
19.678669,-1.0957856,5.0
0.0,0.0,5.0
0.0,0.0,5.0
0.0,0.0,5.0
0.0,0.0,5.0
0.0,0.0,5.0
0.0,0.0,5.0
0.0,0.0,5.0
0.0,0.0,5.0
0.0,0.0,5.0
77.5,-0.47501075,5.0
0.0,0.0,5.0
13.829317,-0.7086263,5.0
13.829317,0.0,5.0
0.0,0.0,5.0
0.0,0.0,5.0
33.723137,0.9787795,5.0
0.0,0.0,5.0
25.0,0.0,5.0
59.682495,0.15137544,5.0
27.608875,0.5883208,5.0
35.598454,1.5337685,5.0
34.5,-1.0568767,5.0
34.5,-0.0,5.0
0.0,0.0,5.0
0.0,0.0,5.0
0.0,0.0,5.0
0.0,0.0,5.0
0.0,0.0,5.0
17.5,0.0,5.0
28.504385,0.0,5.0
0.0,0.0,5.0
22.102036,0.25267822,5.0
17.5,0.6570749,5.0
17.5,0.0,5.0
79.07591,-0.22964244,5.0
21.5,0.22964244,5.0
13.829317,-0.7086263,5.0
0.0,0.0,5.0
26.5,0.7086263,5.0
0.0,0.0,5.0
16.5,0.0,5.0
0.0,0.0,5.0
33.723137,0.2701532,5.0
250.16045,-1.4208727,5.0
33.0,0.0,5.0
9.0,1.5707964,5.0
0.0,0.0,5.0
44.34242,0.5191461,5.0
11.666667,-0.5191461,5.0
6.0,-1.5707964,5.0
0.0,0.0,5.0
22.5,-3.1415927,5.0
56.0,1.5707964,5.0
0.0,0.0,5.0
48.654392,0.0,5.0
77.12976,-0.45524594,5.0
16.5,-0.23554498,5.0
33.723137,0.2701532,5.0
33.723137,0.0,5.0
18.794947,-0.49934673,5.0
16.5,0.49934673,5.0
0.0,0.0,5.0
18.35756,0.5123895,5.0
13.829317,-1.2210157,5.0
0.0,0.0,5.0
23.769728,1.096945,5.0
23.769728,0.0,5.0
67.601776,-0.25478968,5.0
0.0,0.0,5.0
0.0,0.0,5.0
0.0,0.0,5.0
28.504385,-2.4805496,5.0
15.5,-0.51391965,5.0
0.0,0.0,5.0
0.0,0.0,5.0
0.0,0.0,5.0
18.0,3.1415927,5.0
0.0,0.0,5.0
0.0,0.0,5.0
0.0,0.0,5.0
9.0,-3.1415927,5.0
0.0,0.0,5.0
0.0,0.0,5.0
0.0,0.0,5.0
0.0,0.0,5.0
11.666667,1.5707964,5.0
40.0,0.0,5.0
10.5,-0.0,5.0
10.5,0.0,5.0
9.17878,0.5123895,5.0
18.794947,-1.0117362,5.0
50.403637,0.39477715,5.0
48.83646,-0.3701458,5.0
16.5,-0.18534794,5.0
0.0,0.0,5.0
0.0,0.0,5.0
16.0,0.0,5.0
0.0,0.0,5.0
0.0,0.0,5.0
51.666668,0.0,5.0
0.0,0.0,5.0
0.0,0.0,5.0
0.0,0.0,5.0
0.0,0.0,5.0
19.678669,0.47501075,5.0
49.5,-0.47501075,5.0
14.21267,0.38152102,5.0
0.0,0.0,5.0
12.529964,-1.1850762,5.0
241.44588,-1.0084097,5.0
0.0,0.0,5.0
51.790443,-1.3070844,5.0
0.0,0.0,5.0
103.58089,0.0,5.0
53.0,-0.26371184,5.0
0.0,0.0,5.0
155.36409,0.0,5.0
27.658634,-0.88329846,5.0
0.0,0.0,5.0
155.0,0.7086263,5.0
90.0,0.0,5.0
57.870544,-0.31628612,5.0
35.0,0.31628612,5.0
0.0,0.0,5.0
45.0,-3.1415927,5.0
0.0,0.0,5.0
45.0,-3.1415927,5.0
0.0,0.0,5.0
0.0,0.0,5.0
0.0,0.0,5.0
0.0,0.0,5.0
15.0,-3.1415927,5.0
0.0,0.0,5.0
0.0,0.0,5.0
0.0,0.0,5.0
0.0,0.0,5.0
0.0,0.0,5.0
0.0,0.0,5.0
0.0,0.0,5.0
45.0,1.5707964,5.0
90.0,-0.0,5.0
45.0,0.0,5.0
11.0,0.0,5.0
62.0,-2.5352097,5.0
0.0,0.0,5.0
49.0,-0.0,5.0
22.333334,0.0,5.0
33.0,-0.0,5.0
0.0,0.0,5.0
13.5,-2.508844,5.0
17.10263,-0.6055447,5.0
31.468239,1.7063868,5.0
45.0,-0.79663366,5.0
0.0,0.0,5.0
0.0,0.0,5.0
0.0,0.0,5.0
0.0,0.0,5.0
0.0,0.0,5.0
0.0,0.0,5.0
0.0,0.0,5.0
141.35417,-1.894784,5.0
11.0,0.3239877,5.0
21.5,0.0,5.0
18.35756,0.5123895,5.0
16.5,-0.5123895,5.0
34.44198,1.6201748,5.0
26.352314,0.30133617,5.0
284.0,0.0732023,5.0
26.959461,0.83535653,5.0
13.829317,-1.139091,5.0
27.802877,1.5079774,5.0
0.0,0.0,5.0
9.0,-2.483704,5.0
28.504385,0.0,5.0
11.25,-0.66104317,5.0
0.0,0.0,5.0
0.0,0.0,5.0
0.0,0.0,5.0
0.0,0.0,5.0
0.0,0.0,5.0
0.0,0.0,5.0
0.0,0.0,5.0
0.0,0.0,5.0
0.0,0.0,5.0
0.0,0.0,5.0
0.0,0.0,5.0
39.357338,2.0458071,5.0
26.352314,1.0812399,5.0
0.0,0.0,5.0
18.35756,-0.093155205,5.0
96.05337,-0.23109066,5.0
411.59842,-1.09106,5.0
284.32068,-0.8643192,5.0
39.52847,0.6055447,5.0
13.829317,-1.314171,5.0
27.608875,0.48148584,5.0
46.38157,1.3566493,5.0
19.678669,-0.25700307,5.0
17.5,-0.47501075,5.0
0.0,0.0,5.0
9.0,-1.5707964,5.0
0.0,0.0,5.0
0.0,0.0,5.0
0.0,0.0,5.0
0.0,0.0,5.0
0.0,0.0,5.0
0.0,0.0,5.0
6.0,3.1415927,5.0
9.0,-3.1415927,5.0
0.0,0.0,5.0
0.0,0.0,5.0
34.5,1.5707964,5.0
0.0,0.0,5.0
0.0,0.0,5.0
40.782963,0.37972072,5.0
18.794947,-0.49934673,5.0
328.2381,0.03720671,5.0
0.0,0.0,5.0
5.2210584,-0.07870281,5.0
0.0,0.0,5.0
28.504385,-2.4805496,5.0
22.5,-0.66104317,5.0
0.0,0.0,5.0
17.5,1.5707964,5.0
25.666666,0.0,5.0
22.5,-1.1887515,5.0
50.31153,-2.0344439,5.0
0.0,0.0,5.0
32.5,0.4636476,5.0
0.0,0.0,5.0
9.0,1.5707964,5.0
0.0,0.0,5.0
33.723137,-1.3006431,5.0
0.0,0.0,5.0
32.5,-0.2701532,5.0
21.319006,0.08018485,5.0
0.0,0.0,5.0
0.0,0.0,5.0
0.0,0.0,5.0
34.526962,0.7273594,5.0
66.0,-1.5707964,5.0
53.0,0.0,5.0
0.0,0.0,5.0
65.78754,2.336966,5.0
0.0,0.0,5.0
0.0,0.0,5.0
0.0,0.0,5.0
90.0,-1.2298174,5.0
0.0,0.0,5.0
0.0,0.0,5.0
0.0,0.0,5.0
0.0,0.0,5.0
0.0,0.0,5.0
0.0,0.0,5.0
0.0,0.0,5.0
0.0,0.0,5.0
0.0,0.0,5.0
43.416588,-0.13863973,5.0
0.0,0.0,5.0
55.97321,0.46603996,5.0
0.0,0.0,5.0
10.5,-0.3274002,5.0
21.0,-0.0,5.0
87.86353,0.20632389,5.0
0.0,0.0,5.0
67.44627,0.0638293,5.0
0.0,0.0,5.0
0.0,0.0,5.0
724.33765,-0.7903104,5.0
890.4095,-0.6554017,5.0
789.2053,0.0,5.0
4.737557,0.5636129,5.0
16.5,-0.34229562,5.0
0.0,0.0,5.0
16.5,-0.49934673,5.0
22.0,-0.6435011,5.0
98.65597,1.7542763,5.0
22.5,-0.18347995,5.0
0.0,0.0,5.0
0.0,0.0,5.0
0.0,0.0,5.0
0.0,0.0,5.0
0.0,0.0,5.0
0.0,0.0,5.0
0.0,0.0,5.0
0.0,0.0,5.0
0.0,0.0,5.0
0.0,0.0,5.0
19.678669,0.47501075,5.0
15.0,-0.9137214,5.0
22.5,-3.1415927,5.0
0.0,0.0,5.0
0.0,0.0,5.0
0.0,0.0,5.0
0.0,0.0,5.0
0.0,0.0,5.0
0.0,0.0,5.0
0.0,0.0,5.0
0.0,0.0,5.0
39.52847,0.4037823,5.0
33.723137,-0.33539146,5.0
0.0,0.0,5.0
81.00154,0.11133888,5.0
300.0,-0.0,5.0
1.8476762,-0.043124475,5.0
44.407207,0.69102144,5.0
67.44627,0.13462548,5.0
13.5,-3.1415927,5.0
39.52847,-0.9652517,5.0
13.829317,-1.314171,5.0
45.0,0.0,5.0
0.0,0.0,5.0
0.0,0.0,5.0
0.0,0.0,5.0
0.0,0.0,5.0
0.0,0.0,5.0
9.0,3.1415927,5.0
9.0,-3.1415927,5.0
0.0,0.0,5.0
0.0,0.0,5.0
0.0,0.0,5.0
0.0,0.0,5.0
0.0,0.0,5.0
0.0,0.0,5.0
77.5,1.5707964,5.0
22.0,-2.6651251,5.0
0.0,0.0,5.0
310.5,-0.0,5.0
0.0,0.0,5.0
7.9552774,-0.35906106,5.0
0.0,0.0,5.0
45.0,-0.07429279,5.0
0.0,0.0,5.0
0.0,0.0,5.0
0.0,0.0,5.0
0.0,0.0,5.0
0.0,0.0,5.0
0.0,0.0,5.0
0.0,0.0,5.0
0.0,0.0,5.0
0.0,0.0,5.0
22.102036,-2.2278712,5.0
60.671246,0.50818497,5.0
21.666666,0.14888994,5.0
32.5,0.0,5.0
361.33224,-0.3777484,5.0
12.529964,-0.98624593,5.0
66.64833,0.6521693,5.0
28.666666,-0.4837791,5.0
32.5,-0.0,5.0
15.5,-1.5707964,5.0
0.0,0.0,5.0
0.0,0.0,5.0
30.0,1.5707964,5.0
45.0,-0.0,5.0
9.0,1.5707964,5.0
0.0,0.0,5.0
9.0,-3.1415927,5.0
125.93649,-1.0889257,5.0
16.5,0.35691193,5.0
21.319006,0.6857295,5.0
17.666666,-0.6857295,5.0
0.0,0.0,5.0
0.0,0.0,5.0
23.769728,0.38831872,5.0
0.0,0.0,5.0
28.935272,-0.70460486,5.0
19.678669,0.7912969,5.0
0.64285713,1.0957856,5.0
30.594116,-1.7681919,5.0
11.884864,0.5857143,5.0
39.246017,0.0,5.0
23.257017,0.40144935,5.0
20.666666,-1.5193197,5.0
43.0,1.5707964,5.0
43.0,-0.0,5.0
0.0,0.0,5.0
28.666666,0.0,5.0
43.0,-0.0,5.0
14.21267,0.6857295,5.0
13.829317,-1.3943558,5.0
33.723137,0.9787795,5.0
0.0,0.0,5.0
428.5,0.5743048,5.0
111.301186,0.0,5.0
0.0,0.0,5.0
31.166666,-0.030327776,5.0
16.5,0.15012248,5.0
49.819675,0.18164884,5.0
0.0,0.0,5.0
58.5,-0.21075355,5.0
0.0,0.0,5.0
0.0,0.0,5.0
32.729958,-0.27980146,5.0
0.0,0.0,5.0
32.729958,0.0,5.0
27.5,1.2442149,5.0
11.666667,0.0,5.0
0.0,0.0,5.0
0.0,0.0,5.0
0.0,0.0,5.0
0.0,0.0,5.0
0.0,0.0,5.0
56.0,0.0,5.0
21.5,0.0,5.0
0.0,0.0,5.0
16.0,0.0,5.0
0.0,0.0,5.0
16.5,0.0,5.0
69.375786,0.0,5.0
33.5,0.0,5.0
18.794947,-0.49934673,5.0
33.723137,0.7694999,5.0
0.0,0.0,5.0
0.0,0.0,5.0
0.0,0.0,5.0
32.5,-0.2701532,5.0
0.0,0.0,5.0
28.935272,-0.31628612,5.0
0.0,0.0,5.0
0.0,0.0,5.0
19.678669,0.7912969,5.0
0.0,0.0,5.0
0.0,0.0,5.0
0.0,0.0,5.0
32.729958,-1.9762287,5.0
53.009434,-0.13714509,5.0
86.0,-0.6246354,5.0
0.0,0.0,5.0
0.0,0.0,5.0
0.0,0.0,5.0
32.5,0.0,5.0
311.2784,1.1399275,5.0
70.5195,-0.24207416,5.0
42.627586,-0.24218242,5.0
43.931767,-0.0064078867,5.0
66.64833,1.2379375,5.0
32.729958,-0.9884063,5.0
0.0,0.0,5.0
30.0,1.2442149,5.0
17.5,0.0,5.0
19.678669,-0.47501075,5.0
91.78235,0.2776152,5.0
0.0,0.0,5.0
0.0,0.0,5.0
0.0,0.0,5.0
29.740545,0.6142496,5.0
13.829317,-1.1797925,5.0
0.0,0.0,5.0
0.0,0.0,5.0
207.51894,0.07073525,5.0
18.794947,-0.49934673,5.0
18.794947,0.99869347,5.0
9.0,1.0714496,5.0
32.89377,1.2298174,5.0
0.0,0.0,5.0
0.0,0.0,5.0
46.38157,1.9762287,5.0
19.678669,-0.25700307,5.0
0.0,0.0,5.0
0.0,0.0,5.0
28.935272,-0.7912969,5.0
0.0,0.0,5.0
32.5,0.31628612,5.0
0.0,0.0,5.0
13.75,-2.021624,5.0
33.723137,1.1974484,5.0
67.44627,0.0,5.0
274.40115,0.20716876,5.0
0.0,0.0,5.0
40.50077,-1.4594574,5.0
0.0,0.0,5.0
39.52847,0.0,5.0
155.0,-0.6055447,5.0
45.06785,0.13352905,5.0
14.21267,0.55220044,5.0
56.0,-0.6857295,5.0
0.0,0.0,5.0
45.0,0.0,5.0
32.729958,0.0,5.0
98.85848,0.1672555,5.0
21.5,0.6779005,5.0
0.0,0.0,5.0
32.5,0.0,5.0
11.0,-0.0,5.0
139.8222,-0.029162731,5.0
10.5,-0.16162136,5.0
11.0,0.0,5.0
0.0,0.0,5.0
0.0,0.0,5.0
14.333333,-0.0,5.0
43.0,0.0,5.0
33.723137,0.2701532,5.0
54.74486,-0.10500452,5.0
0.0,0.0,5.0
21.5,-0.16514868,5.0
10.5,0.0,5.0
0.0,0.0,5.0
65.62012,0.13758674,5.0
0.0,0.0,5.0
0.0,0.0,5.0
0.0,0.0,5.0
33.723137,0.13256647,5.0
0.0,0.0,5.0
11.0,-0.27829966,5.0
51.78803,0.23230062,5.0
31.0,-1.25353,5.0
0.0,0.0,5.0
111.29803,0.048034735,5.0
33.723137,0.06659032,5.0
0.0,0.0,5.0
48.0,0.0,5.0
0.0,0.0,5.0
0.0,0.0,5.0
12.529964,-0.49934673,5.0
16.5,0.49934673,5.0
33.723137,0.2701532,5.0
32.5,-0.2701532,5.0
0.0,0.0,5.0
0.0,0.0,5.0
0.0,0.0,5.0
22.5,-1.1071488,5.0
22.5,-3.1415927,5.0
93.93216,1.6667573,5.0
22.0,0.26625204,5.0
16.0,0.0,5.0
21.0,0.0,5.0
10.5,0.0,5.0
0.0,0.0,5.0
0.0,0.0,5.0
233.04077,0.9529836,5.0
218.8254,0.033223197,5.0
823.0,0.0837588,5.0
362.16882,0.03096685,5.0
0.0,0.0,5.0
0.0,0.0,5.0
0.0,0.0,5.0
812.2475,-0.5962488,5.0
39.52847,-0.9652517,2.0
0.0,0.0,2.0
0.0,0.0,2.0
0.0,0.0,2.0
0.0,0.0,2.0
0.0,0.0,2.0
569.28467,-0.0316239,2.0
97.62812,0.01982516,2.0
10.5,-0.23255694,2.0
10.5,0.0,2.0
0.0,0.0,2.0
77.5,-0.0,2.0
38.75,0.0,2.0
161.40013,0.0,2.0
0.0,0.0,2.0
60.0,0.28255495,2.0
19.678669,-0.47501075,2.0
132.0,0.06263573,2.0
63.144676,-0.15790336,2.0
0.0,0.0,2.0
77.682045,0.1746722,2.0
0.0,0.0,2.0
0.0,0.0,2.0
77.682045,0.0,2.0
0.0,0.0,2.0
102.8895,0.19201271,2.0
30.761177,-0.71906775,2.0
34.44198,1.3511077,2.0
21.319006,1.3332975,2.0
0.0,0.0,2.0
251.1613,-0.03584122,2.0
18.794947,-0.77764636,2.0
16.5,0.0,2.0
53.009434,-0.32808962,2.0
190.85072,0.09445494,2.0
0.0,0.0,2.0
77.5,-0.09445494,2.0
0.0,0.0,2.0
0.0,0.0,2.0
0.0,0.0,2.0
0.0,0.0,2.0
17.5,0.0,2.0
35.0,-0.0,2.0
0.0,0.0,2.0
0.0,0.0,2.0
11.666667,0.0,2.0
120.0,0.0,2.0
77.5,-0.0,2.0
22.5,-3.1415927,2.0
110.36757,1.6524327,2.0
34.687893,0.2624594,2.0
32.5,-0.2624594,2.0
48.83646,-0.3701458,2.0
75.333336,1.5707964,2.0
65.0,0.0,2.0
33.5,-0.2624594,2.0
6.6,0.49934673,2.0
0.0,0.0,2.0
16.5,0.0,2.0
0.0,0.0,2.0
0.0,0.0,2.0
32.333332,0.0,2.0
18.794947,0.3893629,2.0
18.794947,0.0,2.0
16.5,-0.49934673,2.0
77.682045,0.99546874,2.0
0.0,0.0,2.0
34.526962,0.26371184,2.0
33.0,0.0,2.0
0.0,0.0,2.0
93.93216,0.09596104,2.0
31.0,-0.09596104,2.0
10.5,-0.0,2.0
27.986605,0.3274002,2.0
0.0,0.0,2.0
0.0,0.0,2.0
49.327984,-0.14392026,2.0
0.0,0.0,2.0
32.5,-0.18347995,2.0
0.0,0.0,2.0
0.0,0.0,2.0
0.0,0.0,2.0
0.0,0.0,2.0
33.723137,0.2701532,2.0
33.0,0.0,2.0
0.0,0.0,2.0
108.04629,0.64290553,2.0
10.5,-0.13927926,2.0
0.0,0.0,2.0
0.0,0.0,2.0
0.0,0.0,2.0
0.0,0.0,2.0
16.0,0.0,2.0
22.333334,-0.0,2.0
50.0,-0.2624594,2.0
112.27756,0.5848394,2.0
67.601776,-0.0682333,2.0
100.62306,0.04632445,2.0
0.0,0.0,2.0
0.0,0.0,2.0
0.0,0.0,2.0
17.5,-0.1798535,2.0
18.794947,-0.77764636,2.0
34.687893,-0.8179531,2.0
43.931767,0.4687833,2.0
10.5,-0.20632389,2.0
0.0,0.0,2.0
10.5,-0.0,2.0
10.5,0.0,2.0
0.0,0.0,2.0
0.0,0.0,2.0
0.0,0.0,2.0
78.78134,-0.31591156,2.0
78.78134,0.0,2.0
224.55511,-0.08787075,2.0
78.78134,0.08787075,2.0
0.0,0.0,2.0
0.0,0.0,2.0
59.682495,-0.13825764,2.0
93.93216,-0.0554144,2.0
110.36757,-0.0143247,2.0
173.9612,-0.08302924,2.0
0.0,0.0,2.0
0.0,0.0,2.0
0.0,0.0,2.0
110.36757,-0.048066195,2.0
73.57838,0.0,2.0
0.0,0.0,2.0
0.0,0.0,2.0
93.93216,0.0143247,2.0
16.5,-0.09596104,2.0
0.0,0.0,2.0
11.0,-0.0,2.0
0.0,0.0,2.0
0.0,0.0,2.0
51.790443,0.0,2.0
57.4,0.17809294,2.0
50.0,-0.06263573,2.0
48.83646,0.18534794,2.0
51.790443,0.9515322,2.0
301.80292,-0.39068764,2.0
328.2381,-0.005885165,2.0
0.0,0.0,2.0
0.053283766,-0.0670748,2.0
110.36757,0.08163634,2.0
0.0,0.0,2.0
0.0,0.0,2.0
0.0,0.0,2.0
77.5,-0.08163634,2.0
77.5,-0.0,2.0
77.5,0.0,2.0
0.0,0.0,2.0
77.5,-0.0,2.0
93.93216,0.09596104,2.0
39.52847,-0.08018485,2.0
77.5,-0.6055447,2.0
0.0,0.0,2.0
77.5,0.0,2.0
0.0,0.0,2.0
0.0,0.0,2.0
0.0,0.0,2.0
0.0,0.0,2.0
0.0,0.0,2.0
0.0,0.0,2.0
33.723137,0.2701532,2.0
110.36757,-0.18851686,2.0
0.0,0.0,2.0
220.73514,0.0,2.0
33.723137,0.18851686,2.0
0.0,0.0,2.0
0.0,0.0,2.0
16.5,-0.0,2.0
16.5,-1.5707964,2.0
0.0,0.0,2.0
0.0,0.0,2.0
0.0,0.0,2.0
0.0,0.0,2.0
0.0,0.0,2.0
33.723137,0.2701532,2.0
0.0,0.0,2.0
32.5,-0.2701532,2.0
0.0,0.0,2.0
0.0,0.0,2.0
0.0,0.0,2.0
0.0,0.0,2.0
43.0,-0.0,2.0
48.83646,0.086767435,2.0
49.0,-0.27829966,2.0
77.5,0.0,2.0
77.5,0.0,2.0
0.0,0.0,2.0
77.682045,0.12800281,2.0
157.56268,0.8115206,2.0
33.86903,-1.3927034,2.0
32.0,-0.17809294,2.0
0.0,0.0,2.0
0.0,0.0,2.0
18.35756,0.5123895,2.0
59.682495,-0.361014,2.0
34.5,-0.15137544,2.0
6.0,1.5707964,2.0
6.0,-3.1415927,2.0
0.0,0.0,2.0
0.0,0.0,2.0
0.0,0.0,2.0
0.0,0.0,2.0
0.0,0.0,2.0
0.0,0.0,2.0
19.678669,2.0458071,2.0
0.0,0.0,2.0
0.0,0.0,2.0
0.0,0.0,2.0
0.0,0.0,2.0
0.0,0.0,2.0
12.529964,0.98624593,2.0
0.0,0.0,2.0
33.0,-0.49934673,2.0
143.78195,-0.11545721,2.0
110.36757,0.019000612,2.0
65.62012,0.055950396,2.0
0.0,0.0,2.0
80.700066,0.18109265,2.0
0.0,0.0,2.0
0.0,0.0,2.0
77.5,0.28255495,2.0
0.0,0.0,2.0
0.0,0.0,2.0
0.0,0.0,2.0
45.0,0.0,2.0
22.5,-0.0,2.0
0.0,0.0,2.0
0.0,0.0,2.0
0.0,0.0,2.0
45.0,0.0,2.0
45.0,-0.0,2.0
0.0,0.0,2.0
0.0,0.0,2.0
0.0,0.0,2.0
45.0,0.0,2.0
30.0,-0.0,2.0
0.0,0.0,2.0
0.0,0.0,2.0
0.0,0.0,2.0
0.0,0.0,2.0
0.0,0.0,2.0
0.0,0.0,2.0
0.0,0.0,2.0
0.0,0.0,2.0
0.0,0.0,2.0
229.74503,0.074729204,2.0
0.0,0.0,2.0
0.0,0.0,2.0
0.0,0.0,2.0
0.0,0.0,2.0
0.0,0.0,2.0
0.0,0.0,2.0
0.0,0.0,2.0
0.0,0.0,2.0
0.0,0.0,2.0
0.0,0.0,2.0
0.0,0.0,2.0
34.5,-0.026118878,2.0
21.319006,0.3960964,2.0
0.0,0.0,2.0
16.5,-0.6857295,2.0
0.0,0.0,2.0
0.0,0.0,2.0
250.16045,0.14726415,2.0
24.596748,0.0,2.0
0.0,0.0,2.0
227.26416,-0.05596342,2.0
34.687893,-0.47114116,2.0
33.723137,0.5326126,2.0
0.0,0.0,2.0
267.5,-0.029991005,2.0
48.83646,0.18534794,2.0
11.0,-0.0,2.0
33.0,-0.0770402,2.0
102.8895,0.26261607,2.0
42.638012,0.736154,2.0
284.0,1.5707964,2.0
66.61081,-0.35137153,2.0
0.0,0.0,2.0
0.0,0.0,2.0
0.0,0.0,2.0
0.0,0.0,2.0
4.58939,0.37686175,2.0
0.0,0.0,2.0
0.0,0.0,2.0
126.819756,0.07102656,2.0
0.0,0.0,2.0
0.0,0.0,2.0
0.0,0.0,2.0
0.0,0.0,2.0
0.0,0.0,2.0
0.0,0.0,2.0
0.0,0.0,2.0
0.0,0.0,2.0
0.0,0.0,2.0
0.0,0.0,2.0
0.0,0.0,2.0
0.0,0.0,2.0
0.0,0.0,2.0
0.0,0.0,2.0
0.0,0.0,2.0
0.0,0.0,2.0
0.0,0.0,2.0
0.0,0.0,2.0
0.0,0.0,2.0
0.0,0.0,2.0
0.0,0.0,2.0
39.246017,-1.3270835,2.0
22.0,0.59506965,2.0
38.5,0.0,2.0
19.678669,0.47501075,2.0
40.35468,0.591439,2.0
16.5,-0.591439,2.0
27.084358,-0.35086608,2.0
0.0,0.0,2.0
0.0,0.0,2.0
0.0,0.0,2.0
362.16882,0.0,2.0
0.0,0.0,2.0
0.0,0.0,2.0
49.0,0.0,2.0
0.0,0.0,2.0
10.5,0.0,2.0
0.0,0.0,2.0
0.0,0.0,2.0
33.5,-0.11710875,2.0
0.0,0.0,2.0
0.0,0.0,2.0
43.931767,0.20632389,2.0
32.5,-0.20632389,2.0
0.0,0.0,2.0
21.5,0.0,2.0
21.5,-0.0,2.0
18.794947,-0.49934673,2.0
0.0,0.0,2.0
21.965883,0.7056706,2.0
10.5,-0.20632389,2.0
0.0,0.0,2.0
233.04077,-0.08845905,2.0
0.0,0.0,2.0
233.04077,0.0,2.0
0.0,0.0,2.0
42.638012,0.762849,2.0
0.0,0.0,2.0
227.26416,0.0,2.0
45.06939,0.95177644,2.0
0.0,0.0,2.0
301.80292,0.07295997,2.0
603.60583,0.0,2.0
0.0,0.0,2.0
0.0,0.0,2.0
343.73718,0.018004363,2.0
33.723137,0.20464937,2.0
0.0,0.0,2.0
0.0,0.0,2.0
48.0,1.5707964,2.0
49.819675,0.18164884,2.0
66.0,-0.0,2.0
0.0,0.0,2.0
18.794947,-0.49934673,2.0
33.723137,0.7694999,2.0
0.0,0.0,2.0
77.5,-0.2701532,2.0
0.0,0.0,2.0
0.0,0.0,2.0
0.0,0.0,2.0
17.5,0.0,2.0
11.666667,-0.0,2.0
220.73514,0.08163634,2.0
0.0,0.0,2.0
33.723137,0.18851686,2.0
0.0,0.0,2.0
10.5,-0.2701532,2.0
0.0,0.0,2.0
21.0,0.0,2.0
0.0,0.0,2.0
0.0,0.0,2.0
66.0,0.0,2.0
49.819675,0.0,2.0
32.5,-0.18164884,2.0
82.006096,-0.71645725,2.0
0.0,0.0,2.0
0.0,0.0,2.0
189.54712,-0.048359692,2.0
26.5,-0.047499456,2.0
0.0,0.0,2.0
26.5,0.0,2.0
80.14518,0.0,2.0
0.0,0.0,2.0
0.0,0.0,2.0
0.0,0.0,2.0
0.0,0.0,2.0
0.0,0.0,2.0
0.0,0.0,2.0
59.682495,-0.017875776,2.0
0.0,0.0,2.0
45.06939,0.3042085,2.0
0.0,0.0,2.0
11.0,-0.3042085,2.0
37.107952,0.29540318,2.0
77.682045,0.34306237,2.0
0.0,0.0,2.0
11.0,-0.1746722,2.0
0.0,0.0,2.0
51.78803,0.021593502,2.0
11.0,-0.1746722,2.0
11.0,0.0,2.0
0.0,0.0,2.0
88.5353,0.32146886,2.0
0.0,0.0,2.0
0.0,0.0,2.0
51.790443,1.0147655,2.0
361.33224,0.012939246,2.0
227.26416,-0.14136147,2.0
0.0,0.0,2.0
41.978832,0.0,2.0
77.682045,0.25249636,2.0
22.0,-0.9924204,2.0
0.0,0.0,2.0
76.5,-0.48689923,2.0
59.48109,0.47116625,2.0
80.14518,-0.49059722,2.0
26.5,-0.16925122,2.0
17.666666,0.0,2.0
0.0,0.0,2.0
0.0,0.0,2.0
18.35756,0.5123895,2.0
18.35756,0.0,2.0
49.327984,-0.32890952,2.0
32.5,-0.18347995,2.0
10.5,-0.0,2.0
10.5,0.0,2.0
0.0,0.0,2.0
0.0,0.0,2.0
13.0,0.0,2.0
32.55764,0.0,2.0
32.5,-0.18534794,2.0
16.5,-0.0,2.0
18.794947,0.98624593,2.0
54.00103,0.11133888,2.0
0.0,0.0,2.0
21.666666,-0.11133888,2.0
10.0,0.0,2.0
46.38157,0.0,2.0
0.0,0.0,2.0
0.0,0.0,2.0
0.0,0.0,2.0
11.666667,-0.7320138,2.0
11.666667,-0.0,2.0
0.0,0.0,2.0
0.0,0.0,2.0
0.0,0.0,2.0
17.5,0.0,2.0
55.0,0.0,2.0
0.0,0.0,2.0
16.5,-0.109983824,2.0
241.33482,-0.966753,2.0
177.0706,0.0,2.0
51.790443,0.110633135,2.0
0.0,0.0,2.0
0.0,0.0,2.0
0.0,0.0,2.0
155.36052,0.09454487,2.0
335.72162,0.06557748,2.0
429.6199,0.006642094,2.0
51.790443,0.5901572,2.0
0.0,0.0,2.0
301.80292,0.039108362,2.0
48.0,-0.50939035,2.0
59.5,-0.0,2.0
34.20526,-0.26625204,2.0
93.93216,0.3622131,2.0
77.5,-0.09596104,2.0
0.0,0.0,2.0
32.729958,-0.6195795,2.0
34.88553,0.525601,2.0
13.829317,-1.8029552,2.0
26.5,0.7086263,2.0
12.238373,0.5123895,2.0
0.0,0.0,2.0
0.0,0.0,2.0
60.176823,-0.031526346,2.0
33.5,-0.0,2.0
37.589893,0.0,2.0
36.666668,-0.49934673,2.0
0.0,0.0,2.0
0.0,0.0,2.0
0.0,0.0,2.0
0.0,0.0,2.0
0.0,0.0,2.0
0.0,0.0,2.0
0.0,0.0,2.0
0.0,0.0,2.0
0.0,0.0,2.0
0.0,0.0,2.0
0.0,0.0,2.0
0.0,0.0,2.0
0.0,0.0,2.0
0.0,0.0,2.0
0.0,0.0,2.0
0.0,0.0,2.0
1.2,1.5707964,2.0
9.0,-3.1415927,2.0
0.0,0.0,2.0
8.8,-2.0229502,2.0
0.0,0.0,2.0
19.290182,1.2545102,2.0
90.0,0.31628612,2.0
56.0,0.0,2.0
0.0,0.0,2.0
11.0,-0.0,2.0
48.5,0.0,2.0
37.5,-0.0,2.0
54.74486,0.16514868,2.0
0.0,0.0,2.0
33.723137,0.10500452,2.0
0.0,0.0,2.0
0.0,0.0,2.0
0.0,0.0,2.0
0.0,0.0,2.0
16.0,-0.2701532,2.0
16.0,-0.0,2.0
33.723137,0.2701532,2.0
34.20526,0.26625204,2.0
12.529964,0.23309468,2.0
0.0,0.0,2.0
9.397473,0.0,2.0
134.65604,-1.6311342,2.0
361.33224,0.05603112,2.0
11.0,-0.23554498,3.0
5.5,0.0,3.0
11.0,-0.0,3.0
7.0,0.0,3.0
21.0,0.0,3.0
7.3333335,0.0,3.0
21.5,-0.0,3.0
43.0,0.0,3.0
7.3333335,-0.0,3.0
0.0,0.0,3.0
0.0,0.0,3.0
32.5,0.0,3.0
32.5,-0.0,3.0
32.5,0.0,3.0
21.5,-0.0,3.0
0.0,0.0,3.0
11.0,0.0,3.0
0.0,0.0,3.0
10.5,0.0,3.0
10.5,0.0,3.0
0.0,0.0,3.0
65.459915,0.0,3.0
0.0,0.0,3.0
0.0,0.0,3.0
0.0,0.0,3.0
31.468239,0.0,3.0
0.0,0.0,3.0
0.0,0.0,3.0
10.5,-0.79663366,3.0
0.0,0.0,3.0
24.829418,-1.7397138,3.0
0.0,0.0,3.0
29.740545,-0.48148584,3.0
0.0,0.0,3.0
27.608875,0.48148584,3.0
0.0,0.0,3.0
20.978825,0.79663366,3.0
49.327984,-0.6131537,3.0
0.0,0.0,3.0
59.682495,-0.032104515,3.0
0.0,0.0,3.0
43.0,-0.15137544,3.0
0.0,0.0,3.0
0.0,0.0,3.0
0.0,0.0,3.0
0.0,0.0,3.0
0.0,0.0,3.0
0.0,0.0,3.0
36.71512,0.5123895,3.0
69.77106,-0.47646743,3.0
0.0,0.0,3.0
0.0,0.0,3.0
21.319006,0.08018485,3.0
0.0,0.0,3.0
0.0,0.0,3.0
18.35756,-0.17334005,3.0
33.723137,-0.24223626,3.0
300.13498,0.5168902,3.0
34.44198,0.69287956,3.0
600.26996,-0.8829167,3.0
77.682045,0.7919386,3.0
0.0,0.0,3.0
0.54918236,0.019499153,3.0
9.0,1.5512972,3.0
45.891174,-1.7681919,3.0
0.0,0.0,3.0
21.929178,0.0,3.0
21.0,-1.2298174,3.0
10.5,0.0,3.0
0.0,0.0,3.0
0.0,0.0,3.0
0.0,0.0,3.0
32.89377,1.2298174,3.0
4.3217688,-0.8414987,3.0
0.0,0.0,3.0
23.769728,0.0,3.0
0.0,0.0,3.0
0.0,0.0,3.0
45.0,-0.38831872,3.0
34.5,0.0,3.0
0.0,0.0,3.0
10.5,0.0,3.0
0.0,0.0,3.0
31.468239,0.0,3.0
0.0,0.0,3.0
0.0,0.0,3.0
0.0,0.0,3.0
32.5,-0.79663366,3.0
0.0,0.0,3.0
0.0,0.0,3.0
32.5,-0.0,3.0
32.5,0.0,3.0
21.666666,-0.0,3.0
39.246017,0.64914525,3.0
0.0,0.0,3.0
23.769728,0.98338836,3.0
0.0,0.0,3.0
22.0,-0.38831872,3.0
11.0,-0.0,3.0
11.0,0.0,3.0
14.21267,0.6857295,3.0
0.0,0.0,3.0
67.601776,-0.55220044,3.0
67.601776,0.0,3.0
0.0,0.0,3.0
13.829317,-0.84215534,3.0
0.0,0.0,3.0
0.0,0.0,3.0
0.0,0.0,3.0
34.20526,0.6717954,3.0
18.35756,0.7786415,3.0
34.20526,-0.26625204,3.0
520.6928,0.30605918,3.0
0.0,0.0,3.0
34.88553,1.5700241,3.0
22.0,-1.5707964,3.0
0.0,0.0,3.0
49.327984,1.7542763,3.0
0.0,0.0,3.0
30.0,-0.18347995,3.0
0.0,0.0,3.0
9.0,1.5707964,3.0
4.5,-3.1415927,3.0
0.0,0.0,3.0
0.0,0.0,3.0
90.0,1.5707964,3.0
45.0,-0.0,3.0
0.0,0.0,3.0
0.0,0.0,3.0
0.0,0.0,3.0
0.0,0.0,3.0
0.0,0.0,3.0
0.0,0.0,3.0
0.0,0.0,3.0
0.0,0.0,3.0
0.0,0.0,3.0
13.119112,0.47501075,3.0
0.0,0.0,3.0
19.678669,-5.551115E-17,3.0
0.0,0.0,3.0
0.0,0.0,3.0
0.0,0.0,3.0
0.0,0.0,3.0
0.0,0.0,3.0
0.0,0.0,3.0
0.0,0.0,3.0
0.0,0.0,3.0
0.0,0.0,3.0
0.0,0.0,3.0
0.0,0.0,3.0
19.678669,0.0,3.0
9.8393345,0.0,3.0
67.601776,-0.34148172,3.0
67.601776,0.0,3.0
19.678669,0.34148172,3.0
0.0,0.0,3.0
0.0,0.0,3.0
0.0,0.0,3.0
27.802877,0.0,3.0
57.870544,-1.2291938,3.0
45.0,0.31628612,3.0
0.0,0.0,3.0
0.0,0.0,3.0
45.0,0.0,3.0
45.0,-0.0,3.0
0.0,0.0,3.0
0.0,0.0,3.0
0.0,0.0,3.0
0.0,0.0,3.0
45.0,0.0,3.0
11.0,0.0,3.0
22.0,-0.0,3.0
27.802877,2.1571226,3.0
54.644306,0.2956033,3.0
90.0,0.6032299,3.0
45.0,0.0,3.0
0.0,0.0,3.0
90.0,-0.0,3.0
0.0,0.0,3.0
0.0,0.0,3.0
0.0,0.0,3.0
19.678669,0.47501075,3.0
0.0,0.0,3.0
49.42924,-2.2486968,3.0
37.725986,0.0,3.0
39.537956,0.734771,3.0
0.0,0.0,3.0
19.235384,-0.25725678,3.0
19.235384,0.0,3.0
0.0,0.0,3.0
28.935272,0.17061311,3.0
40.9176,1.8118813,3.0
93.5,-0.5676664,3.0
53.009434,1.5666355,3.0
29.841248,-0.47326,3.0
18.35756,0.361014,3.0
34.44198,-0.69287956,3.0
9.0,-0.8779168,3.0
18.794947,-0.49934673,3.0
33.723137,0.7694999,3.0
311.2784,-0.96608555,3.0
171.9328,0.12639703,3.0
0.0,0.0,3.0
19.281067,0.04119805,3.0
0.0,0.0,3.0
14.666667,-1.5707964,3.0
18.405916,0.9526521,3.0
24.596748,-0.8842485,3.0
31.0,-0.9757267,3.0
0.0,0.0,3.0
10.5,1.5707964,3.0
0.0,0.0,3.0
0.0,0.0,3.0
11.0,0.0,3.0
17.67767,2.0336058,3.0
0.0,0.0,3.0
5.4545455,-1.0691923,3.0
108.34436,-0.20362577,3.0
42.46469,-0.33848783,3.0
94.469574,0.23405394,3.0
94.469574,0.23405394,3.0
5.8333335,-0.14339405,3.0
13.119112,0.47501075,3.0
0.0,0.0,3.0
90.0,-0.47501075,3.0
23.769728,0.38831872,3.0
0.0,0.0,3.0
23.769728,0.0,3.0
70.5,0.41426918,3.0
14.21267,0.6857295,3.0
26.5,-0.6857295,3.0
16.397831,-0.57659084,3.0
33.0,-0.67114383,3.0
36.117863,0.0,3.0
37.589893,0.116269656,3.0
823.0,1.0691923,3.0
68.88396,0.8612697,3.0
33.5,0.03584122,3.0
48.83646,-1.3854483,3.0
39.52847,0.6055447,3.0
21.5,-0.6055447,3.0
0.0,0.0,3.0
56.0,0.0,3.0
63.144676,0.12817967,3.0
0.0,0.0,3.0
28.666666,-0.3643313,3.0
43.0,-0.0,3.0
33.723137,0.2701532,3.0
0.0,0.0,3.0
0.0,0.0,3.0
0.0,0.0,3.0
13.829317,-0.9787795,3.0
46.38157,1.3566493,3.0
0.0,0.0,3.0
0.0,0.0,3.0
0.0,0.0,3.0
62.0,-2.3028102,3.0
14.201374,-0.35144478,3.0
236.54016,0.13143405,3.0
24.596748,1.3443555,3.0
0.0,0.0,3.0
191.97527,-0.26356542,3.0
0.0,0.0,3.0
278.14566,0.443214,3.0
18.0,1.5384336,3.0
358.61295,-0.21407403,3.0
22.5,-1.5707964,3.0
0.0,0.0,3.0
112.0,1.5707964,3.0
0.0,0.0,3.0
35.35534,2.0336058,3.0
63.144676,0.07649989,3.0
0.0,0.0,3.0
43.0,-0.3643313,3.0
43.0,-0.0,3.0
59.682495,0.15137544,3.0
0.0,0.0,3.0
0.140965,0.0,3.0
44.34242,-1.0516502,3.0
39.537956,-0.74878854,3.0
112.0,0.22964244,3.0
0.0,0.0,3.0
45.0,0.0,3.0
32.729958,0.0,3.0
0.0,0.0,3.0
88.5353,0.22043696,3.0
71.19691,1.1242349,3.0
0.0,0.0,3.0
0.0,0.0,3.0
0.0,0.0,3.0
0.0,0.0,3.0
0.0,0.0,3.0
45.0,-1.0568767,3.0
90.0,-0.0,3.0
0.0,0.0,3.0
0.0,0.0,3.0
9.0,1.5707964,3.0
0.0,0.0,3.0
0.0,0.0,3.0
0.0,0.0,3.0
35.654594,-1.8259788,3.0
34.5,0.2551824,3.0
27.2784,0.5676664,3.0
0.0,0.0,3.0
31.0,-3.1415927,3.0
0.0,0.0,3.0
0.0,0.0,3.0
0.0,0.0,3.0
17.5,1.5707964,3.0
9.0,1.5707964,3.0
39.537956,-1.8004388,3.0
0.0,0.0,3.0
21.5,0.22964244,3.0
29.942537,-0.7617805,3.0
27.5,0.1543813,3.0
18.794947,1.426642,3.0
16.5,-0.49934673,3.0
0.0,0.0,3.0
43.477005,0.5305579,3.0
315.02896,-1.2376919,3.0
0.0,0.0,3.0
34.88553,1.0943289,3.0
0.0,0.0,3.0
0.0,0.0,3.0
0.0,0.0,3.0
0.0,0.0,3.0
0.0,0.0,3.0
32.5,-1.0943289,3.0
45.0,0.0,3.0
0.0,0.0,3.0
0.0,0.0,3.0
9.0,1.5707964,3.0
9.0,-3.1415927,3.0
17.5,1.5707964,3.0
22.5,-0.66104317,3.0
39.357338,2.0458071,3.0
0.0,0.0,3.0
19.678669,0.0,3.0
19.678669,0.0,3.0
9.0,-2.0458071,3.0
39.357338,1.0957856,3.0
40.9176,0.0,3.0
44.0,-3.1415927,3.0
0.0,0.0,3.0
0.0,0.0,3.0
0.0,0.0,3.0
0.0,0.0,3.0
0.0,0.0,3.0
9.0,0.0,3.0
16.900444,1.7043253,3.0
13.829317,-0.84215534,3.0
18.35756,1.2210157,3.0
0.0,0.0,3.0
11.0,-0.5123895,3.0
67.44627,0.2701532,3.0
33.723137,0.0,3.0
33.723137,0.0,3.0
32.5,-0.2701532,3.0
0.0,0.0,3.0
443.04657,-0.13567133,3.0
163.81181,-0.027474001,3.0
22.333334,0.041355718,3.0
460.0663,0.67528576,3.0
91.995926,0.11586452,3.0
39.246017,-0.5172455,3.0
0.0,0.0,3.0
315.02896,-1.2376919,3.0
428.5945,0.0,3.0
56.718605,0.13835123,3.0
18.794947,0.98624593,3.0
7.5179787,-0.99869347,3.0
16.5,-0.48689923,3.0
0.0,0.0,3.0
18.794947,-0.49934673,3.0
0.0,0.0,3.0
24.377243,1.2535781,3.0
0.0,0.0,3.0
0.0,0.0,3.0
0.0,0.0,3.0
23.769728,-0.73717654,3.0
0.0,0.0,3.0
0.0,0.0,3.0
0.0,0.0,3.0
0.0,0.0,3.0
7.0,-0.38831872,3.0
0.0,0.0,3.0
0.0,0.0,3.0
17.827297,-0.2551824,3.0
0.0,0.0,3.0
0.0,0.0,3.0
83.470055,-0.25550705,3.0
16.876019,-0.16804303,3.0
173.02745,-0.020478835,3.0
0.0,0.0,3.0
0.0,0.0,3.0
0.0,0.0,3.0
35.654594,-0.33328408,3.0
35.654594,0.0,3.0
91.78235,0.05778683,3.0
0.0,0.0,3.0
10.5,0.19739556,3.0
0.0,0.0,3.0
26.504717,-2.1954317,3.0
18.35756,1.1370249,3.0
0.0,0.0,3.0
0.0,0.0,3.0
6.0,-2.0831857,3.0
37.589893,2.070143,3.0
22.482092,-0.22919352,3.0
0.0,0.0,3.0
301.13452,0.8938577,3.0
166.77364,-1.4208727,3.0
0.0,0.0,3.0
656.4762,0.0,3.0
283.91724,-1.285025,3.0
0.0,0.0,3.0
18.05624,0.10092179,3.0
25.04496,1.2176135,3.0
0.0,0.0,3.0
0.0,0.0,3.0
14.21267,-0.43034753,3.0
19.623009,0.0,3.0
0.0,0.0,3.0
0.0,0.0,3.0
0.0,0.0,3.0
0.0,0.0,3.0
0.0,0.0,3.0
0.0,0.0,3.0
0.0,0.0,3.0
0.0,0.0,3.0
0.0,0.0,3.0
0.0,0.0,3.0
85.5992,0.4357547,3.0
333.77988,-1.2396636,3.0
73.8529,0.13029018,3.0
212.58437,-0.45453146,3.0
0.0,0.0,3.0
0.0,0.0,3.0
58.19092,-0.5557399,3.0
59.5,-0.11010565,3.0
284.32068,-1.5232968,3.0
0.0,0.0,3.0
50.0,-0.48689923,3.0
0.0,0.0,3.0
0.0,0.0,3.0
0.0,0.0,3.0
0.0,0.0,3.0
53.464943,-1.1364291,3.0
0.0,0.0,3.0
0.0,0.0,3.0
0.0,0.0,3.0
0.0,0.0,3.0
45.891174,-0.63176286,3.0
13.5,-3.1415927,3.0
0.0,0.0,3.0
0.0,0.0,3.0
0.0,0.0,3.0
0.0,0.0,3.0
0.0,0.0,3.0
9.0,0.0,3.0
9.0,3.1415927,3.0
4.5,-3.1415927,3.0
0.0,0.0,3.0
0.0,0.0,3.0
0.0,0.0,3.0
9.0,3.1415927,3.0
9.0,-3.1415927,3.0
0.0,0.0,3.0
0.0,0.0,3.0
0.0,0.0,3.0
0.0,0.0,3.0
0.0,0.0,3.0
0.0,0.0,3.0
34.5,1.5707964,3.0
0.0,0.0,3.0
0.0,0.0,3.0
53.009434,0.0,3.0
0.0,0.0,3.0
0.0,0.0,3.0
0.0,0.0,3.0
0.0,0.0,3.0
21.5,-0.6246354,3.0
56.0,-0.0,3.0
62.090435,0.23846833,3.0
1.25,-0.23846833,3.0
49.42924,-0.8928958,3.0
0.0,0.0,3.0
153.06207,-0.5600284,3.0
26.5,-0.117872104,3.0
26.5,0.0,3.0
8.25,0.0,3.0
568.0,0.48689923,3.0
288.26724,0.057491757,3.0
660.2121,-1.2480319,3.0
126.873955,0.35415816,3.0
71.780914,-0.03391434,3.0
11.0,-0.18919902,3.0
135.20355,0.13352905,3.0
189.33333,0.40024066,3.0
125.08022,0.05596342,3.0
10.778853,1.0297052,4.0
0.0,0.0,4.0
0.0,0.0,4.0
2.625,-0.96441346,4.0
0.0,0.0,4.0
10.869251,-1.7603753,4.0
4.714286,0.5305579,4.0
0.0,0.0,4.0
62.32715,0.09431581,4.0
14.79727,-0.06484134,4.0
0.0,0.0,4.0
6.625,-0.26371184,4.0
7.571429,0.0,4.0
0.8262295,-0.5810823,4.0
13.901256,-0.69079095,4.0
0.48557925,0.4273017,4.0
0.0,0.0,4.0
2.75,-0.027061062,4.0
0.0,0.0,4.0
5.133333,-0.0,4.0
0.0,0.0,4.0
6.149187,-1.1071488,4.0
16.125,0.07485985,4.0
5.245017,0.5123895,4.0
9.882117,0.0,4.0
8.990925,1.9308028,4.0
0.0,0.0,4.0
0.0,0.0,4.0
0.0,0.0,4.0
65.95763,0.13390717,4.0
0.0,0.0,4.0
0.0,0.0,4.0
8.375,0.41450688,4.0
17.0,-0.09354283,4.0
9.840566,0.0,4.0
0.0,0.0,4.0
0.0,0.0,4.0
3.9512334,-1.4015058,4.0
3.4573293,0.0,4.0
42.627586,-0.07273108,4.0
180.69312,0.32951412,1.0
0.0,0.0,1.0
0.0,0.0,1.0
62.0,-0.6063829,1.0
62.0,-1.5707964,1.0
0.0,0.0,1.0
92.76314,1.6964272,1.0
56.0,-0.7320138,1.0
0.0,0.0,1.0
0.0,0.0,1.0
21.931713,-0.42285392,1.0
43.863426,0.0,1.0
135.07036,-0.40953362,1.0
0.0,0.0,1.0
0.0,0.0,1.0
0.0,0.0,1.0
125.93649,0.019578397,1.0
109.0,0.28605145,1.0
33.81198,-0.1948277,1.0
0.0,0.0,1.0
75.45197,-0.7086049,1.0
79.05694,0.6055447,1.0
0.0,0.0,1.0
0.0,0.0,1.0
67.44627,-0.33539146,1.0
67.44627,0.0,1.0
39.246017,-2.165866,1.0
78.492035,0.0,1.0
39.246017,-0.5172455,1.0
86.0,0.59506965,1.0
86.0,-0.0,1.0
0.0,0.0,1.0
61.522354,-0.20182228,1.0
0.0,0.0,1.0
22.0,0.7968919,1.0
155.36409,0.0,1.0
0.0,0.0,1.0
0.0,0.0,1.0
43.477005,-0.22807689,1.0
53.0,0.5305579,1.0
208.75345,0.33412373,1.0
267.84042,0.0,1.0
0.0,0.0,1.0
132.51793,0.54287666,1.0
53.0,0.0,1.0
7.6666665,0.0,1.0
432.0,-0.0,1.0
0.0,0.0,1.0
296.7006,0.0,1.0
92.0,-0.92374915,1.0
30.761177,-0.71906775,1.0
50.803543,0.16239478,1.0
215.75217,0.09456679,1.0
0.0,0.0,1.0
119.0,-0.0,1.0
44.102154,-1.4412034,1.0
31.0,1.5027199,1.0
310.17737,0.20307365,1.0
22.0,-0.08715727,1.0
77.682045,0.1746722,1.0
131.7953,0.20632389,1.0
0.0,0.0,1.0
0.0,0.0,1.0
103.58089,0.0,1.0
0.0,0.0,1.0
0.0,0.0,1.0
0.0,0.0,1.0
119.36499,-0.11233639,1.0
39.78833,-2.7755576E-17,1.0
72.235725,0.11936523,1.0
0.0,0.0,1.0
132.51793,0.0,1.0
43.0,-0.33845544,1.0
0.0,0.0,1.0
0.0,0.0,1.0
0.0,0.0,1.0
0.0,0.0,1.0
0.0,0.0,1.0
0.0,0.0,1.0
0.0,0.0,1.0
0.0,0.0,1.0
0.0,0.0,1.0
77.682045,0.0,1.0
0.0,0.0,1.0
27.658634,-0.88329846,1.0
96.60228,0.4729066,1.0
11.0,-0.4729066,1.0
442.70587,-0.70145214,1.0
689.2351,0.5244305,1.0
131.04945,0.45942524,1.0
79.84221,-0.67243576,1.0
0.0,0.0,1.0
39.246017,-0.27006176,1.0
0.0,0.0,1.0
0.0,0.0,1.0
27.824507,0.27092114,1.0
21.5,-0.20356289,1.0
30.761177,-0.17225648,1.0
28.42534,1.4826214,1.0
47.539455,-0.2974108,1.0
26.164013,1.110223E-16,1.0
0.0,0.0,1.0
0.0,0.0,1.0
18.135294,-2.0674953,1.0
155.36409,-0.08903964,1.0
26.5,-0.1746722,1.0
137.16595,-0.0706707,1.0
244.0,0.3509447,1.0
164.01219,-1.2991967,1.0
0.0,0.0,1.0
60.378494,0.0,1.0
0.0,0.0,1.0
0.0,0.0,1.0
241.51398,0.0,1.0
432.37485,0.09993262,1.0
168.83424,0.5058191,1.0
0.0,0.0,1.0
0.0,0.0,1.0
0.0,0.0,1.0
368.98917,0.2801123,1.0
205.779,0.13158815,1.0
0.0,0.0,1.0
56.22277,1.1161265,1.0
0.0,0.0,1.0
0.0,0.0,1.0
56.22277,0.0,1.0
30.594116,-1.0962287,1.0
70.71068,-0.22403628,1.0
18.248287,2.47484,1.0
0.0,0.0,1.0
0.0,0.0,1.0
32.73782,-0.047667567,1.0
521.00867,0.40888652,1.0
31.0,0.27803603,1.0
90.34656,0.48824778,1.0
43.863426,-0.6745439,1.0
0.0,0.0,1.0
328.1128,0.17706999,1.0
48.259712,0.59374964,1.0
48.259712,0.0,1.0
94.469574,0.14339405,1.0
0.0,0.0,1.0
0.0,0.0,1.0
136.69308,0.3688889,1.0
358.61295,0.089777276,1.0
99.724625,0.27416745,1.0
0.0,0.0,1.0
49.193497,-0.720273,1.0
132.51793,0.13287081,1.0
67.0,-0.6489956,1.0
0.0,0.0,1.0
0.0,0.0,1.0
0.0,0.0,1.0
0.0,0.0,1.0
279.6444,-0.83671516,1.0
111.29803,0.20356289,1.0
67.44627,0.06659032,1.0
38.013157,-0.95360494,1.0
115.2085,0.23655781,1.0
0.0,0.0,1.0
0.0,0.0,1.0
30.594116,-0.43395337,1.0
22.5,-1.5707964,1.0
49.193497,-1.1071488,1.0
28.42534,1.7928783,1.0
14.21267,0.0,1.0
53.0,-0.6857295,1.0
51.790443,0.0,1.0
24.596748,-1.041857,1.0
49.193497,-1.041857,1.0
0.0,0.0,1.0
0.0,0.0,1.0
186.95988,0.03196034,1.0
0.0,0.0,1.0
77.682045,-0.08903964,1.0
53.0,-0.1746722,1.0
0.0,0.0,1.0
0.0,0.0,1.0
132.51793,0.066855855,1.0
205.81848,0.030104427,1.0
821.1973,-0.15444519,1.0
76.17296,-0.74138004,1.0
132.8533,1.9163519,1.0
0.0,0.0,1.0
51.197266,-0.41473016,1.0
63.144676,0.07649989,1.0
0.0,0.0,1.0
0.0,0.0,1.0
0.0,0.0,1.0
0.0,0.0,1.0
0.0,0.0,1.0
62.936478,0.19108899,1.0
32.5,-0.79663366,1.0
0.0,0.0,1.0
0.0,0.0,1.0
28.111385,-0.89883316,1.0
28.935272,0.582547,1.0
0.0,0.0,1.0
0.0,0.0,1.0
27.5,0.31628612,1.0
27.5,0.0,1.0
20.666666,-0.32658145,1.0
62.968246,-1.9277083,1.0
62.0,-1.2138844,1.0
50.68969,1.6894418,1.0
27.0,-3.1415927,1.0
37.589893,-0.98624593,1.0
351.6152,1.5451974,1.0
185.0,-0.0,1.0
0.0,0.0,1.0
55.97321,-0.3274002,1.0
0.0,0.0,1.0
37.5,0.3274002,1.0
14.21267,0.6857295,1.0
0.0,0.0,1.0
14.21267,0.0,1.0
0.0,0.0,1.0
351.6152,0.20766078,1.0
0.0,0.0,1.0
385.24927,-0.0034862412,1.0
855.18945,-0.0034353796,1.0
60.0,-0.021049522,1.0
0.0,0.0,1.0
65.0,0.0,1.0
756.482,-0.29266137,1.0
267.65137,0.5205314,1.0
45.5,-1.5707964,1.0
0.0,0.0,1.0
0.0,0.0,1.0
0.0,0.0,1.0
59.48109,0.6940665,1.0
53.0,-0.47116625,1.0
222.59605,0.20356289,1.0
0.0,0.0,1.0
77.682045,-0.028890684,1.0
160.29036,0.16925122,1.0
160.29036,0.0,1.0
0.0,0.0,1.0
70.677086,0.4940463,1.0
0.0,0.0,1.0
56.0,-0.3239877,1.0
0.0,0.0,1.0
38.5,-0.0,1.0
77.0,0.0,1.0
0.0,0.0,1.0
0.0,0.0,1.0
0.0,0.0,1.0
0.0,0.0,1.0
0.0,0.0,1.0
0.0,0.0,1.0
0.0,0.0,1.0
0.0,0.0,1.0
77.12976,0.23554498,1.0
62.968246,-0.21382864,1.0
0.0,0.0,1.0
119.36499,0.5082874,1.0
0.0,0.0,1.0
153.90112,0.14874627,1.0
103.58089,0.08903964,1.0
53.0,-0.26371184,1.0
26.5,0.0,1.0
17.666666,-0.0,1.0
0.0,0.0,1.0
0.0,0.0,1.0
33.5,-0.1905181,1.0
37.589893,-0.98624593,1.0
132.51793,0.54287666,1.0
127.88276,0.21273178,1.0
106.36024,1.6980667,1.0
0.0,0.0,1.0
103.58089,0.26371184,1.0
0.0,0.0,1.0
0.0,0.0,1.0
180.69312,-0.012021863,1.0
0.0,0.0,1.0
115.2085,-0.13993253,1.0
39.357338,-0.7115686,1.0
0.0,0.0,1.0
50.08992,1.4925674,1.0
30.594116,-1.3134726,1.0
56.22277,0.0,1.0
65.459915,-1.2442149,1.0
10.5,1.2442149,1.0
33.723137,0.2701532,1.0
78.64,0.31152984,1.0
33.0,0.28353977,1.0
239.52661,-0.03196034,1.0
0.0,0.0,1.0
22.0,-0.112962425,1.0
98.65597,-0.18347995,1.0
55.97321,-0.14392026,1.0
43.477005,0.57659084,1.0
0.0,0.0,1.0
0.0,0.0,1.0
0.0,0.0,1.0
0.0,0.0,1.0
0.0,0.0,1.0
63.94138,0.2855641,1.0
53.428104,0.12667653,1.0
101.037125,0.32141232,1.0
18.862993,-0.26540393,1.0
33.723137,-0.69426024,1.0
173.08989,0.07179096,1.0
0.0,0.0,1.0
82.006096,0.47602078,1.0
11.24594,0.2566546,1.0
213.71242,0.32870167,1.0
213.71242,0.0,1.0
30.761177,-0.71906775,1.0
39.537956,1.0265343,1.0
0.0,0.0,1.0
0.0,0.0,1.0
34.0,-0.22964244,1.0
21.5,0.0,1.0
108.0,0.0,1.0
92.5,-0.0,1.0
163.23296,-1.4587996,1.0
43.931767,0.18328348,1.0
62.0,-0.9757267,1.0
58.5,-0.018300785,1.0
0.0,0.0,1.0
0.0,0.0,1.0
35.35534,-1.0691923,1.0
0.0,0.0,1.0
39.52847,0.8613532,1.0
80.14518,0.24208353,1.0
82.006096,0.0,1.0
33.0,-0.2715996,1.0
37.589893,-0.17433885,1.0
0.19557963,0.072472386,1.0
2.625,-0.072472386,1.0
19.04238,0.6521693,1.0
34.20526,-0.7531513,1.0
153.0,-0.0,1.0
21.819971,-0.9641896,1.0
60.176823,-0.15012248,1.0
0.0,0.0,1.0
25.150658,1.3049011,1.0
0.0,0.0,1.0
130.24976,-0.13863973,1.0
155.86006,0.057776242,1.0
0.0,0.0,1.0
0.0,0.0,1.0
852.1367,-0.38169596,1.0
0.0,0.0,1.0
409.59125,-0.27538866,1.0
0.0,0.0,1.0
51.790443,0.80000764,1.0
68.41052,0.058755822,1.0
86.95401,-0.4337189,1.0
0.0,0.0,1.0
18.794947,-1.4230958,1.0
36.117863,0.0,1.0
36.117863,0.38307706,1.0
33.0,-0.38307706,1.0
0.0,0.0,1.0
103.58089,0.0,1.0
175.92328,1.673293,1.0
36.117863,0.1313871,1.0
155.36409,-0.20840487,1.0
103.58089,0.08903964,1.0
0.0,0.0,1.0
0.0,0.0,1.0
66.0,-0.0,1.0
0.0,0.0,1.0
72.235725,0.11936523,1.0
59.5,-0.0,1.0
155.36409,0.0,1.0
103.58089,0.08903964,1.0
36.117863,0.55146724,1.0
80.70936,-0.9793573,1.0
37.589893,-1.0907857,1.0
16.5,0.49934673,1.0
103.58089,0.26371184,1.0
44.102154,-1.4248958,1.0
256.4254,0.105489306,1.0
127.88276,0.21273178,1.0
294.2414,0.091890655,1.0
22.0,-1.5128409,1.0
0.0,0.0,1.0
44.0,-1.4356257,1.0
79.333336,0.61836445,1.0
212.72047,0.0,1.0
0.0,0.0,1.0
104.376724,0.12970254,1.0
368.24753,-0.3861856,1.0
426.06836,-0.43904063,1.0
0.0,0.0,1.0
97.67292,0.054752216,1.0
504.0129,0.6808415,1.0
18.794947,-0.90092725,1.0
0.0,0.0,1.0
8.25,0.49934673,1.0
13.25,0.0,1.0
17.666666,0.0,1.0
158.0,1.5707964,1.0
48.0,-0.74969906,1.0
0.0,0.0,1.0
9.397473,0.49934673,1.0
45.0,-3.1415927,1.0
23.243279,0.42539218,1.0
32.0,-0.32855317,1.0
43.73214,-1.0303768,1.0
12.039288,0.1313871,1.0
143.78195,0.30366704,1.0
11.0,-0.06263573,1.0
58.641094,-0.1024967,1.0
4.5,-1.4682996,1.0
14.21267,0.8850668,1.0
14.21267,0.0,1.0
24.931156,0.27416745,1.0
160.29036,-0.043480564,1.0
0.0,0.0,1.0
53.0,-0.16925122,1.0
51.790443,0.08903964,1.0
0.0,0.0,1.0
26.57066,0.34555557,1.0
18.794947,-0.8449023,1.0
0.0,0.0,1.0
53.0,0.49934673,1.0
0.0,0.0,1.0
0.0,0.0,1.0
8.833333,0.0,1.0
0.0,0.0,1.0
0.0,0.0,1.0
26.5,-0.0,1.0
0.0,0.0,1.0
155.36409,0.0,1.0
53.0,-0.1746722,1.0
53.0,-0.0,1.0
26.5,0.0,1.0
22.0,-3.1415927,1.0
0.0,0.0,1.0
0.0,0.0,1.0
0.0,0.0,1.0
155.36409,0.25249636,1.0
0.0,0.0,1.0
0.0,0.0,1.0
0.0,0.0,1.0
0.0,0.0,1.0
26.5,-0.1746722,1.0
77.682045,-0.08903964,1.0
0.0,0.0,1.0
0.0,0.0,1.0
0.0,0.0,1.0
103.58089,0.36055085,1.0
53.0,-0.26371184,1.0
0.0,0.0,1.0
0.0,0.0,1.0
0.0,0.0,1.0
43.477005,0.57659084,1.0
53.0,0.5305579,1.0
0.0,0.0,1.0
63.144676,-0.10683495,1.0
27.891933,0.32855317,1.0
28.666666,-0.32855317,1.0
0.0,0.0,1.0
119.36499,0.15137544,1.0
18.35756,0.361014,1.0
43.0,-0.5123895,1.0
43.0,0.0,1.0
36.71512,0.5123895,1.0
86.95401,0.0,1.0
59.682495,0.68193334,1.0
0.0,0.0,1.0
119.36499,0.0,1.0
9.838699,-1.1071488,1.0
0.0,0.0,1.0
26.5,1.1071488,1.0
0.0,0.0,1.0
0.0,0.0,1.0
0.0,0.0,1.0
0.0,0.0,1.0
0.0,0.0,1.0
0.0,0.0,1.0
17.666666,-0.0,1.0
0.0,0.0,1.0
0.0,0.0,1.0
0.0,0.0,1.0
26.5,0.0,1.0
0.0,0.0,1.0
44.0,-1.1562895,1.0
51.78803,-0.08903964,1.0
0.0,0.0,1.0
0.0,0.0,1.0
49.193497,-0.72178984,1.0
215.53886,0.0,1.0
22.482092,0.06456856,1.0
59.682495,-0.11877776,1.0
103.58089,0.0,1.0
0.0,0.0,1.0
103.58089,0.0,1.0
26.5,-0.26371184,1.0
103.58089,0.08903964,1.0
18.35756,0.24867763,1.0
36.71512,0.0,1.0
0.0,0.0,1.0
53.0,-0.5123895,1.0
44.0,-2.263676,1.0
23.872997,1.7221718,1.0
0.0,0.0,1.0
59.682495,2.7755576E-17,1.0
0.0,0.0,1.0
0.0,0.0,1.0
16.5,-0.15137544,1.0
100.0,-0.0,1.0
18.0,-1.5707964,1.0
181.02486,0.45470175,1.0
18.35756,1.0429473,5.0
18.35756,0.0,5.0
0.0,0.0,5.0
18.35756,0.0,5.0
18.35756,0.0,5.0
18.35756,0.0,5.0
43.0,-0.5123895,5.0
43.0,0.0,5.0
18.35756,0.5123895,5.0
16.5,-0.5123895,5.0
0.0,0.0,5.0
33.723137,0.2701532,5.0
18.794947,-0.49934673,5.0
0.0,0.0,5.0
18.794947,0.49934673,5.0
34.20526,-0.23309468,5.0
16.0,-0.26625204,5.0
0.0,0.0,5.0
0.0,0.0,5.0
16.5,-1.5707964,5.0
33.723137,0.2701532,5.0
48.0,-0.37739596,5.0
0.0,0.0,5.0
49.819675,0.18164884,5.0
34.88553,0.0,5.0
79.12016,-0.81255704,5.0
41.439716,-2.4159522,5.0
0.0,0.0,5.0
28.935272,0.52886987,5.0
39.537956,0.08664369,5.0
21.5,0.22964244,5.0
0.0,0.0,5.0
34.88553,0.0,5.0
0.0,0.0,5.0
344.61755,-0.026118878,5.0
62.5,0.5880026,5.0
33.0,-0.0,5.0
69.729836,-0.054523896,5.0
32.5,-0.32855317,5.0
28.935272,-0.31628612,5.0
19.678669,0.7912969,5.0
54.761097,0.27746353,5.0
10.666667,-0.27746353,5.0
461.58774,-0.1140299,5.0
67.601776,0.1140299,5.0
97.62812,-0.5171421,5.0
33.723137,0.03759626,5.0
48.654392,1.1664861,5.0
0.0,0.0,5.0
0.0,0.0,5.0
11.0,-0.69079095,5.0
45.0,0.0,5.0
28.111385,-2.4696295,5.0
39.52847,0.4606219,5.0
18.35756,-0.093155205,5.0
13.5,-2.2565258,5.0
66.61081,0.13552772,5.0
0.0,0.0,5.0
0.0,0.0,5.0
32.5,-0.13552772,5.0
49.0,-0.0,5.0
33.213116,0.0,5.0
32.5,-0.18164884,5.0
0.0,0.0,5.0
28.111385,-0.2956033,5.0
19.678669,1.3738439,5.0
9.0,1.0957856,5.0
0.0,0.0,5.0
0.0,0.0,5.0
45.891174,-1.7681919,5.0
0.0,0.0,5.0
32.5,0.19739556,5.0
27.5,-0.9272952,5.0
321.5,-0.76864,5.0
63.94138,-0.24218242,5.0
16.5,-0.21273178,5.0
0.0,0.0,5.0
6.1191864,0.5123895,5.0
0.0,0.0,5.0
60.671246,-0.6612794,5.0
19.678669,0.6239007,5.0
22.5,-3.1415927,5.0
22.5,-3.1415927,5.0
0.0,0.0,5.0
0.0,0.0,5.0
34.5,1.5707964,5.0
34.88553,0.6105498,5.0
33.723137,-0.8241757,5.0
33.723137,0.0,5.0
16.0,-0.2701532,5.0
394.60266,-0.28158063,5.0
0.0,0.0,5.0
157.84106,3.469447E-18,5.0
48.654392,0.8591811,5.0
31.468239,-0.3194434,5.0
15.0,-1.8123621,5.0
46.38157,-2.3028102,5.0
0.0,0.0,5.0
86.0,0.7320138,5.0
22.482092,0.2701532,5.0
33.0,-0.2701532,5.0
12.238373,0.5123895,5.0
33.723137,-0.24223626,5.0
220.0707,-0.40807396,5.0
4.5,1.9788703,5.0
80.14518,-0.58044785,5.0
38.013157,1.2639923,5.0
92.76314,1.9762287,5.0
13.119112,-0.25700307,5.0
17.5,-0.47501075,5.0
31.0,-3.1415927,5.0
0.0,0.0,5.0
0.0,0.0,5.0
21.319006,0.6857295,5.0
260.3464,-1.2425013,5.0
61.522354,-0.7968919,5.0
18.7599,-1.426605,5.0
0.0,0.0,5.0
0.0,0.0,5.0
0.0,0.0,5.0
0.0,0.0,5.0
0.0,0.0,5.0
0.0,0.0,5.0
56.718605,0.015160261,5.0
39.537956,0.070290804,5.0
0.0,0.0,5.0
9.0,1.3411539,5.0
26.164013,-0.59506965,5.0
26.5,0.59506965,5.0
0.0,0.0,5.0
34.20526,-0.54455173,5.0
45.06939,-0.38152102,5.0
0.0,0.0,5.0
28.42534,0.38152102,5.0
0.0,0.0,5.0
13.5,-1.0951011,5.0
16.5,1.5707964,5.0
284.32068,-0.92499423,5.0
189.54712,-1.5232968,5.0
32.666668,-0.10308161,5.0
32.5,0.0,5.0
75.5,-0.0,5.0
0.0,0.0,5.0
66.64833,0.0,5.0
0.0,0.0,5.0
20.666666,-3.1415927,5.0
0.0,0.0,5.0
10.5,1.5707964,5.0
0.0,0.0,5.0
32.5,0.0,5.0
21.666666,0.0,5.0
9.0,1.5707964,5.0
0.0,0.0,5.0
9.0,-3.1415927,5.0
18.794947,1.0714496,5.0
18.35756,1.0117362,5.0
67.44627,-0.24223626,5.0
34.20526,0.23309468,5.0
9.0,-1.3045443,5.0
0.0,0.0,5.0
18.794947,2.070143,5.0
614.50226,1.2011689,5.0
0.0,0.0,5.0
50.803543,1.3927034,5.0
0.0,0.0,5.0
66.61081,-0.35137153,5.0
0.0,0.0,5.0
58.5,-0.21075355,5.0
54.74486,-0.22964244,5.0
39.52847,-0.9652517,5.0
10.5,-0.6055447,5.0
27.986605,0.3274002,5.0
0.0,0.0,5.0
0.0,0.0,5.0
0.0,0.0,5.0
32.666668,0.26625204,5.0
0.0,0.0,5.0
0.0,0.0,5.0
13.829317,-0.7086263,5.0
26.5,0.7086263,5.0
0.0,0.0,5.0
4.714286,0.0,5.0
12.529964,0.49934673,5.0
0.0,0.0,5.0
80.14518,-0.10821232,5.0
0.0,0.0,5.0
0.0,0.0,5.0
9.0,-1.7400476,5.0
16.0,1.5707964,5.0
16.5,0.0,5.0
0.0,0.0,5.0
0.0,0.0,5.0
0.0,0.0,5.0
0.0,0.0,5.0
67.44627,0.2701532,5.0
0.0,0.0,5.0
300.13498,0.0,5.0
18.35756,0.48239845,5.0
18.35756,0.0,5.0
18.35756,0.0,5.0
184.8709,0.02901792,5.0
0.0,0.0,5.0
16.5,-0.0,5.0
33.723137,0.2701532,5.0
18.35756,0.24223626,5.0
39.246017,-0.59506965,5.0
219.23732,0.19357006,5.0
80.14518,-0.28566298,5.0
50.0,0.17809294,5.0
18.794947,0.49934673,5.0
0.0,0.0,5.0
16.5,-0.49934673,5.0
0.0,0.0,5.0
548.8023,0.1228086,5.0
0.0,0.0,5.0
671.44324,-1.0036148,5.0
0.0,0.0,5.0
0.0,0.0,5.0
99.63935,-1.3891475,5.0
0.0,0.0,5.0
195.25624,0.0,5.0
36.71512,0.2798325,5.0
36.71512,0.0,5.0
0.0,0.0,5.0
67.44627,-0.24223626,5.0
0.0,0.0,5.0
65.62012,-0.13256647,5.0
65.459915,0.0,5.0
28.935272,0.92792875,5.0
57.870544,0.0,5.0
0.0,0.0,5.0
44.0,-1.5707964,5.0
134.0,1.5707964,5.0
0.0,0.0,5.0
0.0,0.0,5.0
0.0,0.0,5.0
28.42534,0.6857295,5.0
0.0,0.0,5.0
43.0,-0.6857295,5.0
0.0,0.0,5.0
0.0,0.0,5.0
0.0,0.0,5.0
0.0,0.0,5.0
0.0,0.0,5.0
155.0,-0.0,5.0
192.33824,-1.806948,5.0
32.0,0.23615165,5.0
127.88276,-0.24218242,5.0
67.44627,0.05742142,5.0
0.0,0.0,5.0
65.0,-0.2701532,5.0
0.0,0.0,5.0
65.0,-0.0,5.0
36.71512,0.5123895,5.0
187.86432,-0.41642842,5.0
17.5,-0.09596104,5.0
0.0,0.0,5.0
35.0,-0.0,5.0
0.0,0.0,5.0
0.0,0.0,5.0
35.0,0.0,5.0
0.0,0.0,5.0
79.05694,0.6055447,5.0
0.0,0.0,5.0
79.05694,0.0,5.0
0.0,0.0,5.0
0.0,0.0,5.0
32.0,-0.6055447,5.0
127.88276,-0.06473176,5.0
54.74486,-0.047583103,5.0
43.0,-0.16514868,5.0
0.0,0.0,5.0
0.0,0.0,5.0
0.0,0.0,5.0
0.0,0.0,5.0
0.0,0.0,5.0
49.0,-0.0,5.0
36.71512,0.5123895,5.0
568.28516,0.5059071,5.0
86.95401,0.5305579,5.0
56.718605,-0.37120625,5.0
667.55975,-1.3445054,5.0
155.36409,0.1408206,5.0
77.682045,0.0,5.0
0.0,0.0,5.0
22.0,-0.1746722,5.0
548.8023,-0.019768389,5.0
0.0,0.0,5.0
197.01015,-0.37273413,5.0
0.0,0.0,5.0
660.2121,-1.319753,5.0
0.0,0.0,5.0
113.43721,0.5674256,5.0
22.0,-0.15935165,5.0
0.0,0.0,5.0
33.0,-0.48689923,5.0
32.0,0.0,5.0
18.35756,0.5123895,5.0
36.71512,0.0,5.0
0.0,0.0,5.0
0.0,0.0,5.0
0.0,0.0,5.0
0.0,0.0,5.0
12.238373,0.0,5.0
16.5,-0.5123895,5.0
0.0,0.0,5.0
0.0,0.0,5.0
0.0,0.0,5.0
33.5,0.2624594,5.0
18.794947,-0.49934673,5.0
0.0,0.0,5.0
0.0,0.0,5.0
0.0,0.0,5.0
66.0,0.2624594,5.0
0.0,0.0,5.0
32.5,0.0,5.0
18.0,1.5707964,5.0
49.0,-0.27829966,5.0
21.319006,0.959897,5.0
0.0,0.0,5.0
36.71512,-0.17334005,5.0
49.819675,0.0,5.0
0.0,0.0,5.0
0.7126437,-1.3986055,5.0
0.0,0.0,5.0
0.0,0.0,5.0
0.0,0.0,5.0
0.0,0.0,5.0
0.0,0.0,5.0
22.5,-3.1415927,5.0
34.5,1.5707964,5.0
34.5,-0.0,5.0
64.00781,0.0,5.0
0.0,0.0,5.0
19.678669,-0.030570298,5.0
9.0,-2.0458071,5.0
33.0,-0.082381934,5.0
18.35756,0.5123895,5.0
43.0,-0.5123895,5.0
86.0,0.0,5.0
0.0,0.0,5.0
33.723137,0.2701532,5.0
0.0,0.0,5.0
16.5,-0.0,5.0
327.62363,0.45942524,5.0
77.682045,0.710968,5.0
48.0,-1.5707964,5.0
18.794947,0.0,5.0
0.0,0.0,5.0
76.03453,0.61799216,5.0
43.0,-0.11864543,5.0
0.0,0.0,5.0
0.0,0.0,5.0
78.78134,-0.31591156,5.0
6.4158607,-0.08787075,5.0
0.0,0.0,5.0
0.0,0.0,5.0
0.0,0.0,5.0
0.0,0.0,5.0
0.0,0.0,5.0
0.0,0.0,5.0
0.0,0.0,5.0
6.0,1.3690339,5.0
0.0,0.0,5.0
0.0,0.0,5.0
0.0,0.0,5.0
4.5,-3.1415927,5.0
0.0,0.0,5.0
0.0,0.0,5.0
0.0,0.0,5.0
0.0,0.0,5.0
8.75,1.5707964,5.0
0.0,0.0,5.0
11.666667,-0.0,5.0
0.0,0.0,5.0
34.5,0.0,5.0
34.88553,0.6105498,5.0
27.5,-2.021624,5.0
445.20474,0.506023,5.0
33.0,-0.67114383,5.0
157.56268,-0.3960964,5.0
43.0,-0.2896331,5.0
0.0,0.0,5.0
32.5,-0.0,5.0
0.0,0.0,5.0
0.0,0.0,5.0
0.0,0.0,5.0
0.0,0.0,5.0
22.5,-1.1071488,5.0
15.0,-3.1415927,5.0
0.0,0.0,5.0
0.0,0.0,5.0
0.0,0.0,5.0
0.0,0.0,5.0
0.0,0.0,5.0
0.0,0.0,5.0
0.0,0.0,5.0
0.0,0.0,5.0
0.0,0.0,5.0
0.0,0.0,5.0
0.0,0.0,5.0
49.42924,-0.6779005,5.0
82.14165,-0.17745067,5.0
16.5,-0.27746353,5.0
9.0,1.5707964,5.0
48.654392,0.69079095,5.0
27.802877,1.8773211,5.0
19.678669,-0.43789697,5.0
17.5,-0.47501075,5.0
17.5,-0.0,5.0
22.5,-3.1415927,5.0
0.0,0.0,5.0
0.0,0.0,5.0
0.0,0.0,5.0
0.0,0.0,5.0
0.0,0.0,5.0
0.0,0.0,5.0
0.0,0.0,5.0
0.0,0.0,5.0
0.0,0.0,5.0
0.0,0.0,5.0
15.0,-3.1415927,5.0
0.0,0.0,5.0
0.0,0.0,5.0
0.0,0.0,5.0
0.0,0.0,5.0
0.0,0.0,5.0
0.0,0.0,5.0
0.0,0.0,5.0
9.0,3.1415927,5.0
22.5,-3.1415927,5.0
0.0,0.0,5.0
17.5,1.5707964,5.0
17.5,-0.0,5.0
0.0,0.0,5.0
145.25322,0.0,5.0
111.29803,0.048034735,5.0
31.0,-2.1954317,5.0
77.682045,0.30275503,5.0
89.827614,-0.36371478,5.0
32.5,-0.7617805,5.0
0.0,0.0,5.0
9.17878,0.5123895,5.0
0.0,0.0,5.0
16.5,-0.5123895,5.0
0.0,0.0,5.0
9.0,-1.5707964,5.0
32.5,1.5707964,5.0
0.0,0.0,5.0
32.729958,-1.2442149,5.0
0.0,0.0,5.0
54.168716,-0.41822433,5.0
13.829317,-0.29040194,5.0
0.0,0.0,5.0
0.0,0.0,5.0
0.0,0.0,5.0
33.0,0.93804747,5.0
16.5,-0.49934673,5.0
33.723137,0.2701532,5.0
0.0,0.0,5.0
0.0,0.0,5.0
0.0,0.0,5.0
32.5,-0.2701532,5.0
0.0,0.0,5.0
49.0,-0.48689923,5.0
0.0,0.0,5.0
0.0,0.0,5.0
53.009434,0.0,5.0
32.5,0.6246354,5.0
23.769728,0.38831872,5.0
0.0,0.0,5.0
9.475114,0.2974108,5.0
37.725986,0.0,5.0
0.0,0.0,5.0
11.0,0.96441346,5.0
22.0,0.0,5.0
21.5,-0.0,5.0
14.142136,-0.5016041,5.0
32.89377,0.5519169,5.0
0.0,0.0,5.0
0.0,0.0,5.0
10.5,-1.2298174,5.0
0.0,0.0,5.0
86.0,0.0,5.0
50.0,-0.13552772,5.0
10.659503,0.6857295,5.0
21.319006,0.0,5.0
56.13878,-0.48396716,5.0
0.0,0.0,5.0
0.0,0.0,5.0
45.0,-0.20176235,5.0
0.0,0.0,5.0
0.0,0.0,5.0
10.5,-0.0,5.0
76.03453,0.11864543,5.0
13.5,-3.1415927,5.0
27.901613,-0.63274884,5.0
10.666667,-0.93804747,5.0
99.63935,0.0,5.0
33.723137,0.08850437,5.0
28.666666,-0.2701532,5.0
0.0,0.0,5.0
0.0,0.0,5.0
0.0,0.0,5.0
21.319006,0.38152102,5.0
16.5,-0.6857295,5.0
39.52847,-0.9652517,5.0
33.723137,-0.33539146,5.0
327.62363,1.5433223,5.0
16.5,-0.27829966,5.0
18.794947,-0.49934673,5.0
33.723137,0.7694999,5.0
68.78408,-0.27230036,5.0
0.0,0.0,5.0
0.0019662168,-0.3332443,5.0
14.333333,-0.0,5.0
43.0,0.0,5.0
0.0,0.0,5.0
0.0,0.0,5.0
0.0,0.0,5.0
0.0,0.0,5.0
0.0,0.0,5.0
0.0,0.0,5.0
373.1491,-0.85268724,5.0
64.00781,-1.0652152,5.0
77.682045,0.99546874,5.0
26.5,-0.1746722,5.0
0.0,0.0,5.0
0.0,0.0,5.0
24.0,-0.27829966,5.0
0.0,0.0,5.0
22.482092,0.2701532,5.0
0.0,0.0,5.0
0.0,0.0,5.0
0.0,0.0,5.0
6.142857,-0.2701532,5.0
11.0,0.0,5.0
0.0,0.0,5.0
28.935272,-0.31628612,5.0
43.477005,0.5305579,5.0
290.50644,0.0024494508,5.0
18.794947,-0.98624593,5.0
4.5,-1.0714496,5.0
50.0,-0.65984845,5.0
8.0,0.0,5.0
0.0,0.0,5.0
0.0,0.0,5.0
0.0,0.0,5.0
49.819675,-1.3891475,5.0
18.794947,1.0714496,5.0
0.0,0.0,5.0
16.5,0.49934673,5.0
37.589893,1.0714496,5.0
330.10605,-1.2871429,5.0
344.61755,-0.58973604,5.0
11.0,0.026118878,5.0
49.819675,0.18164884,5.0
65.0,-0.18164884,5.0
21.666666,-0.0,5.0
0.0,0.0,5.0
12.238373,0.5123895,5.0
12.238373,0.0,5.0
0.0,0.0,5.0
5.245017,1.110223E-16,5.0
10.659503,0.0,5.0
0.0,0.0,5.0
0.0,0.0,5.0
0.0,0.0,5.0
556.7414,0.55480903,5.0
0.0,0.0,5.0
22.0,-1.5707964,5.0
241.44588,-1.0084097,5.0
26.5,-0.060782574,5.0
284.0,-0.0,5.0
97.67292,-0.09295171,5.0
98.0,-0.0,5.0
182.88794,-0.0127583705,5.0
0.0,0.0,5.0
21.0,-0.09858052,5.0
0.0,0.0,5.0
0.0,0.0,5.0
97.62812,0.33973953,5.0
32.5,-0.23255694,5.0
9.0,1.5707964,5.0
0.0,0.0,5.0
22.482092,-1.3006431,5.0
33.723137,5.551115E-17,5.0
33.723137,0.0,5.0
0.0,0.0,5.0
132.0,-0.0,5.0
102.51951,0.8749465,5.0
177.0706,0.11922709,5.0
655.24725,0.07515419,5.0
318.87656,-1.3056244,5.0
20.666666,-1.5516975,5.0
0.0,0.0,5.0
0.0,0.0,5.0
30.761177,-0.77618843,5.0
284.0,-0.40725586,5.0
200.68384,-0.8212605,5.0
108.042816,1.2950807,5.0
16.5,0.0,5.0
0.0,0.0,5.0
12.529964,-0.49934673,5.0
0.0,0.0,5.0
0.0,0.0,5.0
30.612415,0.61721885,5.0
0.0,0.0,5.0
126.819756,-0.011355365,5.0
77.5,-0.07102656,5.0
0.0,0.0,5.0
0.0,0.0,5.0
0.0,0.0,5.0
33.723137,0.2701532,5.0
33.723137,0.0,5.0
21.666666,-0.2701532,5.0
32.5,-0.0,5.0
0.0,0.0,5.0
22.482092,0.2701532,5.0
67.44627,5.551115E-17,5.0
0.0,0.0,5.0
10.666667,-0.2701532,5.0
26.5,-0.0,5.0
86.0,0.0,5.0
0.0,0.0,5.0
0.0,0.0,5.0
233.04077,0.9529836,5.0
0.0,0.0,5.0
53.0,-0.09454487,5.0
0.0,0.0,5.0
0.0,0.0,5.0
891.1369,0.526214,5.0
67.601776,0.08301027,5.0
361.0,-0.15935165,5.0
107.014534,0.23104177,5.0
10.75,-0.1943412,5.0
0.0,0.0,5.0
28.666666,-0.0,5.0
0.0,0.0,5.0
43.0,0.0,5.0
97.62812,0.0,5.0
0.0,0.0,5.0
0.0,0.0,5.0
0.0,0.0,5.0
33.5,0.0,5.0
18.794947,-0.49934673,5.0
0.0,0.0,5.0
16.5,0.49934673,5.0
18.35756,0.5123895,5.0
112.27756,-0.4037823,5.0
90.0,-0.20176235,5.0
45.0,-0.0,5.0
56.0,0.0,5.0
56.0,-0.0,5.0
11.666667,0.0,5.0
19.678669,-0.47501075,5.0
0.0,0.0,5.0
9.0,-1.0957856,5.0
0.0,0.0,5.0
0.0,0.0,5.0
0.0,0.0,5.0
82.37718,-2.1486983,5.0
34.5,0.57790196,5.0
66.61081,0.07289199,5.0
18.35756,0.37686175,5.0
18.35756,0.0,5.0
45.06939,0.26478577,5.0
10.419959,-0.797616,5.0
0.0,0.0,5.0
0.0,0.0,5.0
0.0,0.0,5.0
0.0,0.0,5.0
45.0,-0.9137214,5.0
45.0,0.0,5.0
0.0,0.0,5.0
0.0,0.0,5.0
0.0,0.0,5.0
0.0,0.0,5.0
9.0,3.1415927,5.0
4.5,-3.1415927,5.0
0.0,0.0,5.0
0.0,0.0,5.0
0.0,0.0,5.0
0.0,0.0,5.0
0.0,0.0,5.0
0.0,0.0,5.0
13.119112,2.0458071,5.0
76.0,-0.47501075,5.0
0.0,0.0,5.0
59.682495,0.15137544,5.0
43.0,-0.15137544,5.0
0.0,0.0,5.0
49.0,-0.0,5.0
356.18008,-1.0073864,5.0
0.0,0.0,5.0
0.0,0.0,5.0
16.397831,-0.6354368,5.0
79.12016,0.10640209,5.0
53.0,0.28177187,5.0
63.94138,-0.07273108,5.0
0.0,0.0,5.0
18.794947,0.0,5.0
16.5,0.49934673,5.0
119.36499,0.15137544,5.0
33.723137,0.11877776,5.0
0.0,0.0,5.0
0.0,0.0,5.0
36.429535,-0.6032299,5.0
22.5,-1.1071488,5.0
0.0,0.0,5.0
0.0,0.0,5.0
0.0,0.0,5.0
0.0,0.0,5.0
0.0,0.0,5.0
0.0,0.0,5.0
0.0,0.0,5.0
0.0,0.0,5.0
0.0,0.0,5.0
0.0,0.0,5.0
0.0,0.0,5.0
35.0,1.5707964,5.0
9.0,1.5707964,5.0
0.0,0.0,5.0
19.678669,-1.0957856,5.0
19.764235,0.4037823,5.0
0.0,0.0,5.0
0.0,0.0,5.0
0.0,0.0,5.0
0.0,0.0,5.0
33.0,0.0,5.0
0.0,0.0,5.0
16.5,0.0,5.0
0.014692787,0.0,5.0
18.794947,-0.98624593,5.0
33.723137,0.7694999,5.0
0.0,0.0,5.0
67.44627,0.0,5.0
33.723137,0.0,5.0
0.0,0.0,5.0
21.666666,-0.2701532,5.0
32.5,-0.0,5.0
49.0,-0.0,5.0
0.0,0.0,5.0
0.0,0.0,5.0
0.0,0.0,5.0
33.723137,0.2701532,5.0
0.0,0.0,5.0
0.0,0.0,5.0
49.0,-0.92374915,5.0
10.666667,0.0,5.0
12.529964,-0.49934673,5.0
0.0,0.0,5.0
0.0,0.0,5.0
16.5,0.49934673,5.0
18.794947,-0.49934673,5.0
33.723137,0.7694999,5.0
16.5,-0.18164884,5.0
18.794947,-0.49934673,5.0
0.0,0.0,5.0
0.0,0.0,5.0
63.144676,0.14301687,5.0
66.0,-0.5554937,5.0
0.0,0.0,5.0
36.71512,0.5123895,5.0
59.682495,-0.361014,5.0
49.819675,0.08413303,5.0
0.0,0.0,5.0
0.0,0.0,5.0
0.0,0.0,5.0
13.829317,-0.8902751,5.0
53.009434,-0.55216306,2.0
33.723137,0.8947886,2.0
33.723137,0.0,2.0
0.0,0.0,2.0
21.666666,-0.2701532,2.0
32.5,0.0,2.0
65.0,-0.0,2.0
23.769728,0.38831872,2.0
0.0,0.0,2.0
0.0,0.0,2.0
27.802877,1.5079774,2.0
0.0,0.0,2.0
27.802877,1.110223E-16,2.0
19.678669,-0.43789697,2.0
0.0,0.0,2.0
22.5,-0.47501075,2.0
45.0,-0.0,2.0
16.0,0.0,2.0
11.0,-0.0,2.0
53.009434,-0.13714509,2.0
34.44198,0.20910043,2.0
13.829317,-1.4015058,2.0
16.0,0.7086263,2.0
16.0,-0.0,2.0
16.5,-0.18164884,2.0
33.723137,0.2701532,2.0
11.0,-0.0,2.0
16.5,-0.27829966,2.0
233.04077,-0.07416568,2.0
0.0,0.0,2.0
0.0,0.0,2.0
0.0,0.0,2.0
66.0,-0.0,2.0
568.64136,0.20952801,2.0
0.0,0.0,2.0
0.0,0.0,2.0
0.0,0.0,2.0
0.0,0.0,2.0
0.0,0.0,2.0
21.319006,0.6463068,2.0
102.8895,0.13158815,2.0
0.0,0.0,2.0
493.45416,0.89883715,2.0
0.0,0.0,2.0
45.997963,0.14727747,2.0
0.0,0.0,2.0
0.0,0.0,2.0
0.0,0.0,2.0
429.6199,0.07221957,2.0
88.68484,-1.5760227,2.0
29.740545,0.44579858,2.0
11.0,-0.47116625,2.0
227.26416,-0.043124475,2.0
26.5,0.5562672,2.0
26.5,0.0,2.0
49.0,-0.27829966,2.0
33.723137,0.2701532,2.0
0.0,0.0,2.0
0.0,0.0,2.0
34.88553,2.021624,2.0
78.78134,-0.31591156,2.0
0.0,0.0,2.0
68.78408,0.043611214,2.0
22.0,-1.5707964,2.0
46.38157,-0.1808939,2.0
17.5,-0.7320138,2.0
17.0,0.0,2.0
21.5,0.0,2.0
0.0,0.0,2.0
246.66171,0.112002514,2.0
101.607086,0.5635376,2.0
27.5,-2.4980915,2.0
51.790443,0.26371184,2.0
0.0,0.0,2.0
33.0,-0.26371184,2.0
361.33224,0.08589921,2.0
218.8254,-0.018824412,2.0
0.0,0.0,2.0
16.5,-0.27829966,2.0
16.5,-1.5707964,2.0
33.723137,0.2701532,2.0
43.0,-0.2701532,2.0
43.0,0.0,2.0
33.723137,0.2701532,2.0
11.0,-0.2701532,2.0
0.0,0.0,2.0
0.0,0.0,2.0
21.319006,0.0,2.0
111.29803,0.20356289,2.0
33.723137,0.06659032,2.0
33.723137,0.0,2.0
34.5,-0.2701532,2.0
0.0,0.0,2.0
0.0,0.0,2.0
1.5992267,0.10263981,2.0
8.75,-0.4266275,2.0
0.0,0.0,2.0
7.0,0.0,2.0
46.38157,-0.33717844,2.0
15.5,-3.1415927,2.0
69.0,1.5707964,2.0
23.307724,0.39644128,2.0
56.718605,-0.23708965,2.0
0.0,0.0,2.0
77.5,-0.15935165,2.0
43.0,-0.11133888,2.0
0.0,0.0,2.0
48.0,-0.0,2.0
0.0,0.0,2.0
33.723137,0.2701532,2.0
0.0,0.0,2.0
0.0,0.0,2.0
18.794947,-0.49934673,2.0
33.5,-1.5707964,2.0
0.0,0.0,2.0
33.723137,0.2701532,2.0
34.526962,-0.06484134,2.0
78.78134,-0.3960964,2.0
0.0,0.0,2.0
70.677086,0.9818763,2.0
0.0,0.0,2.0
56.0,-0.3239877,2.0
0.0,0.0,2.0
7.3333335,-0.0,2.0
0.0,0.0,2.0
22.5,0.0,2.0
22.102036,-2.2278712,2.0
0.0,0.0,2.0
31.0,-1.5707964,2.0
0.0,0.0,2.0
0.0,0.0,2.0
25.401772,-0.40716106,2.0
8.062258,-0.5191461,2.0
0.0,0.0,2.0
60.166435,0.0,2.0
133.29666,0.4837791,2.0
91.995926,0.23041871,2.0
0.0,0.0,2.0
103.58089,0.22740301,2.0
33.0,-0.28546286,2.0
33.0,-0.0,2.0
49.819675,0.26892653,2.0
11.0,-0.0819059,2.0
0.0,0.0,2.0
43.931767,0.20632389,2.0
74.85171,-0.28031635,2.0
112.27756,0.0,2.0
0.0,0.0,2.0
49.819675,0.110622264,2.0
33.723137,0.08850437,2.0
0.0,0.0,2.0
48.83646,-0.09295171,2.0
0.0,0.0,2.0
310.5,0.05042451,2.0
0.0,0.0,2.0
121.44572,1.1283242,2.0
86.95401,-0.16232166,2.0
51.790443,0.341536,2.0
50.803543,-0.73358667,2.0
50.803543,0.0,2.0
11.0,0.17809294,2.0
13.5,-3.1415927,2.0
0.0,0.0,2.0
0.0,0.0,2.0
16.5,1.5707964,2.0
0.0,0.0,2.0
27.986605,0.3274002,2.0
46.38157,1.4937943,2.0
0.0,0.0,2.0
56.0,-0.7320138,2.0
10.75,0.0,2.0
77.5,-0.0,2.0
187.21645,-0.05435262,2.0
18.35756,0.46429822,2.0
18.35756,0.0,2.0
32.5,-0.5123895,2.0
59.5,-0.0,2.0
27.986605,0.3274002,2.0
36.71512,0.18498924,2.0
12.238373,0.0,2.0
36.71512,0.0,2.0
0.0,0.0,2.0
32.5,-0.5123895,2.0
32.5,0.0,2.0
0.0,0.0,2.0
0.0,0.0,2.0
12.238373,0.5123895,2.0
0.0,0.0,2.0
0.0,0.0,2.0
18.35756,0.0,2.0
33.723137,-0.24223626,2.0
0.0,0.0,2.0
6.6,-0.2701532,2.0
0.0,0.0,2.0
18.35756,0.5123895,2.0
0.0,0.0,2.0
0.0,0.0,2.0
13.5,-2.176341,2.0
21.319006,0.6857295,2.0
16.5,-0.6857295,2.0
37.589893,0.0,2.0
0.0,0.0,2.0
63.94138,0.0,2.0
63.94138,0.0,2.0
0.0,0.0,2.0
0.0,0.0,2.0
34.20526,-0.72116625,2.0
49.0,0.26625204,2.0
0.0,0.0,2.0
33.723137,0.2701532,2.0
0.0,0.0,2.0
33.0,-1.5707964,2.0
18.794947,-0.23309468,2.0
0.0,0.0,2.0
0.0,0.0,2.0
97.62812,-0.20312592,2.0
37.589893,-0.49934673,2.0
22.482092,0.7694999,2.0
33.723137,5.551115E-17,2.0
0.0,0.0,2.0
33.0,-0.67114383,2.0
0.0,0.0,2.0
0.0,0.0,2.0
34.20526,1.3045443,2.0
0.0,0.0,2.0
66.0,-0.053733088,2.0
82.006096,0.33267462,2.0
82.006096,0.3988158,2.0
59.682495,-0.12022415,2.0
218.4176,0.12292265,2.0
0.0,0.0,2.0
301.80292,-0.48203576,2.0
0.0,0.0,2.0
0.0,0.0,2.0
68.41052,-0.54455173,2.0
0.0,0.0,2.0
200.68384,-0.92287225,2.0
189.33333,0.05042451,2.0
0.0,0.0,2.0
0.0,0.0,2.0
0.0,0.0,2.0
0.0,0.0,2.0
233.04077,0.0,2.0
0.0,0.0,2.0
24.0,-0.27829966,2.0
89.5,-0.122668654,2.0
32.0,1.5707964,2.0
48.83646,-0.09295171,2.0
50.803543,-0.3088063,2.0
164.2833,0.0,2.0
39.52847,-0.33250284,2.0
19.764235,0.0,2.0
0.0,0.0,2.0
0.0,0.0,2.0
0.0,0.0,2.0
0.0,0.0,2.0
0.0,0.0,2.0
18.35756,-0.093155205,2.0
18.35756,0.0,2.0
33.723137,-0.24223626,2.0
63.94138,-0.07273108,2.0
0.047014937,-0.13109544,2.0
65.12488,-0.13863973,2.0
48.83646,-0.09295171,2.0
48.83646,-0.09295171,2.0
603.60583,0.043091875,2.0
227.26416,0.1947864,2.0
63.94138,-0.2229511,2.0
233.04077,0.25657344,2.0
233.04077,0.3295571,2.0
0.0,0.0,2.0
33.0,0.0,2.0
32.0,0.0,2.0
33.723137,0.2701532,2.0
16.5,-0.2701532,2.0
0.0,0.0,2.0
18.35756,0.5123895,2.0
0.0,0.0,2.0
0.0,0.0,2.0
43.0,-0.5123895,2.0
56.0,0.0,2.0
13.5,-1.7725587,2.0
13.5,-3.1415927,2.0
13.5,-3.1415927,2.0
49.819675,-1.3891475,2.0
16.0,-0.18164884,2.0
48.0,-1.5707964,2.0
16.5,0.0,2.0
155.36409,0.48567048,2.0
77.682045,0.0,2.0
0.0,0.0,2.0
126.873955,0.0,2.0
0.0,0.0,2.0
29.740545,0.0,2.0
26.5,-0.47116625,2.0
25.04496,1.1160771,2.0
10.494708,-0.10110337,2.0
21.319006,0.6857295,2.0
42.638012,0.6463068,2.0
26.5,-0.6857295,2.0
0.0,0.0,2.0
269.31207,0.3273113,2.0
65.12488,-0.23875622,2.0
0.0,0.0,2.0
66.0,-0.0,2.0
0.0,0.0,2.0
0.0,0.0,2.0
16.0,0.0,2.0
0.0,0.0,2.0
0.0,0.0,2.0
33.723137,0.2701532,2.0
0.0,0.0,2.0
11.0,1.5707964,2.0
18.794947,0.49934673,2.0
0.0,0.0,2.0
32.5,-0.49934673,2.0
33.213116,-1.3891475,2.0
96.0,-0.0,2.0
95.42536,-0.09875655,2.0
81.00154,-0.16696078,2.0
98.0,-0.27829966,2.0
48.83646,0.18534794,2.0
6.285714,-1.5707964,2.0
48.0,-0.5554937,2.0
18.794947,0.49934673,2.0
16.0,-0.49934673,2.0
18.35756,0.5123895,2.0
37.589893,-1.0117362,2.0
32.5,0.49934673,2.0
0.0,0.0,2.0
0.0,0.0,2.0
0.0,0.0,2.0
18.35756,0.5123895,2.0
18.35756,0.0,2.0
10.5,-0.5123895,2.0
10.5,0.0,2.0
0.0,0.0,2.0
81.00154,-1.4594574,2.0
34.44198,0.82390743,2.0
63.94138,0.21273178,2.0
16.5,0.49934673,2.0
0.0,0.0,2.0
16.5,0.0,2.0
16.0,0.0,2.0
0.0,0.0,2.0
0.0,0.0,2.0
16.5,-0.0,2.0
16.5,-0.0,2.0
49.0,-0.0,2.0
33.723137,0.2701532,2.0
16.5,-0.2701532,2.0
34.44198,-0.8779168,2.0
24.596748,-1.1071488,2.0
0.0,0.0,2.0
13.829317,0.39852244,2.0
109.28861,-0.6032299,2.0
0.0,0.0,2.0
13.901439,2.1571226,2.0
0.0,0.0,2.0
0.0,0.0,2.0
0.0,0.0,2.0
19.678669,-0.43789697,2.0
22.5,-3.1415927,2.0
9.0,3.1415927,2.0
45.891174,-1.7681919,2.0
16.397831,-1.1071488,2.0
27.202942,0.2491205,2.0
0.0,0.0,2.0
12.238373,-1.4543895,2.0
26.5,0.5123895,2.0
21.0,0.0,2.0
0.0,0.0,2.0
0.0,0.0,2.0
18.35756,0.5123895,2.0
16.5,-0.5123895,2.0
34.687893,0.0,2.0
428.5945,0.070866615,2.0
0.0,0.0,2.0
0.0,0.0,2.0
68.88396,0.37273413,2.0
108.33743,-0.35779977,2.0
51.790443,0.08903964,2.0
42.627586,-0.5369673,2.0
72.235725,0.38307706,2.0
16.5,-0.38307706,2.0
66.64833,0.6521693,2.0
43.0,-0.4837791,2.0
0.0,0.0,2.0
0.0,0.0,2.0
0.0,0.0,2.0
0.0,0.0,2.0
0.0,0.0,2.0
155.0,-0.0,2.0
67.601776,0.13352905,2.0
14.21267,0.55220044,2.0
0.0,0.0,2.0
14.21267,0.0,2.0
14.21267,0.0,2.0
11.0,-0.6857295,2.0
0.0,0.0,2.0
45.0,0.0,2.0
0.0,0.0,2.0
0.0,0.0,2.0
17.5,0.0,2.0
11.666667,-0.0,2.0
0.0,0.0,2.0
35.0,0.0,2.0
17.5,-0.0,2.0
0.0,0.0,2.0
0.0,0.0,2.0
51.666668,0.0,2.0
21.5,-0.0,2.0
34.88553,0.403538,2.0
9.0,0.47646743,2.0
120.0,-1.5707964,2.0
39.52847,0.8613532,2.0
21.319006,0.08018485,2.0
16.5,-0.6857295,2.0
37.589893,0.49934673,2.0
16.0,-0.49934673,2.0
0.0,0.0,2.0
48.83646,0.07400907,2.0
49.0,-0.0,2.0
32.5,0.0,2.0
9.0,1.5707964,2.0
49.0,-0.48689923,2.0
33.5,0.0,2.0
48.0,-0.0,2.0
0.0,0.0,2.0
0.0,0.0,2.0
0.0,0.0,2.0
49.819675,-0.31769788,2.0
111.29803,0.20356289,2.0
0.0,0.0,2.0
77.682045,0.23230062,2.0
429.0644,0.05129685,2.0
0.0,0.0,2.0
0.0,0.0,2.0
97.15658,0.24534823,2.0
79.12016,-0.28177187,2.0
21.319006,0.6463068,2.0
77.682045,0.1746722,2.0
361.33224,-1.4848971,2.0
59.682495,0.06547623,2.0
193.50711,-0.8178315,2.0
568.0,0.057628427,2.0
0.0,0.0,2.0
18.794947,-0.49934673,2.0
33.5,-0.0,2.0
0.0,0.0,2.0
33.723137,0.2701532,2.0
16.0,-0.2701532,2.0
33.0,0.0,2.0
49.819675,0.18164884,2.0
39.52847,0.0,2.0
22.0,-2.6651251,2.0
18.35756,2.0831857,2.0
0.0,0.0,2.0
43.0,-0.5123895,2.0
43.0,0.0,2.0
43.0,-0.0,2.0
186.95988,-0.14471032,2.0
0.0,0.0,2.0
53.009434,-1.5375432,2.0
0.0,0.0,2.0
0.0,0.0,2.0
0.0,0.0,2.0
33.723137,0.8947886,2.0
0.0,0.0,2.0
16.5,-0.2701532,2.0
36.71512,0.5123895,2.0
86.313385,-0.05788474,2.0
65.0,-0.1746722,2.0
43.0,-0.0,2.0
267.84042,-0.02191282,2.0
76.03453,0.06822092,2.0
76.03453,0.0,2.0
16.861568,0.15150777,2.0
10.5,-0.2701532,2.0
43.931767,0.20632389,2.0
33.723137,0.0638293,2.0
18.794947,-0.49934673,2.0
0.0,0.0,2.0
33.723137,0.7694999,2.0
33.723137,0.0,2.0
49.0,0.49934673,2.0
0.0,0.0,2.0
31.0,-3.1415927,2.0
33.723137,1.8409495,2.0
18.794947,-1.0714496,2.0
80.5,-0.0,2.0
68.88396,-0.40144935,2.0
31.0,-2.263676,2.0
328.2381,-0.84583294,2.0
0.0,0.0,2.0
42.638012,0.79784024,2.0
0.0,0.0,2.0
305.2986,0.27924564,2.0
339.21417,0.03104973,2.0
0.0,0.0,2.0
11.0,-0.06490134,2.0
0.0,0.0,2.0
7.3333335,-0.0,2.0
44.34242,0.0,2.0
11.0,0.5191461,2.0
11.0,-0.0,2.0
0.0,0.0,2.0
378.77072,0.08193535,2.0
0.0,0.0,2.0
67.601776,0.05159369,2.0
466.08154,0.039046366,2.0
49.819675,0.18164884,2.0
0.0,0.0,2.0
0.0,0.0,2.0
0.0,0.0,2.0
46.486557,0.0,2.0
21.319006,0.08018485,2.0
0.0,0.0,2.0
0.0,0.0,2.0
0.0,0.0,2.0
21.319006,0.6857295,2.0
16.5,-0.6857295,2.0
200.68384,-0.92287225,2.0
656.4762,0.0670748,2.0
120.33287,-0.32058796,2.0
77.682045,0.021593502,2.0
0.0,0.0,2.0
0.0,0.0,2.0
0.0,0.0,2.0
686.2361,0.09455578,2.0
48.83646,-0.39890838,2.0
18.794947,0.49934673,2.0
16.5,-0.49934673,2.0
18.794947,0.49934673,2.0
0.0,0.0,2.0
37.589893,0.0,2.0
16.0,-0.49934673,2.0
190.39433,-0.36693534,2.0
25.603125,0.6617074,2.0
0.0,0.0,2.0
0.0,0.0,2.0
45.0,-0.5055811,2.0
23.769728,0.38831872,2.0
67.601776,-0.25478968,2.0
19.678669,0.34148172,2.0
19.235384,-0.96191,2.0
18.794947,-0.77764636,2.0
429.6199,-0.83945954,2.0
100.62306,0.4636476,2.0
859.2398,-0.7788734,2.0
111.29803,0.20356289,2.0
48.83646,0.18534794,2.0
48.0,-0.50939035,2.0
81.5,1.5707964,2.0
32.5,0.0,2.0
0.0,0.0,2.0
0.0,0.0,2.0
46.38157,1.3566493,2.0
38.75,-0.7320138,2.0
18.35756,0.5123895,2.0
18.35756,0.0,2.0
21.319006,0.08018485,2.0
80.14518,0.0,2.0
68.41052,0.0,2.0
16.5,-1.5707964,2.0
33.5,0.2624594,2.0
9.0,1.5707964,2.0
63.436977,1.0967464,2.0
80.5,0.0,2.0
31.0,-1.5707964,3.0
24.596748,-2.071562,3.0
53.009434,-0.48155212,3.0
43.0,0.6246354,3.0
16.446884,1.2298174,3.0
24.596748,-0.44926012,3.0
64.00781,1.6127298,3.0
67.601776,-0.372052,3.0
0.0,0.0,3.0
0.0,0.0,3.0
13.829317,-0.84215534,3.0
0.0,0.0,3.0
0.0,0.0,3.0
31.0,-3.1415927,3.0
18.135294,1.0193105,3.0
39.246017,-0.12216302,3.0
0.0,0.0,3.0
22.0,-1.5707964,3.0
0.0,0.0,3.0
328.2381,0.0,3.0
66.0,-0.48689923,3.0
5.531727,-0.7086263,3.0
26.5,0.7086263,3.0
59.682495,0.15137544,3.0
33.723137,0.11877776,3.0
0.0,0.0,3.0
22.482092,-5.551115E-17,3.0
14.666667,-2.0545754,3.0
16.0,1.5707964,3.0
43.931767,0.20632389,3.0
31.0,-3.1415927,3.0
70.38466,0.104065135,3.0
0.0,0.0,3.0
10.5,-0.39369822,3.0
0.0,0.0,3.0
23.769728,0.38831872,3.0
45.0,-0.38831872,3.0
0.0,0.0,3.0
0.0,0.0,3.0
0.0,0.0,3.0
155.0,0.0,3.0
43.0,-0.0,3.0
43.0,0.0,3.0
44.407207,0.0,3.0
43.0,-0.13552772,3.0
76.03453,0.11864543,3.0
33.723137,0.15150777,3.0
42.638012,0.5743503,3.0
125.08022,0.38069248,3.0
160.29036,-0.116211645,3.0
0.0,0.0,3.0
0.0,0.0,3.0
39.52847,-0.08018485,3.0
98.50507,0.7958406,3.0
0.16083916,-0.32014543,3.0
26.352314,0.8613532,3.0
0.0,0.0,3.0
0.0,0.0,3.0
0.0,0.0,3.0
0.0,0.0,3.0
0.0,0.0,3.0
5.25,-0.6055447,3.0
18.0,-0.0,3.0
0.0,0.0,3.0
0.0,0.0,3.0
0.54545456,1.5707964,3.0
0.0,0.0,3.0
0.0,0.0,3.0
22.0,-3.1415927,3.0
0.0,0.0,3.0
0.0,0.0,3.0
0.0,0.0,3.0
0.0,0.0,3.0
0.0,0.0,3.0
197.30133,0.055609606,3.0
22.0,-3.1415927,3.0
0.0,0.0,3.0
0.0,0.0,3.0
0.0,0.0,3.0
36.0,1.5707964,3.0
6.1666665,-0.0,3.0
28.111385,0.0,3.0
18.5,0.89883316,3.0
0.0,0.0,3.0
235.52972,0.70820576,3.0
0.0,0.0,3.0
44.0,-1.5707964,3.0
9.0,0.0,3.0
0.0,0.0,3.0
56.0,1.5707964,3.0
37.333332,-0.0,3.0
45.0,0.0,3.0
23.769728,0.38831872,3.0
53.009434,-0.0295658,3.0
13.829317,-0.08399085,3.0
9.219544,0.0,3.0
17.2,0.7086263,3.0
0.0,0.0,3.0
0.0,0.0,3.0
0.0,0.0,3.0
76.03453,0.11864543,3.0
63.94138,0.31991437,3.0
0.0,0.0,3.0
34.44198,0.72111124,3.0
33.0,0.0,3.0
222.51991,0.30976203,3.0
333.77988,0.0,3.0
259.48944,-0.113712095,3.0
0.0,0.0,3.0
0.0,0.0,3.0
205.81848,-1.0683517,3.0
186.39265,-1.3433477,3.0
890.182,-0.5195687,3.0
338.61963,0.026581625,3.0
0.0,0.0,3.0
0.0,0.0,3.0
33.0,0.48689923,3.0
33.0,-0.0,3.0
103.58089,-0.11936523,3.0
139.45967,0.32855317,3.0
0.0,0.0,3.0
0.0,0.0,3.0
90.13878,0.3042085,3.0
68.88396,0.0,3.0
49.193497,-0.44926012,3.0
28.42534,1.7928783,3.0
22.0,-0.6857295,3.0
0.0,0.0,3.0
0.0,0.0,3.0
0.0,0.0,3.0
22.0,0.0,3.0
22.0,-0.0,3.0
0.0,0.0,3.0
0.0,0.0,3.0
0.0,0.0,3.0
10.5,0.0,3.0
21.0,0.0,3.0
60.166435,-0.8554838,3.0
0.0,0.0,3.0
35.654594,-0.629516,3.0
0.0,0.0,3.0
10.5,0.2551824,3.0
0.0,0.0,3.0
62.936478,1.4545223,3.0
31.0,-0.32658145,3.0
0.0,0.0,3.0
31.0,-3.1415927,3.0
0.0,0.0,3.0
0.0,0.0,3.0
5.25,1.5707964,3.0
62.936478,0.0,3.0
32.5,-0.79663366,3.0
21.5,-0.0,3.0
7.3333335,0.0,3.0
59.48109,0.036798988,3.0
0.0,0.0,3.0
53.009434,-0.0295658,3.0
7.818182,0.6246354,3.0
0.0,0.0,3.0
33.723137,0.2701532,3.0
49.5,-0.2701532,3.0
39.537956,-0.22964244,3.0
0.0,0.0,3.0
28.42534,0.91537195,3.0
14.21267,0.0,3.0
14.21267,0.0,3.0
19.82703,2.0419626,3.0
67.601776,-0.33763722,3.0
0.0,0.0,3.0
67.601776,0.0,3.0
0.0,0.0,3.0
0.0,0.0,3.0
0.0,0.0,3.0
50.31153,0.04632445,3.0
19.25,-0.1798535,3.0
21.5,-0.0,3.0
10.5,0.0,3.0
0.0,0.0,3.0
57.870544,-0.31628612,3.0
0.0,0.0,3.0
37.725986,-1.8773211,3.0
79.07591,0.734771,3.0
28.935272,-0.08664369,3.0
53.009434,-0.055885803,3.0
0.0,0.0,3.0
0.0,0.0,3.0
0.0,0.0,3.0
43.0,-0.6246354,3.0
21.5,-0.0,3.0
21.5,0.0,3.0
33.723137,0.2701532,3.0
22.0,-1.5707964,3.0
9.0,0.0,3.0
16.0,1.5707964,3.0
0.0,0.0,3.0
18.35756,0.5123895,3.0
0.0,0.0,3.0
0.0,0.0,3.0
33.0,-0.67114383,3.0
66.42665,-0.09012729,3.0
6.0,1.2252407,3.0
33.333332,-0.0,3.0
0.0,0.0,3.0
36.117863,0.11936523,3.0
43.0,-0.38307706,3.0
37.725986,-0.96441346,3.0
54.0,0.96441346,3.0
54.0,-0.0,3.0
0.0,0.0,3.0
25.04496,0.0,3.0
124.05745,0.7442985,3.0
63.94138,-0.3491898,3.0
59.5,-0.28546286,3.0
68.88396,0.0,3.0
0.0,0.0,3.0
33.723137,-0.42272633,3.0
0.0,0.0,3.0
31.468239,0.19108899,3.0
0.0,0.0,3.0
0.0,0.0,3.0
0.0,0.0,3.0
0.0,0.0,3.0
28.935272,-1.1129198,3.0
28.935272,0.0,3.0
10.5,0.31628612,3.0
37.725986,-1.9288269,3.0
0.0,0.0,3.0
2.5144212,0.25578716,3.0
39.246017,0.0,3.0
31.0,-0.9757267,3.0
43.931767,1.7771202,3.0
0.0,0.0,3.0
0.0,0.0,3.0
13.5,-0.66104317,3.0
0.0,0.0,3.0
13.5,-3.1415927,3.0
0.0,0.0,3.0
0.0,0.0,3.0
6.9146585,0.86217004,3.0
0.0,0.0,3.0
111.29803,-0.124990284,3.0
43.0,-0.20356289,3.0
0.0,0.0,3.0
18.35756,0.5123895,3.0
0.0,0.0,3.0
18.35756,0.0,3.0
36.71512,0.0,3.0
0.0,0.0,3.0
16.5,-1.5707964,3.0
45.06939,0.7799037,3.0
4.374419,0.9002148,3.0
33.86903,-0.17809294,3.0
213.92639,1.1900308,3.0
333.77988,0.0,3.0
8.25,0.0,3.0
233.89368,-1.4099634,3.0
79.12016,-0.07238629,3.0
251.3628,-1.1557962,3.0
171.9328,0.12639703,3.0
24.0,0.0,3.0
18.794947,-0.95426095,3.0
667.55975,-0.43282628,3.0
637.7531,-1.2328376,3.0
265.12497,0.27480233,3.0
318.87656,-1.1292723,3.0
265.12497,-0.51680696,3.0
0.0,0.0,3.0
0.0,0.0,3.0
225.2826,0.0013095242,3.0
34.20526,0.23309468,3.0
0.0,0.0,3.0
16.5,-0.122668654,3.0
16.5,-0.27829966,3.0
48.83646,0.0,3.0
621.0,-0.5743048,3.0
0.0,0.0,3.0
44.666668,0.0,3.0
429.0644,0.0,3.0
11.293849,-0.19108899,4.0
5.375,-0.6055447,4.0
3.142857,-0.0,4.0
0.0,0.0,4.0
9.351416,0.0,4.0
7.233818,0.92792875,4.0
12.876968,0.15928572,4.0
12.700886,-0.17809294,4.0
98.650665,-0.65435326,4.0
9.0,-1.5479866,4.0
111.301186,-0.12902386,4.0
131.91354,0.029244099,4.0
2.25,-1.6000404,4.0
6.0,3.1415927,4.0
0.0,0.0,4.0
0.0,0.0,4.0
52.551796,-1.3189121,4.0
1.4459008,-0.0069908663,4.0
0.0,0.0,4.0
0.0,0.0,4.0
4.375,-0.034207184,4.0
8.2672205,-0.31628612,4.0
8.125,0.31628612,4.0
5.3297515,0.8418559,4.0
0.0,0.0,4.0
3.375,-2.2565258,4.0
36.313305,0.15552814,4.0
18.221518,-1.1745738,4.0
93.650894,-0.22251378,4.0
107.2661,-0.5309962,4.0
64.653076,-0.61861,4.0
0.0,0.0,4.0
5.45568,0.62120837,4.0
161.92763,1.1283242,4.0
