phone_id,track_no,pathLength,timeStopped,noStops,timeSpent,inactiveTime,sThetaChange,sThetaIn,sThetaOut,sThetaInOut,timePerStop,totAvrgSpeed,timesStoppedHere,pathPerShortest,timePerShortest,speedLessThan3,speedLessThan2,speedLessThan1,anglelargerthan5,anglelargerthan10,anglelargerthan15,anglelargerthan20,speedLargerThan10,x1,y1,x2,y2,characteristic,pathLength,timeStopped,noStops,timeSpent,inactiveTime,sThetaChange,sThetaIn,sThetaOut,sThetaInOut,timePerStop,totAvrgSpeed,timesStoppedHere,pathPerShortest,timePerShortest,speedLessThan3,speedLessThan2,speedLessThan1,anglelargerthan5,anglelargerthan10,anglelargerthan15,anglelargerthan20,speedLargerThan10,x1,y1,x2,y2,characteristic,pathLength,timeStopped,noStops,timeSpent,inactiveTime,sThetaChange,sThetaIn,sThetaOut,sThetaInOut,timePerStop,totAvrgSpeed,timesStoppedHere,pathPerShortest,timePerShortest,speedLessThan3,speedLessThan2,speedLessThan1,anglelargerthan5,anglelargerthan10,anglelargerthan15,anglelargerthan20,speedLargerThan10,x1,y1,x2,y2,characteristic,pathLength,timeStopped,noStops,timeSpent,inactiveTime,sThetaChange,sThetaIn,sThetaOut,sThetaInOut,timePerStop,totAvrgSpeed,timesStoppedHere,pathPerShortest,timePerShortest,speedLessThan3,speedLessThan2,speedLessThan1,anglelargerthan5,anglelargerthan10,anglelargerthan15,anglelargerthan20,speedLargerThan10,x1,y1,x2,y2,characteristic,pathLength,timeStopped,noStops,timeSpent,inactiveTime,sThetaChange,sThetaIn,sThetaOut,sThetaInOut,timePerStop,totAvrgSpeed,timesStoppedHere,pathPerShortest,timePerShortest,speedLessThan3,speedLessThan2,speedLessThan1,anglelargerthan5,anglelargerthan10,anglelargerthan15,anglelargerthan20,speedLargerThan10,x1,y1,x2,y2,characteristic,pathLength,timeStopped,noStops,timeSpent,inactiveTime,sThetaChange,sThetaIn,sThetaOut,sThetaInOut,timePerStop,totAvrgSpeed,timesStoppedHere,pathPerShortest,timePerShortest,speedLessThan3,speedLessThan2,speedLessThan1,anglelargerthan5,anglelargerthan10,anglelargerthan15,anglelargerthan20,speedLargerThan10,x1,y1,x2,y2,characteristic,pathLength,timeStopped,noStops,timeSpent,inactiveTime,sThetaChange,sThetaIn,sThetaOut,sThetaInOut,timePerStop,totAvrgSpeed,timesStoppedHere,pathPerShortest,timePerShortest,speedLessThan3,speedLessThan2,speedLessThan1,anglelargerthan5,anglelargerthan10,anglelargerthan15,anglelargerthan20,speedLargerThan10,x1,y1,x2,y2,characteristic,pathLength,timeStopped,noStops,timeSpent,inactiveTime,sThetaChange,sThetaIn,sThetaOut,sThetaInOut,timePerStop,totAvrgSpeed,timesStoppedHere,pathPerShortest,timePerShortest,speedLessThan3,speedLessThan2,speedLessThan1,anglelargerthan5,anglelargerthan10,anglelargerthan15,anglelargerthan20,speedLargerThan10,x1,y1,x2,y2,characteristic,pathLength,timeStopped,noStops,timeSpent,inactiveTime,sThetaChange,sThetaIn,sThetaOut,sThetaInOut,timePerStop,totAvrgSpeed,timesStoppedHere,pathPerShortest,timePerShortest,speedLessThan3,speedLessThan2,speedLessThan1,anglelargerthan5,anglelargerthan10,anglelargerthan15,anglelargerthan20,speedLargerThan10,x1,y1,x2,y2,characteristic,pathLength,timeStopped,noStops,timeSpent,inactiveTime,sThetaChange,sThetaIn,sThetaOut,sThetaInOut,timePerStop,totAvrgSpeed,timesStoppedHere,pathPerShortest,timePerShortest,speedLessThan3,speedLessThan2,speedLessThan1,anglelargerthan5,anglelargerthan10,anglelargerthan15,anglelargerthan20,speedLargerThan10,x1,y1,x2,y2,characteristic,pathLength,timeStopped,noStops,timeSpent,inactiveTime,sThetaChange,sThetaIn,sThetaOut,sThetaInOut,timePerStop,totAvrgSpeed,timesStoppedHere,pathPerShortest,timePerShortest,speedLessThan3,speedLessThan2,speedLessThan1,anglelargerthan5,anglelargerthan10,anglelargerthan15,anglelargerthan20,speedLargerThan10,x1,y1,x2,y2,characteristic,pathLength,timeStopped,noStops,timeSpent,inactiveTime,sThetaChange,sThetaIn,sThetaOut,sThetaInOut,timePerStop,totAvrgSpeed,timesStoppedHere,pathPerShortest,timePerShortest,speedLessThan3,speedLessThan2,speedLessThan1,anglelargerthan5,anglelargerthan10,anglelargerthan15,anglelargerthan20,speedLargerThan10,x1,y1,x2,y2,characteristic,pathLength,timeStopped,noStops,timeSpent,inactiveTime,sThetaChange,sThetaIn,sThetaOut,sThetaInOut,timePerStop,totAvrgSpeed,timesStoppedHere,pathPerShortest,timePerShortest,speedLessThan3,speedLessThan2,speedLessThan1,anglelargerthan5,anglelargerthan10,anglelargerthan15,anglelargerthan20,speedLargerThan10,x1,y1,x2,y2,characteristic,pathLength,timeStopped,noStops,timeSpent,inactiveTime,sThetaChange,sThetaIn,sThetaOut,sThetaInOut,timePerStop,totAvrgSpeed,timesStoppedHere,pathPerShortest,timePerShortest,speedLessThan3,speedLessThan2,speedLessThan1,anglelargerthan5,anglelargerthan10,anglelargerthan15,anglelargerthan20,speedLargerThan10,x1,y1,x2,y2,characteristic,pathLength,timeStopped,noStops,timeSpent,inactiveTime,sThetaChange,sThetaIn,sThetaOut,sThetaInOut,timePerStop,totAvrgSpeed,timesStoppedHere,pathPerShortest,timePerShortest,speedLessThan3,speedLessThan2,speedLessThan1,anglelargerthan5,anglelargerthan10,anglelargerthan15,anglelargerthan20,speedLargerThan10,x1,y1,x2,y2,characteristic
HT25TW5055273593c875a9898b00,1,1373.4383604909278,0.0,11.0,153.0,36.0,67.60197288721999,0.0,0.0,0.0,5.545454545454546,8.97672131039822,61.0,0.0,0.0,13.0,15.0,107.0,65.0,1.0,0.0,1.0,7.0,200.0,302.0,850.0,364.0,1
HT25TW5055273593c875a9898b00,2,1118.2412572963885,0.0,0.0,286.0,272.0,0.8580975659681751,0.0,0.0,0.0,0.0,3.9099344660712885,0.0,0.0,0.0,126.0,0.0,135.0,134.0,0.0,0.0,0.0,9.0,200.0,302.0,850.0,364.0,1
HT25TW5055273593c875a9898b00,3,752.5559045408208,0.0,2.0,173.0,161.0,13.23305711909046,0.0,0.0,0.0,2.5,4.350034130293762,5.0,0.0,0.0,2.0,14.0,83.0,58.0,0.0,1.0,0.0,12.0,200.0,302.0,850.0,364.0,1
HT25TW5055273593c875a9898b00,4,1020.8864554735717,0.0,3.0,116.0,71.0,23.989092804617396,0.0,0.0,0.0,7.666666666666667,8.800745305806652,23.0,0.0,0.0,19.0,20.0,13.0,37.0,0.0,0.0,0.0,3.0,200.0,302.0,850.0,364.0,1
HT25TW5055273593c875a9898b00,5,724.3361883548063,0.0,1.0,18.0,0.0,11.714036563217261,0.0,0.0,0.0,0.0,40.240899353044796,0.0,0.0,0.0,0.0,0.0,0.0,9.0,0.0,0.0,0.0,13.0,200.0,302.0,850.0,364.0,1
HT25TW5055273593c875a9898b00,6,673.7405393946927,0.0,8.0,12.0,0.0,30.490509450976887,0.0,0.0,0.0,0.5,56.14504494955773,4.0,0.0,0.0,0.0,0.0,0.0,6.0,0.0,1.0,0.0,4.0,200.0,302.0,850.0,364.0,1
HT25TW5055273593c875a9898b00,7,3570.2110107511953,0.0,22.0,2245.0324340351162,1995.0,88.01584373475964,0.0,0.0,0.0,4.7272727272727275,1.5902714618399811,104.0,6.081445852490713,587.0661512654892,52.0,25.0,2007.0,1453.0,0.0,5.0,0.0,36.0,200.0,302.0,850.0,364.0,1
HT25TW5055273593c875a9898b00,8,3619.3174485840905,0.0,21.0,342.7139507748884,104.0,72.68380084514315,0.0,0.0,0.0,4.142857142857143,10.560753189068274,87.0,9.08994247684227,398.16725549196167,51.0,93.0,39.0,157.0,0.0,67.0,0.0,39.0,200.0,302.0,850.0,364.0,1
HT25TW5055273593c875a9898b00,9,1570.1242637009636,0.0,8.0,42.0,0.0,45.209305458133294,0.0,0.0,0.0,3.0,37.383911040499136,24.0,0.0,0.0,7.0,2.0,0.0,20.0,1.0,0.0,1.0,10.0,200.0,302.0,850.0,364.0,1
HT25TW5055273593c875a9898b00,10,3352.776297702861,0.0,21.0,413.8817888533822,258.0,116.61936089148557,0.0,0.0,0.0,2.3333333333333335,8.100806529785691,49.0,13.589925319236611,246.7104284198669,17.0,47.0,277.0,192.0,0.0,5.0,0.0,51.0,200.0,302.0,850.0,364.0,1
HT25TW5055273593c875a9898b00,11,2119.810238604124,0.0,18.0,260.0,119.0,113.7399346567211,0.0,0.0,0.0,1.2222222222222223,8.153116302323554,22.0,0.0,0.0,35.0,19.0,127.0,63.0,0.0,1.0,0.0,21.0,200.0,302.0,850.0,364.0,1
HT25TW5055273593c875a9898b00,12,3741.447065591373,0.0,15.0,292.7387006552747,133.0,100.07010391501382,0.0,0.0,0.0,1.5333333333333334,12.780841949548899,23.0,7.029244847132136,532.2687069462158,44.0,46.0,43.0,138.0,11.0,1.0,11.0,67.0,200.0,302.0,850.0,364.0,1
HT25TW5055273593c875a9898b00,13,1010.474723019834,0.0,16.0,60.0,0.0,105.82096510258503,0.0,0.0,0.0,1.9375,16.8412453836639,31.0,2.409076183800629,419.44490166586576,3.0,13.0,18.0,19.0,0.0,7.0,0.0,4.0,200.0,302.0,850.0,364.0,1
HT25TW5055273593c875a9898b00,14,1954.77126855576,0.0,14.0,335.3801667144495,198.0,79.86157603657927,0.0,0.0,0.0,5.357142857142857,5.8285237547159365,75.0,51.70101191612784,37.80914910769822,29.0,18.0,220.0,129.0,0.0,96.0,0.0,18.0,200.0,302.0,850.0,364.0,1
HT25TW5055273593c875a9898b00,15,4705.274190292351,0.0,35.0,52634.0,52483.0,200.73120603506675,0.0,0.0,0.0,2.8285714285714287,0.0893960973950745,99.0,0.0,0.0,13.0,50.0,52461.0,89.0,1.0,3.0,1.0,33.0,200.0,302.0,850.0,364.0,1
HT25TW5055273593c875a9898b00,16,4607.396484038192,0.0,16.0,659.3203825562107,466.0,78.36503038281872,0.0,0.0,0.0,3.0,6.988099573344202,48.0,36.62140383154406,125.81157470729138,20.0,415.0,12.0,336.0,0.0,8.0,0.0,58.0,200.0,302.0,850.0,364.0,1
HT25TW5055273593c875a9898b00,17,1083.3223247710157,0.0,2.0,113.0,17.0,17.67883182568028,0.0,0.0,0.0,11.0,9.586923228062085,22.0,0.0,0.0,2.0,3.0,20.0,35.0,17.0,9.0,17.0,9.0,200.0,302.0,850.0,364.0,1
HT25TW5055273593c875a9898b00,18,1638.244603937866,0.0,7.0,47.20716571496513,0.0,58.05869310497589,0.0,0.0,0.0,1.7142857142857142,34.703303600760904,12.0,0.0,0.0,1.0,0.0,6.0,20.0,1.0,0.0,1.0,19.0,200.0,302.0,850.0,364.0,1
HT25TW5055273593c875a9898b00,19,615.9089708019958,0.0,3.0,15.0,0.0,16.217166978785993,0.0,0.0,0.0,1.0,41.060598053466386,3.0,0.0,0.0,0.0,0.0,0.0,7.0,0.0,0.0,0.0,9.0,200.0,302.0,850.0,364.0,1
HT25TW5055273593c875a9898b00,20,1186.7443272846876,0.0,4.0,139.86105858384167,105.0,35.00219866103525,0.0,0.0,0.0,1.25,8.485166202093895,5.0,6.880985079345956,172.46721415612905,2.0,0.0,105.0,19.0,0.0,105.0,0.0,21.0,200.0,302.0,850.0,364.0,1
HT25TW5055273593c875a9898b00,21,1245.053358885303,0.0,8.0,59.0,0.0,61.048931022992484,0.0,0.0,0.0,1.125,21.102599303140728,9.0,0.0,0.0,7.0,12.0,4.0,31.0,0.0,1.0,0.0,23.0,200.0,302.0,850.0,364.0,1
HT25TW5055273593c875a9898b00,22,899.0771786091846,0.0,6.0,9.0,0.0,27.256932737644814,0.0,0.0,0.0,1.0,99.8974642899094,6.0,0.0,0.0,0.0,0.0,0.0,6.0,0.0,0.0,0.0,1.0,200.0,302.0,850.0,364.0,1
HT25TW5055273593c875a9898b00,23,626.0029370724694,0.0,8.0,289.0,268.0,53.374720073305326,0.0,0.0,0.0,1.5,2.166100128278441,12.0,0.0,0.0,1.0,6.0,272.0,5.0,2.0,1.0,2.0,5.0,200.0,302.0,850.0,364.0,1
HT25TW5055273593c875a9898b00,24,882.6473481193248,0.0,8.0,30.0,0.0,66.41590741805052,0.0,0.0,0.0,2.5,29.421578270644158,20.0,8.02932843785836,109.92791675548281,9.0,4.0,0.0,14.0,0.0,1.0,0.0,7.0,200.0,302.0,850.0,364.0,1
HT25TW5055273593c875a9898b00,25,556.7829770191274,0.0,1.0,28.0,28.0,1.3800330057645611,0.0,0.0,0.0,0.0,19.885106322111692,0.0,0.0,0.0,0.0,0.0,0.0,28.0,0.0,0.0,0.0,14.0,200.0,302.0,850.0,364.0,1
HT25TW5055273593c875a9898b00,26,2137.202954660082,0.0,9.0,74.0,36.0,59.09815787922255,0.0,0.0,0.0,1.2222222222222223,28.881121008920026,11.0,0.0,0.0,10.0,0.0,0.0,35.0,0.0,0.0,0.0,26.0,200.0,302.0,850.0,364.0,1
HT25TW5055273593c875a9898b00,27,1786.9853881596323,0.0,11.0,132.0,90.0,40.779297624401806,0.0,0.0,0.0,1.1818181818181819,13.537768092118426,13.0,7.814736495723916,228.6686683725598,1.0,4.0,26.0,16.0,0.0,3.0,0.0,13.0,200.0,302.0,850.0,364.0,1
HT25TW5055273593c875a9898b00,28,268.71461457147313,0.0,0.0,3.0,0.0,5.595386149589957,0.0,0.0,0.0,0.0,89.57153819049104,0.0,0.0,0.0,0.0,0.0,0.0,2.0,0.0,0.0,0.0,3.0,200.0,302.0,850.0,364.0,1
HT25TW5055273593c875a9898b00,29,666.0290944909046,0.0,5.0,48.0,0.0,23.50392047544729,0.0,0.0,0.0,2.0,13.87560613522718,10.0,0.0,0.0,2.0,5.0,0.0,20.0,0.0,1.0,0.0,10.0,200.0,302.0,850.0,364.0,1
HT25TW5055273593c875a9898b00,30,698.9669435923142,0.0,4.0,32.0,0.0,30.158389308204008,0.0,0.0,0.0,0.75,21.84271698725982,3.0,0.0,0.0,1.0,2.0,0.0,13.0,0.0,0.0,0.0,11.0,200.0,302.0,850.0,364.0,1
HT25TW5055273593c875a9898b00,31,2506.0436874057723,0.0,15.0,311.43782560029587,206.0,110.85357351496289,0.0,0.0,0.0,2.8,8.046690162235038,42.0,4.582339849260831,546.8917124970593,0.0,58.0,122.0,56.0,2.0,0.0,2.0,40.0,200.0,302.0,850.0,364.0,1
HT25TW5055273593c875a9898b00,32,433.93128316717673,0.0,0.0,1881.3617872330867,1459.0,1.0005341642161296,0.0,0.0,0.0,0.0,0.2306474417158,0.0,0.0,0.0,0.0,0.0,2962.0,0.0,0.0,1459.0,0.0,0.0,200.0,302.0,850.0,364.0,1
HT25TW5055273593c875a9898b00,33,1959.804658192212,0.0,16.0,185.0,122.0,107.4777379075328,0.0,0.0,0.0,1.0625,10.593538692930876,17.0,0.0,0.0,72.0,72.0,4.0,89.0,0.0,0.0,0.0,10.0,200.0,302.0,850.0,364.0,1
HT25TW5055273593c875a9898b00,34,4337.516188041232,0.0,40.0,588.0,409.0,228.96180101079386,0.0,0.0,0.0,11.75,7.376728210954477,470.0,155.93747235056424,27.815740005648088,33.0,32.0,419.0,64.0,1.0,4.0,1.0,19.0,200.0,302.0,850.0,364.0,1
HT25TW5055273593c875a9898b00,35,1850.145186743304,0.0,16.0,124.28730991179279,39.0,67.29847266139964,0.0,0.0,0.0,2.75,14.886034528033148,44.0,10.777279074786517,171.67089892584534,19.0,30.0,0.0,59.0,0.0,0.0,0.0,14.0,200.0,302.0,850.0,364.0,1
HT25TW5055273593c875a9898b00,36,4192.650743032469,0.0,33.0,711.9319907546902,403.0,223.41167481472897,0.0,0.0,0.0,6.909090909090909,5.889116934593725,228.0,21.5807934506788,194.27695059565076,35.0,111.0,402.0,245.0,10.0,108.0,10.0,31.0,200.0,302.0,850.0,364.0,1
ZX1B23QBS53771758c578bbd85,1,25394.058652457967,0.0,152.0,10487.468234285208,9053.0,831.3514642874181,0.0,0.0,0.0,4.875,2.4213716871571287,741.0,13.227354772695373,1919.8138319294019,132.0,171.0,9864.0,3596.0,2.0,132.0,2.0,237.0,200.0,302.0,850.0,364.0,2
ZX1B23QBS53771758c578bbd85,2,872.1070215796004,0.0,7.0,397.08160853757875,282.0,62.78588518987865,0.0,0.0,0.0,125.85714285714286,2.1962916509568498,881.0,1.7353606595230286,502.5508771296583,12.0,5.0,867.0,19.0,1.0,1.0,1.0,2.0,200.0,302.0,850.0,364.0,2
ZX1B23QBS53771758c578bbd85,3,3659.51763158008,0.0,21.0,161.2922512881891,0.0,148.40388385143592,0.0,0.0,0.0,2.5238095238095237,22.688738004167558,53.0,18.1690526216116,201.4148842976646,25.0,19.0,5.0,74.0,0.0,3.0,0.0,41.0,200.0,302.0,850.0,364.0,2
ZX1B23QBS53771758c578bbd85,4,756.316155036827,0.0,4.0,30.304735559511805,0.0,28.27563652058879,0.0,0.0,0.0,2.0,24.957028697762077,8.0,0.0,0.0,4.0,0.0,3.0,11.0,1.0,0.0,1.0,4.0,200.0,302.0,850.0,364.0,2
ZX1B23QBS53771758c578bbd85,5,1984.0229036792764,0.0,11.0,97.51697378678122,33.0,39.60407268016567,0.0,0.0,0.0,0.9090909090909091,20.34541092320297,10.0,3.279721931695211,604.936316248549,3.0,0.0,33.0,28.0,0.0,33.0,0.0,32.0,200.0,302.0,850.0,364.0,2
ZX1B23QBS53771758c578bbd85,6,1337.4309400116078,0.0,11.0,29.0,0.0,42.290202749673206,0.0,0.0,0.0,1.2727272727272727,46.11830827626234,14.0,20.739880406142543,64.485952369113,2.0,2.0,3.0,12.0,1.0,2.0,1.0,5.0,200.0,302.0,850.0,364.0,2
ZX1B23QBS53771758c578bbd85,7,2988.559929312754,0.0,14.0,727.9051276785517,508.0,95.60899778254525,0.0,0.0,0.0,3.0,4.1056997892622675,42.0,3.4946761476617128,855.1750728926338,18.0,136.0,520.0,166.0,3.0,90.0,3.0,30.0,200.0,302.0,850.0,364.0,2
ZX1B23QBS53771758c578bbd85,8,512.5684657091804,0.0,0.0,91.96743154085895,91.0,3.1724417882992855,0.0,0.0,0.0,0.0,5.5733693669748545,0.0,10.09088863094861,50.7951761688401,0.0,0.0,0.0,0.0,0.0,91.0,0.0,1.0,200.0,302.0,850.0,364.0,2
ZX1B23QBS53771758c578bbd85,9,3080.820605553302,0.0,19.0,204.9135766718739,110.0,145.26696956884516,0.0,0.0,0.0,1.736842105263158,15.034731497984586,33.0,16.95922314342072,181.6604793450399,9.0,14.0,50.0,90.0,50.0,2.0,50.0,43.0,200.0,302.0,850.0,364.0,2
ZX1B23QBS53771758c578bbd85,10,1536.863138573633,0.0,5.0,44.56393954496144,0.0,49.29128870363174,0.0,0.0,0.0,3.6,34.48669830958417,18.0,3.7564036465014654,409.1315213169367,7.0,14.0,0.0,18.0,0.0,0.0,0.0,9.0,200.0,302.0,850.0,364.0,2
ZX1B23QBS53771758c578bbd85,11,11371.216463305773,0.0,64.0,1597.1179576377788,1297.0,408.3898632441868,0.0,0.0,0.0,1.765625,7.119835081013301,113.0,8.239756593702916,1380.0427638840713,67.0,67.0,1261.0,690.0,0.0,18.0,0.0,90.0,200.0,302.0,850.0,364.0,2
ZX1B23QBS53771758c578bbd85,12,8114.9049757905705,0.0,53.0,1818.5135488386125,1565.0,346.30527897641485,0.0,0.0,0.0,2.150943396226415,4.462383566497554,114.0,33.20591906707464,244.3812791146899,28.0,47.0,1585.0,114.0,0.0,8.0,0.0,61.0,200.0,302.0,850.0,364.0,2
ZX1B23QBS53771758c578bbd85,13,14759.549310173197,0.0,87.0,984.1200830731023,472.0,492.4746962527824,0.0,0.0,0.0,2.9770114942528734,14.997711726483313,259.0,12.973883834867966,1137.6353833619326,74.0,189.0,389.0,502.0,42.0,43.0,42.0,128.0,200.0,302.0,850.0,364.0,2
ZX1B23QBS53771758c578bbd85,14,2466.3317395664285,0.0,11.0,46.0,0.0,62.35835724801188,0.0,0.0,0.0,1.0909090909090908,53.61590738187888,12.0,0.0,0.0,4.0,4.0,0.0,22.0,0.0,0.0,0.0,26.0,200.0,302.0,850.0,364.0,2
ZX1B23QBS53771758c578bbd85,15,4068.1072734709874,0.0,18.0,117.8540107923338,0.0,111.47911148995955,0.0,0.0,0.0,1.5555555555555556,34.51819115973277,28.0,5.874089479060606,692.5511243866115,6.0,9.0,2.0,58.0,0.0,2.0,0.0,69.0,200.0,302.0,850.0,364.0,2
ZX1B23QBS53771758c578bbd85,16,2109.5318738007973,0.0,18.0,45.0,0.0,94.60048584861815,0.0,0.0,0.0,1.4444444444444444,46.87848608446216,26.0,10.310578216919303,204.59879450205113,8.0,5.0,1.0,21.0,0.0,1.0,0.0,12.0,200.0,302.0,850.0,364.0,2
ZX1B23QBS53771758c578bbd85,17,2588.079950825143,0.0,10.0,65.5736376193547,15.0,45.860458096061876,0.0,0.0,0.0,1.6,39.46829922488921,16.0,0.0,0.0,0.0,3.0,2.0,22.0,0.0,0.0,0.0,26.0,200.0,302.0,850.0,364.0,2
ZX1B23QBS53771758c578bbd85,18,3604.6382258144286,0.0,23.0,251.09314310814375,266.0,131.87777469615418,0.0,0.0,0.0,1.3478260869565217,14.355781210090395,31.0,20.285411704596093,177.69608417647845,33.0,66.0,224.0,107.0,0.0,1.0,0.0,21.0,200.0,302.0,850.0,364.0,2
ZX1B23QBS53771758c578bbd85,19,704.9952551202086,0.0,1.0,6.0,0.0,6.602477415319287,0.0,0.0,0.0,0.0,117.49920918670144,0.0,0.0,0.0,0.0,0.0,0.0,3.0,1.0,0.0,1.0,4.0,200.0,302.0,850.0,364.0,2
ZX1B23QBS53771758c578bbd85,20,2200.601242463163,0.0,17.0,145.62072335251085,121.0,182.2615620376172,0.0,0.0,0.0,0.9411764705882353,15.11186863930119,16.0,8.932677364922007,246.3540495825774,52.0,72.0,9.0,93.0,0.0,0.0,0.0,1.0,200.0,302.0,850.0,364.0,2
ZX1B23QBS53771758c578bbd85,21,875.6520024489324,0.0,5.0,12.0,0.0,18.431242847925752,0.0,0.0,0.0,0.0,72.9710002040777,0.0,0.0,0.0,0.0,0.0,0.0,7.0,0.0,0.0,0.0,7.0,200.0,302.0,850.0,364.0,2
TA92903URNf067ff16fcf8e045,1,1581.098963592152,0.0,8.0,125.15445594930374,69.0,82.27404989502203,0.0,0.0,0.0,2.5,12.633181548347004,20.0,7.438121523661408,212.5669711852002,11.0,3.0,74.0,27.0,1.0,1.0,1.0,18.0,200.0,302.0,850.0,364.0,3
TA92903URNf067ff16fcf8e045,2,3985.6018005301976,0.0,13.0,1518.7036724425334,1361.0,116.78577216886048,0.0,0.0,0.0,4.3076923076923075,2.6243446123496548,56.0,5.822635841562199,684.5012995799632,20.0,32.0,1496.0,782.0,1.0,4.0,1.0,53.0,200.0,302.0,850.0,364.0,3
TA92903URNf067ff16fcf8e045,3,1043.1504309193824,0.0,9.0,42.0,19.0,45.14347150304622,0.0,0.0,0.0,3.111111111111111,24.836915021890057,28.0,147.3860022215996,7.0776764088557895,0.0,0.0,26.0,10.0,0.0,0.0,0.0,7.0,200.0,302.0,850.0,364.0,3
TA92903URNf067ff16fcf8e045,4,795.3373649271217,0.0,6.0,33.0,0.0,17.452573541384023,0.0,0.0,0.0,1.8333333333333333,24.10113227051884,11.0,0.0,0.0,2.0,0.0,0.0,13.0,3.0,0.0,3.0,6.0,200.0,302.0,850.0,364.0,3
TA92903URNf067ff16fcf8e045,5,3148.416155997918,0.0,10.0,278.1165993069535,139.0,94.55587175741336,0.0,0.0,0.0,2.7,11.320489909065277,27.0,3.815321788648268,825.2033066687599,17.0,9.0,112.0,192.0,3.0,0.0,3.0,82.0,200.0,302.0,850.0,364.0,3
TA92903URNf067ff16fcf8e045,6,744.7440963283202,0.0,7.0,17.0,0.0,28.05229742115131,0.0,0.0,0.0,1.4285714285714286,43.80847625460707,10.0,0.0,0.0,3.0,0.0,0.0,7.0,0.0,0.0,0.0,9.0,200.0,302.0,850.0,364.0,3
TA92903URNf067ff16fcf8e045,7,1149.5355563368055,0.0,10.0,127.0,77.0,76.3969625613502,0.0,0.0,0.0,3.1,9.051461073518153,31.0,2.7114352810146474,423.95832361768095,3.0,10.0,81.0,21.0,1.0,0.0,1.0,4.0,200.0,302.0,850.0,364.0,3
TA92903URNf067ff16fcf8e045,8,1448.4428556938644,0.0,4.0,86.92938774977779,0.0,21.799251997007246,0.0,0.0,0.0,0.25,16.662292156746116,1.0,8.869150113635353,163.31247494244587,0.0,79.0,0.0,12.0,0.0,1.0,0.0,16.0,200.0,302.0,850.0,364.0,3
TA92903URNf067ff16fcf8e045,9,2374.4210756170946,0.0,5.0,91.39496481846902,0.0,60.314822402989705,0.0,0.0,0.0,1.2,25.979779961984004,6.0,6.901560397444368,344.04119342291597,0.0,0.0,0.0,41.0,0.0,0.0,0.0,40.0,200.0,302.0,850.0,364.0,3
TA92903URNf067ff16fcf8e045,10,571.2915123980463,0.0,1.0,20.0,11.0,0.2864286429921518,0.0,0.0,0.0,0.0,28.564575619902314,0.0,0.0,0.0,0.0,0.0,0.0,5.0,0.0,0.0,0.0,6.0,200.0,302.0,850.0,364.0,3
TA92903URNf067ff16fcf8e045,11,464.2125082541431,0.0,2.0,11.885982858075854,0.0,9.740204158364163,0.0,0.0,0.0,0.5,39.05545833247916,1.0,0.0,0.0,0.0,0.0,0.0,4.0,0.0,0.0,0.0,12.0,200.0,302.0,850.0,364.0,3
TA92903URNf067ff16fcf8e045,12,0.0,0.0,0.0,0.0,0.0,0.0,0.0,0.0,0.0,0.0,0.0,0.0,0.0,0.0,0.0,0.0,0.0,0.0,0.0,0.0,0.0,0.0,200.0,302.0,850.0,364.0,3
TA92903URNf067ff16fcf8e045,13,712.9377464990207,0.0,3.0,18.0,0.0,21.07726420664764,0.0,0.0,0.0,4.0,39.60765258327893,12.0,0.0,0.0,1.0,2.0,0.0,7.0,1.0,0.0,1.0,5.0,200.0,302.0,850.0,364.0,3
TA92903URNf067ff16fcf8e045,14,2768.8002556770457,0.0,15.0,158.2269285614903,24.0,100.2547986362711,0.0,0.0,0.0,2.6,17.498919310697687,39.0,3.862792494891025,716.7872101178341,41.0,42.0,0.0,47.0,0.0,5.0,0.0,29.0,200.0,302.0,850.0,364.0,3
TA92903URNf067ff16fcf8e045,15,967.0345859249019,0.0,9.0,14.807484488999968,0.0,42.45228163203238,0.0,0.0,0.0,0.8888888888888888,65.30714833051371,8.0,0.0,0.0,0.0,0.0,0.0,6.0,0.0,0.0,0.0,3.0,200.0,302.0,850.0,364.0,3
TA92903URNf067ff16fcf8e045,16,5636.567945504581,0.0,18.0,603.1484805291466,623.0,132.50734504225386,0.0,0.0,0.0,3.5,9.345241059978429,63.0,5.653846779525666,996.9438800351546,33.0,25.0,650.0,181.0,1.0,404.0,1.0,70.0,200.0,302.0,850.0,364.0,3
TA92903URNf067ff16fcf8e045,17,984.6555082025211,0.0,4.0,107.01307735671753,63.0,18.81614332303161,0.0,0.0,0.0,18.25,9.20126336447899,73.0,81.19316910538856,12.127319564586035,1.0,31.0,44.0,26.0,0.0,24.0,0.0,6.0,200.0,302.0,850.0,364.0,3
TA92903URNf067ff16fcf8e045,18,1615.22079469975,0.0,5.0,187.74289757584896,126.0,31.735370005831975,0.0,0.0,0.0,8.2,8.603365642885072,41.0,3.2007203970973563,504.6428910705692,15.0,17.0,102.0,45.0,0.0,8.0,0.0,16.0,200.0,302.0,850.0,364.0,3
TA92903URNf067ff16fcf8e045,19,982.112283439647,0.0,5.0,39.0,0.0,52.53711711983696,0.0,0.0,0.0,1.2,25.182366242042228,6.0,0.0,0.0,2.0,5.0,6.0,19.0,0.0,0.0,0.0,8.0,200.0,302.0,850.0,364.0,3
TA92903URNf067ff16fcf8e045,20,5965.347058083954,0.0,26.0,430.89117173734206,223.0,160.67384356398463,0.0,0.0,0.0,2.0,13.844208118796747,52.0,5.465758185677848,1091.403398290689,125.0,51.0,48.0,163.0,5.0,2.0,5.0,70.0,200.0,302.0,850.0,364.0,3
TA92903URNf067ff16fcf8e045,21,800.4518930467118,0.0,2.0,53.0,0.0,10.909580739712656,0.0,0.0,0.0,16.0,15.102865906541732,32.0,0.0,0.0,1.0,11.0,20.0,18.0,0.0,0.0,0.0,7.0,200.0,302.0,850.0,364.0,3
TA92903URNf067ff16fcf8e045,22,769.9405142796925,0.0,3.0,19028.79443051399,137.0,15.73974728766045,0.0,0.0,0.0,18.666666666666668,0.040461865153424516,56.0,3.3439171505450163,230.25107370085468,2.0,4.0,51405.0,27.0,0.0,87.0,0.0,7.0,200.0,302.0,850.0,364.0,3
TA92903URNf067ff16fcf8e045,23,1243.8153919464976,0.0,11.0,68.0,15.0,85.57838701000952,0.0,0.0,0.0,3.5454545454545454,18.29140282274261,39.0,0.0,0.0,17.0,7.0,18.0,17.0,1.0,1.0,1.0,6.0,200.0,302.0,850.0,364.0,3
TA92903URNf067ff16fcf8e045,24,2564.9905795942223,0.0,7.0,231.95620886873067,153.0,62.88941219879527,0.0,0.0,0.0,2.7142857142857144,11.058081144298272,19.0,5.361232273668545,478.4330259653289,48.0,74.0,3.0,143.0,0.0,8.0,0.0,13.0,200.0,302.0,850.0,364.0,3
TA92903URNf067ff16fcf8e045,25,907.0100213184793,0.0,6.0,388.034511736284,365.0,43.13364178526109,0.0,0.0,0.0,6.833333333333333,2.337446783431731,41.0,2.4097783797318226,376.3873179986858,0.0,30.0,338.0,118.0,0.0,1.0,0.0,12.0,200.0,302.0,850.0,364.0,3
TA92903URNf067ff16fcf8e045,26,1539.5993009851286,0.0,4.0,209.18672509914194,66.0,29.403553778557843,0.0,0.0,0.0,6.0,7.359928314071799,24.0,4.61224350325229,333.8070290303388,0.0,0.0,841.0,42.0,1.0,24.0,1.0,17.0,200.0,302.0,850.0,364.0,3
TA92903URNf067ff16fcf8e045,27,1295.8100387226457,0.0,5.0,57.0,32.0,35.1270126582854,0.0,0.0,0.0,0.6,22.733509451274486,3.0,0.0,0.0,0.0,0.0,32.0,12.0,0.0,0.0,0.0,13.0,200.0,302.0,850.0,364.0,3
TA92903URNf067ff16fcf8e045,28,2225.408354328041,0.0,1.0,751.4697782809664,733.0,22.22976001473333,0.0,0.0,0.0,1.0,2.9614076555664024,1.0,4.315566867790371,515.6699971300596,43.0,233.0,438.0,312.0,0.0,2.0,0.0,24.0,200.0,302.0,850.0,364.0,3
TA92903URNf067ff16fcf8e045,29,2006.3147662816225,0.0,26.0,170.0,68.0,167.85501321167058,0.0,0.0,0.0,3.6923076923076925,11.801851566362485,96.0,0.0,0.0,20.0,26.0,89.0,35.0,1.0,25.0,1.0,5.0,200.0,302.0,850.0,364.0,3
TA92903URNf067ff16fcf8e045,30,4831.233306637576,0.0,18.0,1044.7474029913121,884.0,126.5188935670237,0.0,0.0,0.0,1.9444444444444444,4.624307553007386,35.0,5.960012201530266,810.6079557013541,11.0,30.0,860.0,369.0,1.0,0.0,1.0,76.0,200.0,302.0,850.0,364.0,3
TA92903URNf067ff16fcf8e045,31,2335.9104457872068,0.0,15.0,72.0,42.0,76.80487248747521,0.0,0.0,0.0,0.8666666666666667,32.44320063593343,13.0,0.0,0.0,32.0,3.0,0.0,40.0,0.0,1.0,0.0,12.0,200.0,302.0,850.0,364.0,3
YT910K6675876ded0861342065,1,1442.1677080836596,0.0,1.0,290.8069653460491,109.0,5.412430561093787,0.0,0.0,0.0,23.0,4.959192453893034,23.0,17.08902808561358,84.39144115502684,29.0,77.0,83.0,114.0,0.0,0.0,0.0,42.0,200.0,302.0,850.0,364.0,3
YT910K6675876ded0861342065,2,1271.0720423947748,0.0,0.0,1359.6659613016259,1304.0,1.3218966012108404,0.0,0.0,0.0,0.0,0.9348414085309315,0.0,0.0,0.0,9.0,305.0,999.0,604.0,0.0,0.0,0.0,13.0,200.0,302.0,850.0,364.0,3
YT910K6675876ded0861342065,3,5024.666809474795,0.0,5.0,2158.6625195897195,1654.0,30.43296891160935,0.0,0.0,0.0,135.6,2.3276759400213214,678.0,5.478831064964152,917.1056289007281,114.0,102.0,1542.0,796.0,4.0,9.0,4.0,109.0,200.0,302.0,850.0,364.0,3
YT910K6675876ded0861342065,4,2114.8651758840297,0.0,2.0,293.48558027672334,36.0,17.041906803983178,0.0,0.0,0.0,20.5,7.206027546191379,41.0,2.866676522917487,737.741129484564,24.0,4.0,57.0,152.0,2.0,17.0,2.0,73.0,200.0,302.0,850.0,364.0,3
YT910K6675876ded0861342065,5,692.2982820599929,0.0,2.0,120.0,0.0,10.15487941450991,0.0,0.0,0.0,7.5,5.76915235049994,15.0,0.0,0.0,8.0,18.0,4.0,47.0,1.0,2.0,1.0,24.0,200.0,302.0,850.0,364.0,3
YT910K6675876ded0861342065,6,0.0,0.0,0.0,0.0,0.0,0.0,0.0,0.0,0.0,0.0,0.0,0.0,0.0,0.0,0.0,0.0,0.0,0.0,0.0,0.0,0.0,0.0,200.0,302.0,850.0,364.0,3
YT910K6675876ded0861342065,7,2011.481530671829,0.0,6.0,308.31291062400055,68.0,11.821184814234995,0.0,0.0,0.0,10.666666666666666,6.524156016044713,64.0,3.745782241700955,536.9990567733638,60.0,52.0,12.0,134.0,0.0,0.0,0.0,64.0,200.0,302.0,850.0,364.0,3
YT910K6675876ded0861342065,8,485.0507447111511,0.0,0.0,19.0,0.0,0.07018464810851091,0.0,0.0,0.0,0.0,25.528986563744795,0.0,0.0,0.0,0.0,0.0,0.0,9.0,0.0,0.0,0.0,19.0,200.0,302.0,850.0,364.0,3
YT910K6675876ded0861342065,9,2394.11508834777,0.0,4.0,844.6581920436263,596.0,27.198702066640827,0.0,0.0,0.0,8.5,2.834418834623834,34.0,3.028558180560522,790.5131569586257,140.0,260.0,449.0,229.0,0.0,52.0,0.0,51.0,200.0,302.0,850.0,364.0,3
ZX1B23QFSP48abead89f52e3bb,1,2411.871959827523,0.0,20.0,107.0,0.0,113.59951925825521,0.0,0.0,0.0,1.9,22.5408594376404,38.0,82.21720412309969,29.335368254755394,14.0,7.0,10.0,39.0,1.0,4.0,1.0,28.0,200.0,302.0,850.0,364.0,1
ZX1B23QFSP48abead89f52e3bb,2,623.4349441973226,0.0,1.0,77.78733691957864,0.0,6.5094140731025405,0.0,0.0,0.0,0.0,8.01460711840371,0.0,9.683950687775535,64.37816179550678,0.0,0.0,155.0,2.0,0.0,0.0,0.0,2.0,200.0,302.0,850.0,364.0,1
ZX1B23QFSP48abead89f52e3bb,3,1872.7781298278214,0.0,4.0,225.0,195.0,15.674000688379575,0.0,0.0,0.0,49.75,8.323458354790317,199.0,0.0,0.0,0.0,0.0,195.0,17.0,0.0,0.0,0.0,14.0,200.0,302.0,850.0,364.0,1
ZX1B23QFSP48abead89f52e3bb,4,269.11706929448917,0.0,0.0,36.34640510498933,25.0,0.001664053029730446,0.0,0.0,0.0,0.0,7.404227970197444,0.0,0.0,0.0,0.0,0.0,0.0,25.0,0.0,0.0,0.0,0.0,200.0,302.0,850.0,364.0,1
ZX1B23QFSP48abead89f52e3bb,5,1932.9208655976606,0.0,9.0,50.079875484931996,0.0,40.68686774849028,0.0,0.0,0.0,1.7777777777777777,38.596758615728525,16.0,5.640665763925731,342.67601494125876,0.0,1.0,2.0,21.0,0.0,1.0,0.0,28.0,200.0,302.0,850.0,364.0,1
ZX1B23QFSP48abead89f52e3bb,6,514.2113878699832,0.0,3.0,24.0,0.0,13.42604334763545,0.0,0.0,0.0,7.0,21.425474494582634,21.0,0.0,0.0,4.0,3.0,9.0,9.0,0.0,0.0,0.0,0.0,200.0,302.0,850.0,364.0,1
ZX1B23QFSP48abead89f52e3bb,7,5369.297334857075,0.0,26.0,2231.1569112404977,2029.0,115.9020734885918,0.0,0.0,0.0,5.884615384615385,2.406508169733256,153.0,46.02291546537923,116.66573663496249,20.0,50.0,2019.0,1919.0,1.0,1.0,1.0,62.0,200.0,302.0,850.0,364.0,1
ZX1B23QFSP48abead89f52e3bb,8,1376.5427260541019,0.0,3.0,42.0,0.0,20.678280900677617,0.0,0.0,0.0,1.3333333333333333,32.77482681081195,4.0,0.0,0.0,0.0,3.0,0.0,20.0,0.0,0.0,0.0,21.0,200.0,302.0,850.0,364.0,1
ZX1B23QFSP48abead89f52e3bb,9,932.0492683615544,0.0,0.0,34.0,0.0,4.520580649355575,0.0,0.0,0.0,0.0,27.413213775339834,0.0,0.0,0.0,0.0,0.0,0.0,15.0,0.0,0.0,0.0,21.0,200.0,302.0,850.0,364.0,1
ZX1B23QFSP48abead89f52e3bb,10,604.2459308591314,0.0,2.0,12.0,0.0,3.103702125580978,0.0,0.0,0.0,1.0,50.35382757159428,2.0,0.0,0.0,0.0,0.0,0.0,6.0,0.0,0.0,0.0,4.0,200.0,302.0,850.0,364.0,1
ZX1B23QFSP48abead89f52e3bb,11,2895.893173361799,0.0,9.0,107.32393487646868,30.0,41.04796875632512,0.0,0.0,0.0,4.666666666666667,26.982733876604616,42.0,6.098603505047943,474.8452938389596,2.0,2.0,30.0,46.0,0.0,30.0,0.0,41.0,200.0,302.0,850.0,364.0,1
ZX1B23QFSP48abead89f52e3bb,12,989.6791232681643,0.0,3.0,30.0,0.0,18.744675511662493,0.0,0.0,0.0,2.3333333333333335,32.98930410893881,7.0,0.0,0.0,2.0,0.0,0.0,14.0,0.0,0.0,0.0,9.0,200.0,302.0,850.0,364.0,1
ZX1B23QFSP48abead89f52e3bb,13,643.8325067962573,0.0,2.0,15.0,0.0,12.7115896205857,0.0,0.0,0.0,0.0,42.92216711975049,0.0,0.0,0.0,0.0,0.0,0.0,8.0,0.0,0.0,0.0,13.0,200.0,302.0,850.0,364.0,1
ZX1B23QFSP48abead89f52e3bb,14,634.084069125443,0.0,3.0,9.0,0.0,7.147359816786491,0.0,0.0,0.0,0.3333333333333333,70.45378545838255,1.0,0.0,0.0,0.0,0.0,0.0,5.0,0.0,0.0,0.0,7.0,200.0,302.0,850.0,364.0,1
ZX1B23QFSP48abead89f52e3bb,15,1055.3495417574243,0.0,3.0,33.0,0.0,12.341778409311432,0.0,0.0,0.0,0.0,31.980289144164374,0.0,0.0,0.0,0.0,0.0,0.0,18.0,0.0,0.0,0.0,15.0,200.0,302.0,850.0,364.0,1
ZX1B23QFSP48abead89f52e3bb,16,762.5072125917412,0.0,4.0,24.437804535964123,0.0,6.807406684421624,0.0,0.0,0.0,3.25,31.201952346807193,13.0,0.0,0.0,3.0,2.0,0.0,11.0,0.0,0.0,0.0,7.0,200.0,302.0,850.0,364.0,1
ZX1B23QFSP48abead89f52e3bb,17,759.9342676987915,0.0,2.0,13.0,0.0,5.755775009337426,0.0,0.0,0.0,2.0,58.456482130676264,4.0,0.0,0.0,0.0,0.0,2.0,6.0,0.0,0.0,0.0,5.0,200.0,302.0,850.0,364.0,1
ZX1B23QFSP48abead89f52e3bb,18,843.1870075173406,0.0,0.0,878.0211520223124,870.0,1.8949440249288352,0.0,0.0,0.0,0.0,0.9603265315138028,0.0,0.0,0.0,0.0,0.0,870.0,583.0,0.0,0.0,0.0,9.0,200.0,302.0,850.0,364.0,1
ZX1B23QFSP48abead89f52e3bb,19,2261.873082402989,0.0,5.0,155.4884614951145,117.0,39.54357055017331,0.0,0.0,0.0,1.6,14.546887020771363,8.0,5.769112819873915,392.06601656516443,1.0,28.0,91.0,42.0,0.0,39.0,0.0,28.0,200.0,302.0,850.0,364.0,1
ZX1B23QFSP48abead89f52e3bb,20,882.4683153662222,0.0,1.0,15.988686577128117,0.0,9.768556950663395,0.0,0.0,0.0,0.0,55.1932962791701,0.0,0.0,0.0,2.0,1.0,2.0,5.0,0.0,0.0,0.0,5.0,200.0,302.0,850.0,364.0,1
ZX1B23QFSP48abead89f52e3bb,21,4916.770209720738,0.0,9.0,945.5021132608607,868.0,62.2942455963462,0.0,0.0,0.0,27.444444444444443,5.200168398105123,247.0,10.301769555304206,477.2743346010081,1.0,145.0,562.0,508.0,0.0,1.0,0.0,43.0,200.0,302.0,850.0,364.0,1
ZX1B23QFSP48abead89f52e3bb,22,642.5763028300436,0.0,0.0,156.0,141.0,0.2628970203800849,0.0,0.0,0.0,0.0,4.119078864295151,0.0,0.0,0.0,94.0,4.0,8.0,52.0,0.0,0.0,0.0,3.0,200.0,302.0,850.0,364.0,1
ZX1B23QFSP48abead89f52e3bb,23,4287.092982260108,0.0,16.0,285.7990496589996,172.0,53.289766368028694,0.0,0.0,0.0,8.8125,15.000375219495105,141.0,5.3087572034088515,807.5511495434913,7.0,7.0,131.0,59.0,0.0,48.0,0.0,74.0,200.0,302.0,850.0,364.0,1
ZX1B23QFSP48abead89f52e3bb,24,803.7135308514203,0.0,0.0,28.0,0.0,0.7053897348518576,0.0,0.0,0.0,0.0,28.70405467326501,0.0,0.0,0.0,0.0,0.0,0.0,12.0,0.0,0.0,0.0,18.0,200.0,302.0,850.0,364.0,1
ZX1B23QFSP48abead89f52e3bb,25,3196.4067700451455,0.0,9.0,249.87175674540526,145.0,109.70709689527554,0.0,0.0,0.0,3.6666666666666665,12.792189128049271,33.0,4.1513616474731085,769.9658669802391,28.0,15.0,98.0,94.0,0.0,38.0,0.0,47.0,200.0,302.0,850.0,364.0,1
ZX1B23QFSP48abead89f52e3bb,26,729.8961619850102,0.0,4.0,9.0,0.0,24.667621498500907,0.0,0.0,0.0,0.25,81.09957355389002,1.0,0.0,0.0,0.0,2.0,0.0,3.0,0.0,0.0,0.0,4.0,200.0,302.0,850.0,364.0,1
ZX1B23QFSP48abead89f52e3bb,27,3129.18288092247,0.0,11.0,1564.1869582478137,1487.0,32.44353132817334,0.0,0.0,0.0,2.727272727272727,2.000517178859328,30.0,421.6566367299345,7.421163592230306,53.0,98.0,1359.0,959.0,0.0,44.0,0.0,34.0,200.0,302.0,850.0,364.0,1
ZX1B23QFSP48abead89f52e3bb,28,665.8820270402476,0.0,4.0,59.0,47.0,10.82784316522303,0.0,0.0,0.0,1.5,11.28613605152962,6.0,0.0,0.0,1.0,2.0,47.0,3.0,0.0,0.0,0.0,6.0,200.0,302.0,850.0,364.0,1
ZX1B23QFSP48abead89f52e3bb,29,764.4262161024502,0.0,2.0,12.0,0.0,5.742910836735109,0.0,0.0,0.0,1.0,63.70218467520419,2.0,0.0,0.0,0.0,0.0,0.0,7.0,0.0,0.0,0.0,8.0,200.0,302.0,850.0,364.0,1
ZX1B23QFSP48abead89f52e3bb,30,569.818876488629,0.0,1.0,170.0,166.0,0.6266158829527221,0.0,0.0,0.0,1.0,3.351875744050759,1.0,0.0,0.0,0.0,0.0,87.0,89.0,0.0,0.0,0.0,4.0,200.0,302.0,850.0,364.0,1
ZX1B23QFSP48abead89f52e3bb,31,2396.88570326582,0.0,5.0,141.90422696978317,85.0,30.089963721280522,0.0,0.0,0.0,2.0,16.890868964574317,10.0,10.467052471056238,228.99337802057934,1.0,0.0,85.0,30.0,0.0,0.0,0.0,33.0,200.0,302.0,850.0,364.0,1
ZX1B23QFSP48abead89f52e3bb,32,667.9566790592019,0.0,4.0,117.472727756397,107.0,3.21308067679637,0.0,0.0,0.0,0.75,5.686057451941888,3.0,11.325511450577308,58.97805869289491,0.0,0.0,107.0,113.0,0.0,0.0,0.0,6.0,200.0,302.0,850.0,364.0,1
ZX1B23QFSP48abead89f52e3bb,33,906.7685615593841,0.0,3.0,34.0,0.0,3.6901456022812393,0.0,0.0,0.0,3.0,26.669663575276005,9.0,0.0,0.0,3.0,0.0,0.0,17.0,0.0,0.0,0.0,21.0,200.0,302.0,850.0,364.0,1
ZX1B23QFSP48abead89f52e3bb,34,1033.317714323945,0.0,3.0,132.0,123.0,15.846207451674733,0.0,0.0,0.0,1.0,7.828164502454129,3.0,0.0,0.0,83.0,2.0,0.0,127.0,0.0,0.0,0.0,4.0,200.0,302.0,850.0,364.0,1
ZX1B23QFSP48abead89f52e3bb,35,682.7483552279676,0.0,3.0,9.0,0.0,3.2969876374834657,0.0,0.0,0.0,1.0,75.86092835866307,3.0,0.0,0.0,0.0,0.0,0.0,5.0,0.0,0.0,0.0,6.0,200.0,302.0,850.0,364.0,1
ZX1B23QFSP48abead89f52e3bb,36,708.6713558871103,0.0,4.0,18.0,0.0,12.933790187200984,0.0,0.0,0.0,0.75,39.370630882617235,3.0,0.0,0.0,0.0,3.0,0.0,8.0,0.0,0.0,0.0,11.0,200.0,302.0,850.0,364.0,1
ZX1B23QFSP48abead89f52e3bb,37,629.7177072645356,0.0,1.0,12.0,0.0,3.9578450540994,0.0,0.0,0.0,0.0,52.47647560537797,0.0,0.0,0.0,0.0,0.0,0.0,8.0,0.0,0.0,0.0,12.0,200.0,302.0,850.0,364.0,1
ZX1B23QFSP48abead89f52e3bb,38,690.7170059705492,0.0,1.0,84.0,82.0,3.3608135728594877,0.0,0.0,0.0,0.0,8.222821499649395,0.0,0.0,0.0,82.0,0.0,0.0,59.0,0.0,0.0,0.0,2.0,200.0,302.0,850.0,364.0,1
ZX1B23QFSP48abead89f52e3bb,39,639.10236635998,0.0,2.0,9.0,0.0,6.041075014206761,0.0,0.0,0.0,0.0,71.01137403999778,0.0,0.0,0.0,0.0,0.0,0.0,7.0,0.0,0.0,0.0,9.0,200.0,302.0,850.0,364.0,1
ZX1B23QFSP48abead89f52e3bb,40,442.6055186667859,0.0,0.0,66.98609662648371,60.0,0.12713665533521445,0.0,0.0,0.0,0.0,6.607423643965497,0.0,0.0,0.0,0.0,0.0,0.0,65.0,0.0,0.0,0.0,1.0,200.0,302.0,850.0,364.0,1
ZX1B23QFSP48abead89f52e3bb,41,474.9152283318751,0.0,1.0,17.0,16.0,11.815908725079623,0.0,0.0,0.0,0.0,27.936189901875004,0.0,0.0,0.0,0.0,0.0,0.0,16.0,0.0,0.0,0.0,1.0,200.0,302.0,850.0,364.0,1
ZX1B23QFSP48abead89f52e3bb,42,583.2604775918556,0.0,3.0,21.0,0.0,7.784231454090949,0.0,0.0,0.0,3.3333333333333335,27.77430845675503,10.0,0.0,0.0,4.0,0.0,0.0,8.0,0.0,1.0,0.0,9.0,200.0,302.0,850.0,364.0,1
ZX1B23QFSP48abead89f52e3bb,43,4793.42403344274,0.0,11.0,543.5137760612297,434.0,67.14871493502677,0.0,0.0,0.0,2.3636363636363638,8.819323896774119,26.0,5.658658177533758,847.0955274297701,88.0,172.0,80.0,291.0,0.0,4.0,0.0,66.0,200.0,302.0,850.0,364.0,1
ZX1B23QFSP48abead89f52e3bb,44,173.40224913460565,0.0,0.0,3.0,0.0,2.0286602263665454,0.0,0.0,0.0,0.0,57.80074971153522,0.0,0.0,0.0,0.0,0.0,0.0,1.0,0.0,0.0,0.0,1.0,200.0,302.0,850.0,364.0,1
ZX1B23QFSP48abead89f52e3bb,45,944.5534951191976,0.0,3.0,36.0,0.0,15.12006359608159,0.0,0.0,0.0,1.0,26.237597086644378,3.0,0.0,0.0,4.0,0.0,0.0,17.0,0.0,1.0,0.0,18.0,200.0,302.0,850.0,364.0,1
ZX1B23QFSP48abead89f52e3bb,46,906.1302069385313,0.0,1.0,21.0,0.0,2.3875475932388555,0.0,0.0,0.0,3.0,43.1490574732634,3.0,0.0,0.0,2.0,0.0,0.0,12.0,0.0,0.0,0.0,14.0,200.0,302.0,850.0,364.0,1
ZX1B23QFSP48abead89f52e3bb,47,634.057473103169,0.0,0.0,3.0,0.0,1.327268277846164,0.0,0.0,0.0,0.0,211.35249103438966,0.0,0.0,0.0,0.0,0.0,0.0,2.0,0.0,0.0,0.0,3.0,200.0,302.0,850.0,364.0,1
ZX1B23QFSP48abead89f52e3bb,48,240.3773364199946,0.0,0.0,36.41269300869378,38.0,3.7245125547972404,0.0,0.0,0.0,0.0,6.601470986026847,0.0,12.46413809425392,19.285516142573126,0.0,0.0,0.0,40.0,0.0,0.0,0.0,3.0,200.0,302.0,850.0,364.0,1
ZX1B23QFSP48abead89f52e3bb,49,638.9972014493352,0.0,3.0,14.0,0.0,1.9960571670306508,0.0,0.0,0.0,2.3333333333333335,45.642657246381084,7.0,0.0,0.0,0.0,0.0,0.0,8.0,0.0,0.0,0.0,10.0,200.0,302.0,850.0,364.0,1
ZX1B23QFSP48abead89f52e3bb,50,786.2313746269798,0.0,1.0,99.0,72.0,6.007063699909677,0.0,0.0,0.0,1.0,7.941731056838179,1.0,0.0,0.0,2.0,20.0,40.0,64.0,0.0,0.0,0.0,13.0,200.0,302.0,850.0,364.0,1
ZX1B23QFSP48abead89f52e3bb,51,2696.8531820535563,0.0,12.0,105.0,51.0,50.09085847450921,0.0,0.0,0.0,0.9166666666666666,25.68431601955768,11.0,133.95505803004534,20.13252221837467,35.0,2.0,0.0,76.0,0.0,0.0,0.0,27.0,200.0,302.0,850.0,364.0,1
ZX1B23QFSP48abead89f52e3bb,52,778.607120509519,0.0,1.0,63.0,48.0,7.628977567599297,0.0,0.0,0.0,9.0,12.358843182690777,9.0,0.0,0.0,18.0,36.0,0.0,55.0,0.0,0.0,0.0,6.0,200.0,302.0,850.0,364.0,1
ZX1B23QFSP48abead89f52e3bb,53,643.5457602915012,0.0,3.0,13.0,0.0,9.404386305408828,0.0,0.0,0.0,0.6666666666666666,49.50352002242317,2.0,0.0,0.0,2.0,0.0,0.0,5.0,0.0,0.0,0.0,10.0,200.0,302.0,850.0,364.0,1
ZX1B23QFSP48abead89f52e3bb,54,1026.8588017063755,0.0,4.0,54.0,0.0,22.282055347641137,0.0,0.0,0.0,2.0,19.01590373530325,8.0,2.5602417139838995,401.0788497420885,2.0,9.0,2.0,31.0,0.0,0.0,0.0,13.0,200.0,302.0,850.0,364.0,1
ZX1B23QFSP48abead89f52e3bb,55,749.8649489799059,0.0,5.0,15.0,0.0,4.486375862604951,0.0,0.0,0.0,1.2,49.990996598660395,6.0,0.0,0.0,0.0,0.0,0.0,6.0,0.0,0.0,0.0,7.0,200.0,302.0,850.0,364.0,1
ZX1B23QFSP48abead89f52e3bb,56,812.07992716781,0.0,5.0,17.97548099078351,0.0,14.495435379911575,0.0,0.0,0.0,1.4,45.177090258902346,7.0,6.805544762507861,119.32621935595887,1.0,0.0,0.0,6.0,0.0,0.0,0.0,8.0,200.0,302.0,850.0,364.0,1
ZX1B23QFSP48abead89f52e3bb,57,2877.306019434677,0.0,11.0,106.19869330278614,15.0,60.904405811605415,0.0,0.0,0.0,2.4545454545454546,27.093610382108068,27.0,12.45989425452587,230.92539636839524,1.0,13.0,29.0,30.0,0.0,0.0,0.0,25.0,200.0,302.0,850.0,364.0,1
ZX1B23QFSP48abead89f52e3bb,58,630.9608119685611,0.0,0.0,2459.669062823226,0.0,3.8810544089666985,0.0,0.0,0.0,0.0,0.2565226442472467,0.0,1.8438306999512086,342.2010556529173,0.0,0.0,51195.0,8.0,0.0,0.0,0.0,15.0,200.0,302.0,850.0,364.0,1
ZX1B23QFSP48abead89f52e3bb,59,818.869091178176,0.0,6.0,10.0,0.0,38.57209916877001,0.0,0.0,0.0,0.5,81.8869091178176,3.0,0.0,0.0,0.0,1.0,2.0,4.0,1.0,0.0,1.0,7.0,200.0,302.0,850.0,364.0,1
ZX1B23QFSP48abead89f52e3bb,60,650.4271638330518,0.0,2.0,7.998046046854671,0.0,6.957506274875784,0.0,0.0,0.0,2.5,81.32325820865213,5.0,0.0,0.0,0.0,0.0,0.0,4.0,0.0,0.0,0.0,2.0,200.0,302.0,850.0,364.0,1
ZX1B23QFSP48abead89f52e3bb,61,679.4356287935015,0.0,1.0,10.0,0.0,12.627946312604537,0.0,0.0,0.0,0.0,67.94356287935014,0.0,0.0,0.0,0.0,0.0,0.0,3.0,0.0,1.0,0.0,8.0,200.0,302.0,850.0,364.0,1
ZX1B23QFSP48abead89f52e3bb,62,666.8749030291436,0.0,3.0,15.0,0.0,20.777890000442937,0.0,0.0,0.0,0.3333333333333333,44.458326868609575,1.0,0.0,0.0,0.0,0.0,0.0,5.0,0.0,1.0,0.0,6.0,200.0,302.0,850.0,364.0,1
ZX1B23QFSP48abead89f52e3bb,63,648.4711386583782,0.0,1.0,21.0,0.0,6.49706421778717,0.0,0.0,0.0,4.0,30.879578031351343,4.0,0.0,0.0,4.0,2.0,0.0,9.0,0.0,0.0,0.0,12.0,200.0,302.0,850.0,364.0,1
ZX1B23QFSP48abead89f52e3bb,64,640.4428032510448,0.0,3.0,3.0,0.0,4.201746097908611,0.0,0.0,0.0,1.0,213.48093441701494,3.0,0.0,0.0,2.0,0.0,0.0,2.0,0.0,0.0,0.0,0.0,200.0,302.0,850.0,364.0,1
ZX1B23QFSP48abead89f52e3bb,65,728.1017850849781,0.0,1.0,6.0,0.0,3.6243552719371004,0.0,0.0,0.0,0.0,121.35029751416302,0.0,0.0,0.0,0.0,0.0,0.0,3.0,0.0,0.0,0.0,6.0,200.0,302.0,850.0,364.0,1
ZX1B23QFSP48abead89f52e3bb,66,1073.4019481240048,0.0,3.0,173.0,162.0,14.2994668717859,0.0,0.0,0.0,0.6666666666666666,6.204635538289045,2.0,0.0,0.0,56.0,108.0,0.0,60.0,0.0,0.0,0.0,6.0,200.0,302.0,850.0,364.0,1
ZX1B23QFSP48abead89f52e3bb,67,3895.580980300067,0.0,8.0,167.47339815841474,97.0,32.068104181687026,0.0,0.0,0.0,4.5,23.260894106986463,36.0,4.95283151683654,786.5361393896642,2.0,33.0,28.0,70.0,0.0,1.0,0.0,56.0,200.0,302.0,850.0,364.0,1
ZX1B23QFSP48abead89f52e3bb,68,602.5998478778937,0.0,2.0,6.0,0.0,4.770627071169623,0.0,0.0,0.0,0.5,100.43330797964894,1.0,0.0,0.0,0.0,0.0,0.0,3.0,0.0,0.0,0.0,4.0,200.0,302.0,850.0,364.0,1
ZX1B23QFSP48abead89f52e3bb,69,663.4637097064569,0.0,1.0,10.073101617277864,0.0,3.8681504282024886,0.0,0.0,0.0,2.0,65.86488798727618,2.0,0.0,0.0,0.0,0.0,0.0,4.0,0.0,0.0,0.0,11.0,200.0,302.0,850.0,364.0,1
ZX1B23QFSP48abead89f52e3bb,70,401.61605632773365,0.0,0.0,21.23278133946519,0.0,1.7006491310682752,0.0,0.0,0.0,0.0,18.914905678478085,0.0,17.730445088706883,22.651211197373517,0.0,0.0,0.0,16.0,0.0,0.0,0.0,22.0,200.0,302.0,850.0,364.0,1
ZX1B23QFSP48abead89f52e3bb,71,597.6209610731883,0.0,0.0,6.0,0.0,4.737768613026945,0.0,0.0,0.0,0.0,99.60349351219804,0.0,0.0,0.0,0.0,0.0,0.0,2.0,0.0,0.0,0.0,4.0,200.0,302.0,850.0,364.0,1
ZX1B23QFSP48abead89f52e3bb,72,626.2603526501676,0.0,0.0,15.0,0.0,10.43939844939318,0.0,0.0,0.0,0.0,41.75069017667784,0.0,0.0,0.0,0.0,0.0,0.0,6.0,0.0,0.0,0.0,0.0,200.0,302.0,850.0,364.0,1
ZX1B23QFSP48abead89f52e3bb,73,776.5219737378338,0.0,1.0,18.0,0.0,7.836010693033965,0.0,0.0,0.0,0.0,43.14010965210188,0.0,1.790586283642348,433.6691176692474,0.0,2.0,0.0,7.0,0.0,0.0,0.0,13.0,200.0,302.0,850.0,364.0,1
ZX1B23QFSP48abead89f52e3bb,74,877.7424023184682,0.0,3.0,14.012145685968564,0.0,25.09884593848539,0.0,0.0,0.0,0.0,62.64154127354092,0.0,17.18347504443399,51.080610880439075,2.0,0.0,0.0,8.0,0.0,0.0,0.0,4.0,200.0,302.0,850.0,364.0,1
ZX1B23QFSP48abead89f52e3bb,75,7745.41177501869,0.0,39.0,1180.0474034851966,946.0,173.45768859197585,0.0,0.0,0.0,4.512820512820513,6.563644606261662,176.0,8.671753069514079,893.1771595582003,65.0,196.0,770.0,685.0,1.0,98.0,1.0,66.0,200.0,302.0,850.0,364.0,1
ZX1B23QFSP48abead89f52e3bb,76,1100.268916917124,0.0,1.0,96.52121760992287,78.0,14.965416784703484,0.0,0.0,0.0,0.0,11.399244064281373,0.0,3.555450009242191,309.45981916692324,0.0,23.0,32.0,11.0,0.0,23.0,0.0,11.0,200.0,302.0,850.0,364.0,1
ZX1B23QFSP48abead89f52e3bb,77,2360.4792382498467,0.0,7.0,351.0,309.0,15.959008813149437,0.0,0.0,0.0,0.42857142857142855,6.725012074785888,3.0,0.0,0.0,0.0,0.0,268.0,56.0,0.0,0.0,0.0,34.0,200.0,302.0,850.0,364.0,1
ZX1B23QFSP48abead89f52e3bb,78,850.8618958779597,0.0,4.0,12.0,0.0,22.153139022956108,0.0,0.0,0.0,2.25,70.90515798982997,9.0,0.0,0.0,2.0,4.0,0.0,9.0,0.0,0.0,0.0,2.0,200.0,302.0,850.0,364.0,1
ZX1B23QFSP48abead89f52e3bb,79,1849.5326979991382,0.0,13.0,129.0,99.0,75.63954622807623,0.0,0.0,0.0,2.8461538461538463,14.337462775187118,37.0,20.573951842930374,89.89681283008714,36.0,2.0,33.0,14.0,0.0,1.0,0.0,12.0,200.0,302.0,850.0,364.0,1
ZX1B23QFSP48abead89f52e3bb,80,534.1063151321847,0.0,4.0,8.0,0.0,6.566383888993145,0.0,0.0,0.0,1.0,66.76328939152309,4.0,0.0,0.0,0.0,0.0,0.0,6.0,0.0,0.0,0.0,5.0,200.0,302.0,850.0,364.0,1
ZX1B23QFSP48abead89f52e3bb,81,761.1624769062172,0.0,3.0,15.0,0.0,12.714644061281922,0.0,0.0,0.0,1.3333333333333333,50.744165127081146,4.0,0.0,0.0,1.0,3.0,2.0,7.0,0.0,0.0,0.0,5.0,200.0,302.0,850.0,364.0,1
ZX1B23QFSP48abead89f52e3bb,82,736.5722509146007,0.0,4.0,12037.0,12025.0,6.553643500520092,0.0,0.0,0.0,1.5,0.06119234451396533,6.0,0.0,0.0,0.0,0.0,11983.0,7492.0,0.0,0.0,0.0,5.0,200.0,302.0,850.0,364.0,1
ZX1B23QFSP48abead89f52e3bb,83,4096.886271110753,0.0,10.0,316.04298048013817,218.0,67.2395553915228,0.0,0.0,0.0,0.7,12.96306681099732,7.0,13.235772754636978,309.53132446879334,56.0,168.0,3.0,108.0,0.0,23.0,0.0,41.0,200.0,302.0,850.0,364.0,1
ZX1B23QFSP48abead89f52e3bb,84,656.0522110773463,0.0,4.0,27.722522781498068,0.0,14.4926477748363,0.0,0.0,0.0,1.25,23.664953447714133,5.0,14.468907852021339,45.342206736474196,3.0,0.0,2.0,15.0,0.0,0.0,0.0,11.0,200.0,302.0,850.0,364.0,1
ZX1B23QFSP48abead89f52e3bb,85,7135.482085080773,0.0,18.0,557.3148598704115,373.0,93.31624019287182,0.0,0.0,0.0,2.2777777777777777,12.803322859074557,41.0,4.229809001820284,1686.9513687284798,39.0,195.0,118.0,317.0,0.0,24.0,0.0,120.0,200.0,302.0,850.0,364.0,1
ZX1B23QFSP48abead89f52e3bb,86,640.1921367499488,0.0,4.0,12.0,0.0,18.376772067079045,0.0,0.0,0.0,0.5,53.3493447291624,2.0,1.3245639111723118,483.32294980265885,2.0,0.0,0.0,5.0,0.0,0.0,0.0,6.0,200.0,302.0,850.0,364.0,1
ZX1B23QFSP48abead89f52e3bb,87,1061.5190522250566,0.0,2.0,14.419000899891326,0.0,5.910745376250475,0.0,0.0,0.0,0.0,73.61945946151214,0.0,0.0,0.0,0.0,0.0,0.0,9.0,0.0,0.0,0.0,13.0,200.0,302.0,850.0,364.0,1
ZX1B23QFSP48abead89f52e3bb,88,350.37354058789793,0.0,0.0,26.0,26.0,3.209308658641344E-4,0.0,0.0,0.0,0.0,13.475905407226843,0.0,0.0,0.0,0.0,0.0,0.0,0.0,0.0,0.0,0.0,0.0,200.0,302.0,850.0,364.0,1
ZX1B23QFSP48abead89f52e3bb,89,570.4717295446977,0.0,0.0,3.0,0.0,5.4286759729584615,0.0,0.0,0.0,0.0,190.15724318156592,0.0,17.248636498177685,33.07343914430384,0.0,0.0,0.0,1.0,0.0,0.0,0.0,3.0,200.0,302.0,850.0,364.0,1
ZX1B23QFSP48abead89f52e3bb,90,1019.4319689768693,0.0,5.0,17.572159162860274,0.0,12.19248570866998,0.0,0.0,0.0,0.6,58.01404138948928,3.0,18.279992797855463,55.76763515445504,1.0,0.0,0.0,8.0,0.0,1.0,0.0,9.0,200.0,302.0,850.0,364.0,1
ZX1B23QFSP48abead89f52e3bb,91,709.711022902458,0.0,3.0,21.0,0.0,9.537026280872658,0.0,0.0,0.0,1.6666666666666667,33.79576299535514,5.0,0.0,0.0,0.0,1.0,2.0,8.0,0.0,0.0,0.0,12.0,200.0,302.0,850.0,364.0,1
