Time still vs. Path length from (330, 302) to (560, 323)
Path length (points/sec)
Time still (sec)
47.096405,0.0,1.0
15.126983,0.0,1.0
2.6666565,0.0,1.0
3.9133751,0.0,1.0
170.29944,0.0,1.0
840.6963,7.0,1.0
75.32068,0.0,1.0
46.95579,0.0,1.0
93.41233,4.0,1.0
48.726566,0.0,1.0
10.0534935,1.0,1.0
104.136185,0.0,1.0
111.37373,0.0,1.0
99.62055,0.0,1.0
3.9912367,0.0,1.0
67.2688,0.0,1.0
569.64026,0.0,1.0
202.69151,0.0,1.0
191.90643,0.0,1.0
87.12388,0.0,1.0
69.33331,1.0,1.0
4.3162203,6.0,1.0
19.7444,5.0,1.0
96.5583,0.0,1.0
100.02307,0.0,1.0
372.0,0.0,1.0
40.050137,0.0,1.0
11.771121,0.0,1.0
9.516777,0.0,1.0
547.7296,2.0,1.0
141.10237,0.0,1.0
41.581753,0.0,1.0
43.946484,0.0,1.0
8.541319,0.0,1.0
104.0725,0.0,1.0
15.335115,0.0,1.0
47.855263,0.0,1.0
407.20126,0.0,1.0
76.27459,0.0,1.0
177.47714,0.0,1.0
148.38895,0.0,1.0
53.73328,0.0,1.0
205.57724,0.0,1.0
27.713627,1.0,1.0
197.18712,0.0,1.0
68.533806,0.0,1.0
203.468,0.0,1.0
133.9628,0.0,1.0
79.6604,0.0,1.0
47.017162,0.0,1.0
47.035362,0.0,1.0
0.0,1.0,1.0
0.0,0.0,1.0
25.902372,0.0,1.0
17.697176,0.0,1.0
153.59378,0.0,1.0
105.47101,0.0,1.0
128.78915,0.0,1.0
261.8169,1.0,1.0
314.11365,0.0,1.0
190.7866,0.0,1.0
6.3186116,0.0,1.0
119.52061,0.0,1.0
11.1931095,1.0,1.0
112.52331,0.0,1.0
6.257382,0.0,1.0
32.333214,0.0,1.0
191.6652,0.0,1.0
83.41034,0.0,1.0
14.123568,1.0,1.0
47.28358,0.0,1.0
413.46967,1.0,1.0
36.892605,0.0,1.0
6.795037,0.0,1.0
92.28308,0.0,1.0
314.0,0.0,1.0
576.67914,5.0,1.0
1787.4213,0.0,1.0
696.73126,0.0,1.0
46.108433,0.0,1.0
18.283613,0.0,1.0
33.87466,1.0,1.0
17.818808,0.0,1.0
27.194427,0.0,1.0
27.194427,5.0,1.0
27.194427,0.0,1.0
63.861736,0.0,1.0
48.215374,2.0,1.0
11.833484,0.0,1.0
36.684597,6.0,1.0
187.29358,1.0,1.0
105.380516,2.0,1.0
120.885925,0.0,1.0
229.16486,0.0,1.0
360.47452,3.0,1.0
118.69647,0.0,1.0
34.9628,0.0,1.0
11.925596,0.0,1.0
73.52938,2.0,1.0
83.401794,0.0,1.0
162.98198,0.0,1.0
2.6666565,0.0,1.0
100.54018,2.0,1.0
170.36293,0.0,1.0
252.59679,4.0,1.0
216.72882,1.0,1.0
292.7337,4.0,1.0
151.5419,0.0,1.0
284.66983,0.0,1.0
14.472973,3.0,1.0
5.8274684,0.0,1.0
207.93472,0.0,1.0
92.0,0.0,1.0
21.444426,0.0,1.0
92.554085,9.0,1.0
92.216866,0.0,1.0
8502.922,2.0,1.0
53.73328,0.0,1.0
32.830925,0.0,1.0
21.989754,0.0,1.0
190.26266,0.0,1.0
8.806775,0.0,1.0
103.52657,0.0,1.0
8.808372,0.0,1.0
127.863205,0.0,1.0
222.34819,0.0,1.0
4.2880335,0.0,1.0
7.5424438,0.0,1.0
7.5424438,0.0,1.0
12.280237,2.0,1.0
381.26898,3.0,1.0
41.333313,0.0,1.0
7.477032,0.0,1.0
10.725555,0.0,1.0
177.36423,2.0,1.0
5.333313,0.0,1.0
26.856453,0.0,1.0
92.88616,0.0,1.0
177.47714,1.0,1.0
36.524857,0.0,1.0
104.66666,0.0,1.0
25.779884,0.0,1.0
82.02565,0.0,1.0
24.451656,0.0,1.0
143.43866,5.0,1.0
389.9197,12.0,1.0
57.73313,0.0,1.0
8.985268,0.0,1.0
75.448555,0.0,1.0
47.035362,0.0,1.0
3.9133751,0.0,1.0
272.37372,0.0,1.0
297.01266,0.0,1.0
46.518684,4.0,1.0
47.099308,0.0,1.0
22.202549,0.0,1.0
13.597214,0.0,1.0
236.55235,0.0,1.0
23.651949,5.0,1.0
3.160812,0.0,1.0
36.16167,0.0,1.0
68.533806,0.0,1.0
18.053175,2.0,1.0
0.0,2.0,5.0
54.0,8.0,5.0
65.52099,3.0,5.0
444.10513,2.0,5.0
692.77686,19.0,5.0
201.79466,3.0,5.0
148.96951,0.0,5.0
6.321591,1.0,5.0
68.533806,4.0,5.0
148.44565,5.0,5.0
77.64555,0.0,5.0
77.64555,0.0,5.0
68.533806,0.0,5.0
220.17555,4.0,5.0
37.459686,4.0,5.0
37.700928,2.0,5.0
18.283613,6.0,5.0
36.283615,0.0,5.0
354.40793,0.0,5.0
1844.7046,2.0,5.0
173.64471,4.0,5.0
0.0,0.0,5.0
36.179077,2.0,5.0
628.91016,0.0,5.0
49.191513,0.0,5.0
17.527325,2.0,5.0
167.40448,0.0,5.0
440.24805,0.0,5.0
456.8767,0.0,5.0
271.52426,2.0,5.0
489.22818,0.0,5.0
149.56424,2.0,5.0
256.35022,0.0,5.0
154.89597,0.0,5.0
204.69753,4.0,5.0
220.18741,0.0,5.0
200.62245,0.0,5.0
197.89809,0.0,5.0
11.414109,0.0,5.0
409.26242,2.0,5.0
0.0,0.0,5.0
0.0,0.0,5.0
247.60286,0.0,5.0
49.363937,0.0,5.0
0.0,7.0,5.0
0.0,2.0,5.0
171.0336,0.0,5.0
187.83884,3.0,5.0
21.444426,0.0,5.0
30.666656,2.0,5.0
74.0,0.0,5.0
18.0,2.0,5.0
18.524857,0.0,5.0
81.779884,2.0,5.0
706.8132,2.0,5.0
370.49918,0.0,5.0
18.524857,0.0,5.0
18.524857,4.0,5.0
77.1608,0.0,5.0
0.0,0.0,5.0
107.28664,2.0,5.0
0.0,6.0,5.0
0.0,0.0,5.0
51.03807,2.0,5.0
3.160812,7.0,5.0
37.700928,0.0,5.0
787.09204,0.0,5.0
18.283613,0.0,5.0
77.64555,0.0,5.0
5.639914,0.0,5.0
247.40576,7.0,5.0
21.685667,0.0,5.0
48.666656,0.0,5.0
20.477142,0.0,5.0
518.7371,0.0,5.0
436.52304,0.0,5.0
170.2772,0.0,5.0
263.3166,6.0,5.0
157.5054,3.0,5.0
26.304739,0.0,5.0
280.7153,0.0,5.0
466.6052,0.0,5.0
0.0,0.0,5.0
468.58102,0.0,5.0
118.21927,0.0,5.0
77.1608,1.0,5.0
18.524857,0.0,5.0
53.67043,2.0,5.0
0.0,3.0,5.0
615.07587,0.0,5.0
89.98834,0.0,5.0
36.808468,0.0,5.0
11.771121,0.0,5.0
160.66666,5.0,5.0
72.75748,0.0,5.0
0.0,0.0,5.0
96.380516,2.0,5.0
30.666656,1.0,5.0
92.71078,0.0,5.0
102.0,2.0,5.0
40.954285,0.0,5.0
23.670902,0.0,5.0
105.68567,4.0,5.0
257.63522,0.0,5.0
131.63177,7.0,5.0
262.52484,2.0,5.0
19.176073,0.0,5.0
18.0,4.0,5.0
630.0,2.0,5.0
202.14241,0.0,5.0
437.49658,0.0,5.0
14.276874,2.0,5.0
342.4587,4.0,5.0
148.62717,0.0,5.0
37.23592,0.0,5.0
186.06683,0.0,5.0
314.35782,0.0,5.0
39.22856,2.0,5.0
360.48682,0.0,5.0
270.98685,2.0,5.0
37.049713,0.0,5.0
93.156425,0.0,5.0
56.0,3.0,5.0
750.7393,0.0,5.0
218.65213,0.0,5.0
196.40236,0.0,5.0
21.160812,7.0,5.0
313.6038,3.0,5.0
204.85573,1.0,5.0
19.176073,0.0,5.0
37.049713,0.0,5.0
49.191513,3.0,5.0
126.02848,2.0,5.0
0.0,3.0,5.0
301.40576,4.0,5.0
36.808468,2.0,5.0
26.063498,0.0,5.0
409.2573,2.0,5.0
137.77988,2.0,5.0
110.55531,2.0,5.0
42.38052,0.0,5.0
0.0,0.0,5.0
63.0,2.0,5.0
5.333313,0.0,5.0
74.44565,0.0,5.0
34.913795,4.0,5.0
253.02824,0.0,5.0
0.0,0.0,5.0
969.2812,1.0,5.0
16.27424,0.0,5.0
74.44565,0.0,5.0
77.64555,0.0,5.0
42.38052,0.0,5.0
139.38052,2.0,5.0
59.160797,6.0,5.0
25.779884,2.0,5.0
40.187115,0.0,5.0
546.7547,2.0,5.0
27.713627,2.0,5.0
154.8305,0.0,5.0
25.779884,0.0,5.0
77.77157,0.0,5.0
5.333313,0.0,5.0
5.639914,0.0,5.0
18.0,0.0,5.0
354.9894,0.0,5.0
745.22925,0.0,5.0
23.651949,2.0,5.0
38.940697,2.0,5.0
15.559769,0.0,5.0
6.508365,0.0,5.0
96.17264,0.0,5.0
36.808468,2.0,5.0
162.93472,5.0,5.0
171.0336,6.0,5.0
10.940696,1.0,5.0
26.304739,1.0,5.0
36.567226,0.0,5.0
96.67645,0.0,5.0
314.95135,0.0,5.0
1384.3217,0.0,5.0
53.178055,0.0,5.0
310.07333,0.0,5.0
37.293903,5.0,5.0
68.77201,0.0,5.0
49.11231,2.0,5.0
18.283613,0.0,5.0
92.44565,0.0,5.0
309.2671,0.0,5.0
309.9386,0.0,5.0
1770.2877,4.0,5.0
223.22697,10.0,5.0
0.0,0.0,5.0
0.0,0.0,5.0
42.38052,0.0,5.0
94.44654,0.0,5.0
148.0,0.0,5.0
324.72906,0.0,5.0
448.03772,4.0,5.0
278.66315,7.0,5.0
149.41196,2.0,5.0
18.10302,0.0,5.0
56.602577,0.0,5.0
61.033672,0.0,5.0
21.685667,2.0,5.0
218.0,3.0,5.0
0.0,0.0,5.0
0.0,0.0,5.0
357.30807,2.0,5.0
27.406399,0.0,5.0
39.06689,3.0,5.0
16.27424,0.0,5.0
127.03807,0.0,5.0
0.0,0.0,5.0
0.0,0.0,5.0
278.921,7.0,5.0
36.808468,0.0,5.0
186.18271,0.0,5.0
202.99406,0.0,5.0
355.59726,5.0,5.0
372.58432,0.0,5.0
0.0,0.0,5.0
0.0,0.0,5.0
0.0,0.0,5.0
153.03566,1.0,5.0
140.60165,2.0,5.0
18.0,3.0,5.0
440.1414,0.0,5.0
186.09271,0.0,5.0
99.65308,4.0,5.0
74.44565,2.0,5.0
305.07242,0.0,5.0
177.47714,2.0,5.0
314.1827,0.0,5.0
36.808468,0.0,5.0
10.940696,0.0,5.0
89.380516,6.0,5.0
198.75748,2.0,5.0
354.45395,0.0,5.0
28.0,0.0,5.0
189.8709,2.0,5.0
290.912,0.0,5.0
26.063498,0.0,5.0
34.132095,0.0,5.0
162.98138,0.0,5.0
232.99408,2.0,5.0
36.686527,2.0,5.0
360.81366,0.0,5.0
136.6632,0.0,5.0
71.380516,2.0,5.0
142.45792,3.0,5.0
40.954285,0.0,5.0
32.28235,0.0,5.0
203.79018,0.0,5.0
404.47714,0.0,5.0
37.049713,0.0,5.0
18.524857,0.0,5.0
277.5325,2.0,5.0
0.0,0.0,5.0
7.2364864,2.0,5.0
202.21927,0.0,5.0
25.941555,3.0,5.0
68.533806,2.0,5.0
10.940696,2.0,5.0
92.26691,0.0,5.0
0.0,0.0,5.0
258.921,0.0,5.0
256.52292,0.0,5.0
879.1055,0.0,5.0
12.929851,0.0,5.0
49.11231,0.0,5.0
26.063498,0.0,5.0
38.74144,2.0,5.0
222.91046,2.0,5.0
94.51262,2.0,5.0
21.685667,0.0,5.0
1209.1371,2.0,5.0
328.80676,2.0,5.0
0.0,0.0,5.0
160.40576,0.0,5.0
37.459686,0.0,5.0
480.56894,0.0,5.0
67.066734,0.0,5.0
15.559769,0.0,5.0
92.392044,1.0,5.0
170.4208,0.0,5.0
36.524857,0.0,5.0
252.86435,5.0,5.0
0.0,0.0,5.0
195.23598,1.0,5.0
186.44565,1.0,5.0
131.44585,4.0,5.0
177.60905,0.0,5.0
887.2397,0.0,5.0
209.25047,0.0,5.0
49.11231,2.0,5.0
61.571938,0.0,5.0
0.0,0.0,5.0
29.0,0.0,5.0
190.16116,4.0,5.0
93.950935,0.0,5.0
225.399,0.0,5.0
550.5374,2.0,5.0
53.95329,0.0,5.0
76.51262,2.0,5.0
126.26691,0.0,5.0
115.16081,3.0,5.0
10.940696,0.0,5.0
11.602712,0.0,5.0
220.12402,3.0,5.0
791.6246,6.0,5.0
49.377434,1.0,5.0
491.31393,0.0,5.0
36.808468,0.0,5.0
564.09375,2.0,5.0
175.71489,3.0,5.0
22.516092,0.0,5.0
30.457918,0.0,5.0
10.940696,0.0,5.0
26.063498,0.0,5.0
0.0,0.0,5.0
157.11365,0.0,5.0
228.93115,0.0,5.0
182.1059,4.0,5.0
26.955957,0.0,5.0
26.063498,0.0,5.0
260.31973,0.0,5.0
1023.3889,3.0,5.0
0.0,2.0,5.0
0.0,0.0,5.0
273.14,0.0,5.0
41.333313,0.0,5.0
13.087598,0.0,5.0
15.559769,0.0,5.0
92.44565,0.0,5.0
178.69093,0.0,5.0
101.03841,2.0,5.0
301.79437,2.0,5.0
0.0,0.0,5.0
204.22987,6.0,5.0
20.477142,0.0,5.0
475.63193,2.0,5.0
94.070724,0.0,5.0
0.0,0.0,5.0
152.51262,2.0,5.0
87.598206,0.0,5.0
26.063498,0.0,5.0
40.954285,0.0,5.0
0.0,0.0,5.0
3.160812,0.0,5.0
227.77988,9.0,5.0
149.399,6.0,5.0
59.201305,0.0,5.0
18.524857,0.0,5.0
26.063498,1.0,5.0
128.17511,1.0,5.0
571.59705,7.0,5.0
13.087598,0.0,5.0
72.27424,3.0,5.0
118.380516,4.0,5.0
65.52099,2.0,5.0
272.00885,6.0,5.0
74.0,2.0,5.0
71.02948,2.0,5.0
16.995905,0.0,5.0
374.45203,2.0,5.0
0.0,0.0,5.0
100.500916,3.0,5.0
164.90598,7.0,5.0
186.18271,0.0,5.0
569.1266,0.0,2.0
1840.306,14.0,2.0
345.68985,7.0,2.0
189.36665,2.0,2.0
157.49716,0.0,2.0
261.14136,0.0,2.0
21.160812,12.0,2.0
102.07614,0.0,2.0
49.11231,0.0,2.0
21.444426,2.0,2.0
36.808468,2.0,2.0
49.11231,0.0,2.0
36.567226,2.0,2.0
36.808468,4.0,2.0
18.524857,0.0,2.0
148.0,1.0,2.0
176.82974,2.0,2.0
196.82014,3.0,2.0
337.2093,0.0,2.0
141.51703,0.0,2.0
975.3714,0.0,2.0
588.8025,0.0,2.0
7.2364864,5.0,2.0
35.145187,0.0,2.0
224.21112,0.0,2.0
288.8293,0.0,2.0
234.15495,0.0,2.0
77.64555,0.0,2.0
58.62974,0.0,2.0
26.063498,2.0,2.0
15.559769,0.0,2.0
13.087598,0.0,2.0
84.76104,0.0,2.0
217.82146,0.0,2.0
49.11231,0.0,2.0
42.38052,0.0,2.0
155.23347,0.0,2.0
161.16287,0.0,2.0
10.940696,2.0,2.0
218.10052,11.0,2.0
68.0,0.0,2.0
0.0,2.0,2.0
306.69095,0.0,2.0
0.0,2.0,2.0
34.132095,2.0,2.0
18.0,8.0,2.0
0.0,4.0,2.0
0.0,0.0,2.0
0.0,4.0,2.0
0.0,4.0,2.0
161.55151,2.0,2.0
386.18982,4.0,2.0
16.27424,2.0,2.0
25.779884,3.0,2.0
194.6895,2.0,2.0
362.6312,0.0,2.0
77.82499,0.0,2.0
20.581676,0.0,2.0
109.42599,6.0,2.0
77.3032,0.0,2.0
10.290838,0.0,2.0
256.35022,0.0,2.0
256.35022,2.0,2.0
199.56322,1.0,2.0
13.087598,0.0,2.0
26.063498,2.0,2.0
26.063498,0.0,2.0
7.7798843,0.0,2.0
77.866776,0.0,2.0
128.62645,0.0,2.0
21.685667,2.0,2.0
327.54266,28.0,2.0
34.0,0.0,2.0
7.2364864,5.0,2.0
77.64555,0.0,2.0
148.9304,0.0,2.0
18.283613,0.0,2.0
19.176073,2.0,2.0
19.176073,7.0,2.0
18.524857,0.0,2.0
148.0,0.0,2.0
19.176073,3.0,2.0
138.95596,6.0,2.0
0.0,2.0,2.0
148.86357,6.0,2.0
0.0,0.0,2.0
7.134328,0.0,2.0
65.52099,0.0,2.0
99.65308,4.0,2.0
0.0,0.0,2.0
0.0,2.0,2.0
322.56296,8.0,2.0
193.0,0.0,2.0
96.67645,0.0,2.0
92.891304,0.0,2.0
26.304739,0.0,2.0
36.808468,0.0,2.0
92.891304,0.0,2.0
215.61783,2.0,2.0
219.41122,0.0,2.0
0.0,0.0,2.0
18.0,3.0,2.0
0.0,0.0,2.0
65.52099,1.0,2.0
163.05948,2.0,2.0
399.34283,0.0,2.0
26.063498,0.0,2.0
36.524857,0.0,2.0
74.0,4.0,2.0
77.1608,0.0,2.0
399.70114,10.0,2.0
7.7798843,0.0,2.0
18.283613,0.0,2.0
3.160812,0.0,2.0
109.15371,0.0,2.0
308.0,0.0,2.0
62.321606,0.0,2.0
87.680145,0.0,2.0
128.81761,2.0,2.0
77.68565,12.0,2.0
109.85129,4.0,2.0
0.0,3.0,2.0
746.40894,2.0,2.0
49.90682,6.0,2.0
88.192924,0.0,2.0
87.81943,0.0,2.0
105.112305,0.0,2.0
148.96951,0.0,2.0
56.704556,2.0,2.0
13.087598,0.0,2.0
131.40576,6.0,2.0
77.606445,0.0,2.0
21.386616,0.0,2.0
268.53308,0.0,2.0
24.88773,0.0,2.0
388.48468,0.0,2.0
191.71606,0.0,2.0
314.35782,0.0,2.0
191.71606,0.0,2.0
68.533806,0.0,2.0
262.25342,1.0,2.0
101.96308,0.0,2.0
144.28664,0.0,2.0
25.941555,4.0,2.0
26.304739,0.0,2.0
7.7798843,0.0,2.0
13.039849,0.0,2.0
80.8461,0.0,2.0
7.7798843,3.0,2.0
278.3989,2.0,2.0
91.15371,0.0,2.0
598.1269,4.0,2.0
0.0,0.0,2.0
141.67645,2.0,2.0
104.95027,0.0,2.0
48.95027,4.0,2.0
33.82747,0.0,2.0
130.28362,2.0,2.0
15.559769,0.0,2.0
15.559769,0.0,2.0
157.75018,0.0,2.0
162.44202,0.0,2.0
34.647846,0.0,2.0
444.42517,0.0,2.0
113.56284,0.0,2.0
462.34302,0.0,2.0
151.67645,0.0,2.0
49.11231,2.0,2.0
72.47815,4.0,2.0
172.39076,0.0,2.0
0.0,0.0,2.0
163.46547,10.0,2.0
84.76104,0.0,2.0
96.67645,0.0,2.0
54.567238,0.0,2.0
36.524857,2.0,2.0
384.85117,2.0,2.0
374.44504,3.0,2.0
396.75024,0.0,2.0
408.36542,8.0,2.0
256.1751,0.0,2.0
148.0,0.0,2.0
311.31113,11.0,2.0
401.02332,0.0,2.0
640.06366,33.0,2.0
0.0,0.0,2.0
0.0,2.0,2.0
183.12485,2.0,2.0
134.33687,0.0,2.0
36.686527,4.0,2.0
258.41055,4.0,2.0
256.06195,0.0,2.0
4.211122,0.0,2.0
1832.6964,0.0,2.0
92.10843,4.0,2.0
26.304739,4.0,2.0
78.33687,0.0,2.0
86.399,6.0,2.0
34.0,0.0,2.0
0.0,2.0,2.0
0.0,0.0,2.0
150.2669,8.0,2.0
173.399,10.0,2.0
0.0,0.0,2.0
0.0,0.0,2.0
49.11231,0.0,2.0
46.445652,0.0,2.0
36.567226,0.0,2.0
36.808468,0.0,2.0
148.70598,0.0,2.0
0.0,0.0,2.0
26.063498,2.0,2.0
162.73181,0.0,2.0
43.3351,2.0,2.0
281.10333,0.0,2.0
161.1228,0.0,2.0
3.1937602,2.0,2.0
284.46606,4.0,2.0
1532.1592,6.0,2.0
28.525118,0.0,2.0
28.808731,0.0,2.0
36.808468,0.0,2.0
221.73563,0.0,2.0
85.506134,2.0,2.0
178.66545,4.0,2.0
117.82747,7.0,2.0
254.6198,2.0,2.0
38.44654,5.0,2.0
36.0,0.0,2.0
199.56322,0.0,2.0
186.0,0.0,2.0
176.00484,0.0,2.0
115.16121,5.0,2.0
92.891304,0.0,2.0
18.283613,0.0,2.0
325.52747,7.0,2.0
0.0,0.0,2.0
0.0,0.0,2.0
72.60287,0.0,2.0
63.0,5.0,2.0
0.0,3.0,2.0
322.7879,4.0,2.0
68.533806,0.0,2.0
104.95027,7.0,2.0
37.459686,5.0,2.0
19.176073,0.0,2.0
11.771121,0.0,2.0
36.567226,0.0,2.0
92.44565,0.0,2.0
1133.3811,0.0,2.0
123.08074,0.0,2.0
16.415462,0.0,2.0
148.2848,2.0,2.0
6.321591,0.0,2.0
77.1608,0.0,2.0
36.524857,2.0,2.0
18.524857,2.0,2.0
49.191513,2.0,2.0
42.38052,2.0,2.0
0.0,2.0,2.0
264.56296,1.0,2.0
0.0,0.0,2.0
0.0,0.0,2.0
0.0,3.0,2.0
0.0,0.0,2.0
202.67645,4.0,2.0
154.96779,2.0,2.0
0.0,9.0,2.0
36.524857,0.0,2.0
20.477142,0.0,2.0
288.77567,2.0,2.0
314.1827,0.0,2.0
178.40619,0.0,2.0
404.08984,0.0,2.0
26.955957,0.0,2.0
18.524857,0.0,2.0
18.524857,3.0,2.0
36.808468,2.0,2.0
21.444426,0.0,2.0
8.808372,0.0,3.0
694.17633,28.0,3.0
279.60507,7.0,3.0
68.533806,2.0,3.0
78.33687,5.0,3.0
188.02487,0.0,3.0
220.40521,0.0,3.0
61.08149,0.0,3.0
429.90192,0.0,3.0
203.89203,0.0,3.0
25.779884,0.0,3.0
36.524857,0.0,3.0
26.304739,0.0,3.0
36.16167,0.0,3.0
36.686527,2.0,3.0
25.779884,1.0,3.0
36.808468,0.0,3.0
79.28664,0.0,3.0
92.71078,0.0,3.0
896.9122,0.0,3.0
146.84114,0.0,3.0
191.71606,0.0,3.0
164.21927,2.0,3.0
92.283615,2.0,3.0
314.34088,0.0,3.0
508.79544,0.0,3.0
0.0,0.0,3.0
27.469528,2.0,3.0
270.41498,8.0,3.0
138.85936,0.0,3.0
15.559769,0.0,3.0
37.049713,0.0,3.0
49.377434,0.0,3.0
43.239807,0.0,3.0
270.74554,0.0,3.0
146.95044,0.0,3.0
261.58197,0.0,3.0
49.11231,0.0,3.0
92.554085,0.0,3.0
18.524857,1.0,3.0
99.65308,8.0,3.0
0.0,0.0,3.0
318.66876,7.0,3.0
83.65371,0.0,3.0
8.632441,0.0,3.0
44.95267,0.0,3.0
993.94214,0.0,3.0
132.9746,0.0,3.0
7.7798843,2.0,3.0
15.559769,0.0,3.0
18.283613,0.0,3.0
106.243996,0.0,3.0
92.891304,0.0,3.0
37.33774,0.0,3.0
37.700928,2.0,3.0
18.524857,0.0,3.0
305.41257,0.0,3.0
180.4616,1.0,3.0
20.477142,0.0,3.0
7.2364864,0.0,3.0
92.554085,0.0,3.0
82.22553,0.0,3.0
15.559769,0.0,3.0
15.559769,0.0,3.0
274.47736,12.0,3.0
0.0,0.0,3.0
4.2880335,0.0,3.0
3.1937602,7.0,3.0
98.03524,2.0,3.0
23.651949,0.0,3.0
26.304739,0.0,3.0
25.779884,2.0,3.0
1291.1195,0.0,3.0
429.72092,0.0,3.0
314.36542,0.0,3.0
22.044413,1.0,3.0
36.524857,0.0,3.0
43.236485,7.0,3.0
318.1116,0.0,3.0
226.28851,6.0,3.0
228.71565,0.0,3.0
71.20921,0.0,3.0
78.744896,0.0,3.0
29.519924,0.0,3.0
1317.3579,5.0,3.0
5.333313,0.0,3.0
290.02585,4.0,3.0
487.36102,0.0,3.0
206.8943,10.0,3.0
36.808468,0.0,3.0
149.00961,4.0,3.0
92.216866,0.0,3.0
1032.9662,0.0,3.0
152.03998,0.0,3.0
37.471996,0.0,3.0
270.74554,0.0,3.0
256.35022,0.0,3.0
288.84937,0.0,3.0
16.995905,0.0,3.0
46.524857,0.0,3.0
297.8786,0.0,3.0
18.524857,7.0,3.0
7.7798843,2.0,3.0
34.657894,2.0,3.0
6.321591,0.0,3.0
94.348694,10.0,3.0
110.003555,8.0,3.0
67.428185,0.0,3.0
18.939056,0.0,3.0
230.31877,10.0,3.0
67.617004,0.0,3.0
107.48842,0.0,3.0
37.049713,0.0,3.0
40.954285,2.0,3.0
20.477142,0.0,3.0
60.664253,0.0,3.0
334.032,0.0,3.0
1051.4109,0.0,3.0
257.16785,0.0,3.0
256.98044,0.0,3.0
186.15916,0.0,3.0
215.0,0.0,3.0
310.07333,8.0,3.0
40.187115,0.0,3.0
1306.5952,0.0,3.0
1025.623,0.0,3.0
37.700928,0.0,3.0
0.0,2.0,3.0
19.176073,0.0,3.0
0.0,0.0,3.0
112.420944,2.0,3.0
42.5551,0.0,3.0
70.261215,7.0,3.0
77.69092,0.0,3.0
99.22957,2.0,3.0
740.03534,4.0,3.0
201.57204,10.0,3.0
77.64555,0.0,3.0
92.44565,0.0,3.0
1008.2692,0.0,3.0
355.14868,0.0,3.0
213.38762,6.0,3.0
172.93687,8.0,3.0
77.866776,2.0,3.0
92.71078,0.0,3.0
26.304739,0.0,3.0
177.47714,0.0,3.0
596.2452,0.0,3.0
24.267899,0.0,3.0
157.48174,0.0,3.0
222.66272,3.0,3.0
219.04698,0.0,3.0
36.524857,0.0,3.0
36.524857,0.0,3.0
37.049713,0.0,3.0
21.991236,0.0,3.0
3.9912367,0.0,3.0
146.56966,4.0,3.0
20.477142,0.0,3.0
1004.0216,0.0,3.0
256.45627,0.0,3.0
36.808468,0.0,3.0
36.567226,0.0,3.0
36.567226,0.0,3.0
18.0,2.0,3.0
109.47951,0.0,3.0
100.0922,0.0,3.0
96.899605,0.0,3.0
72.75748,2.0,3.0
97.58176,5.0,3.0
227.12569,0.0,3.0
440.3288,0.0,3.0
41.310997,0.0,3.0
48.535797,0.0,3.0
1084.3673,0.0,3.0
36.283615,0.0,3.0
257.46277,0.0,3.0
157.92905,0.0,3.0
402.3581,15.0,4.0
84.75217,22.0,4.0
197.7534,0.0,4.0
764.9746,7.0,4.0
231.68317,21.0,4.0
204.41968,6.0,4.0
21.444426,0.0,4.0
561.3335,0.0,4.0
215.95488,18.0,4.0
270.56284,0.0,4.0
107.69821,8.0,4.0
177.59079,0.0,4.0
445.24573,8.0,4.0
314.5546,14.0,4.0
157.44095,23.0,4.0
157.90285,8.0,4.0
129.57751,0.0,4.0
16.02828,0.0,4.0
54.252106,0.0,4.0
175.0,0.0,4.0
92.44565,0.0,4.0
252.59386,0.0,4.0
29.075243,0.0,4.0
221.31215,0.0,4.0
194.40556,0.0,4.0
28.548918,0.0,4.0
18.939056,0.0,4.0
293.08575,6.0,4.0
19.11861,0.0,1.0
0.0,3.0,1.0
0.0,0.0,1.0
166.0405,2.0,1.0
9.593906,0.0,1.0
20.400463,0.0,1.0
85.45026,0.0,1.0
8.822056,0.0,1.0
9.464586,0.0,1.0
151.75847,1.0,1.0
1352.5809,0.0,1.0
32.830925,0.0,1.0
32.830925,1.0,1.0
236.55235,0.0,1.0
232.07251,0.0,1.0
270.56284,3.0,1.0
320.35904,0.0,1.0
95.2685,0.0,1.0
227.12569,0.0,1.0
270.56284,0.0,1.0
306.18555,0.0,1.0
308.86002,0.0,1.0
80.26691,0.0,1.0
160.34798,0.0,1.0
256.49362,0.0,1.0
311.90237,0.0,1.0
0.0,0.0,1.0
0.0,0.0,1.0
0.0,0.0,1.0
233.44917,0.0,1.0
227.12569,0.0,1.0
952.2172,1.0,1.0
83.36867,0.0,1.0
0.0,0.0,1.0
51.960213,0.0,1.0
141.74303,0.0,1.0
155.0,0.0,1.0
36.0,0.0,1.0
96.56137,2.0,1.0
21.06689,0.0,1.0
820.45056,0.0,1.0
161.87582,0.0,1.0
133.74506,0.0,1.0
33.193287,2.0,1.0
236.82251,1.0,1.0
364.17908,2.0,1.0
422.64758,0.0,1.0
4.4121456,0.0,1.0
62.014053,0.0,1.0
11.279828,0.0,1.0
37.75821,0.0,1.0
175.39005,0.0,1.0
130.70729,0.0,1.0
47.402122,2.0,1.0
58.30054,0.0,1.0
653.527,0.0,1.0
29.04913,0.0,1.0
152.09433,0.0,1.0
150.04716,2.0,1.0
314.0,0.0,1.0
1005.8864,0.0,1.0
49.60875,5.0,1.0
17.818808,0.0,1.0
54.60732,0.0,1.0
75.54415,0.0,1.0
7.50998,0.0,1.0
143.1277,2.0,1.0
16.415462,0.0,1.0
170.51782,0.0,1.0
5.874662,0.0,1.0
3460.1272,0.0,1.0
40.954285,0.0,1.0
21.685667,1.0,1.0
41.374325,1.0,1.0
85.11045,0.0,1.0
11.279828,0.0,1.0
27.194427,0.0,1.0
24.783806,4.0,1.0
95.11702,4.0,1.0
82.54018,0.0,1.0
488.42245,0.0,1.0
19.902805,0.0,1.0
14.081852,0.0,1.0
38.470768,0.0,1.0
106.28052,0.0,1.0
76.79598,0.0,1.0
5.333313,0.0,1.0
78.0393,0.0,1.0
64.99487,0.0,1.0
104.64439,1.0,1.0
27.194427,0.0,1.0
68.07256,1.0,1.0
34.639915,3.0,1.0
130.66666,0.0,1.0
16.101234,0.0,1.0
25.779884,0.0,1.0
47.51566,0.0,1.0
89.50358,0.0,1.0
0.0,0.0,1.0
53.73328,1.0,1.0
248.70253,0.0,1.0
8.537455,0.0,1.0
578.83374,2.0,1.0
332.0,2.0,1.0
5.874662,0.0,1.0
16.295603,0.0,1.0
0.0,0.0,1.0
11.282554,13.0,1.0
46.31824,1.0,1.0
6.321624,0.0,1.0
200.59396,0.0,1.0
330.20505,1.0,1.0
0.0,0.0,1.0
9.648441,0.0,1.0
0.0,8.0,1.0
0.0,0.0,1.0
124.57194,2.0,1.0
25.902372,0.0,1.0
87.095055,3.0,1.0
13.666287,0.0,1.0
67.52692,0.0,1.0
41.333313,0.0,1.0
12.637223,0.0,1.0
95.362946,0.0,1.0
14.845064,1.0,1.0
13.94921,0.0,1.0
17.51059,0.0,1.0
59.012676,1.0,1.0
130.70729,0.0,1.0
10.994877,1.0,1.0
52.683502,0.0,1.0
11.279828,0.0,1.0
15.856737,4.0,1.0
8.620251,0.0,1.0
66.99487,2.0,1.0
21.386616,0.0,1.0
59.119476,6.0,1.0
8.605335,0.0,1.0
256.35022,0.0,1.0
196.92137,3.0,1.0
157.15422,0.0,1.0
193.99791,0.0,1.0
1129.0,0.0,1.0
193.38538,0.0,1.0
6.321591,2.0,1.0
90.30657,0.0,1.0
172.93356,0.0,1.0
5.333313,0.0,1.0
6.321591,0.0,1.0
83.41034,0.0,1.0
23.651949,4.0,1.0
52.597523,0.0,1.0
61.935383,1.0,1.0
72.71522,0.0,1.0
12.936471,2.0,1.0
69.9807,1.0,1.0
70.02,0.0,1.0
98.35248,0.0,1.0
8.576067,0.0,1.0
2.6666565,0.0,1.0
0.0,0.0,1.0
0.0,0.0,1.0
41.333313,0.0,1.0
5.333313,0.0,1.0
112.66023,0.0,1.0
76.78003,2.0,1.0
151.97267,0.0,1.0
96.10236,0.0,1.0
40.954285,3.0,1.0
179.40652,0.0,1.0
46.0,0.0,1.0
40.28351,0.0,1.0
177.47714,1.0,1.0
187.95601,0.0,1.0
130.5401,0.0,1.0
8.629455,0.0,1.0
16.26387,0.0,1.0
19.88262,0.0,1.0
67.002235,0.0,1.0
34.0,1.0,1.0
13.666287,0.0,1.0
15.126983,2.0,1.0
12.637223,1.0,1.0
363.9741,0.0,1.0
33.329002,0.0,1.0
52.597523,0.0,1.0
21.386616,0.0,1.0
84.76104,0.0,1.0
11.279828,0.0,1.0
129.51457,0.0,1.0
20.24658,0.0,1.0
334.07803,0.0,1.0
184.0551,0.0,1.0
254.11401,0.0,1.0
114.87238,0.0,1.0
49.63706,2.0,1.0
120.48289,1.0,1.0
21.989754,0.0,1.0
16.725904,0.0,1.0
110.15723,5.0,1.0
2.6666565,0.0,1.0
36.0,0.0,1.0
853.6164,0.0,1.0
213.75415,0.0,1.0
314.718,0.0,1.0
40.954285,0.0,1.0
437.0662,0.0,1.0
18.735998,0.0,1.0
74.659,0.0,1.0
20.477142,0.0,1.0
1108.4177,0.0,1.0
314.0,0.0,1.0
184.0942,0.0,1.0
13.835109,0.0,1.0
83.38465,0.0,1.0
270.74554,0.0,1.0
37.049713,1.0,1.0
68.533806,0.0,1.0
121.52315,0.0,1.0
11.279828,0.0,1.0
68.533806,0.0,1.0
21.989754,0.0,1.0
128.86545,0.0,1.0
212.19032,1.0,1.0
193.44095,2.0,1.0
110.0,0.0,1.0
227.84016,5.0,1.0
12.203872,0.0,1.0
25.047916,0.0,1.0
6.935384,0.0,1.0
52.87297,0.0,1.0
2.6666565,0.0,1.0
12.533626,0.0,1.0
8.985268,0.0,1.0
93.858665,0.0,1.0
38.51237,0.0,1.0
3.9133751,6.0,1.0
11.171359,0.0,1.0
0.0,0.0,1.0
3.8416867,0.0,1.0
77.2838,7.0,1.0
164.94116,4.0,1.0
107.773796,0.0,1.0
14.476315,0.0,1.0
8.824291,0.0,1.0
344.84558,1.0,1.0
140.48235,7.0,1.0
96.95086,3.0,1.0
16.725904,3.0,1.0
16.725904,0.0,1.0
8.541319,0.0,1.0
99.62055,2.0,1.0
85.11045,0.0,1.0
99.62055,0.0,1.0
19.237127,0.0,1.0
51.59209,1.0,1.0
17.818808,3.0,1.0
149.24858,2.0,1.0
54.60732,0.0,1.0
19.56001,0.0,1.0
7.5424438,0.0,1.0
14.313616,0.0,1.0
15.856737,0.0,1.0
14.472973,0.0,1.0
68.533806,0.0,1.0
6.321591,0.0,1.0
196.26851,0.0,1.0
104.0725,0.0,1.0
34.266903,0.0,1.0
31.160795,0.0,1.0
77.1608,0.0,1.0
49.11231,0.0,1.0
0.0,2.0,5.0
0.0,0.0,5.0
0.0,0.0,5.0
40.31861,2.0,5.0
101.03536,6.0,5.0
51.03807,0.0,5.0
14.472973,1.0,5.0
16.27424,0.0,5.0
81.32397,0.0,5.0
7.2364864,0.0,5.0
0.0,0.0,5.0
209.276,0.0,5.0
643.1933,0.0,5.0
104.0725,0.0,5.0
36.57803,0.0,5.0
21.685667,0.0,5.0
25.779884,0.0,5.0
122.311745,0.0,5.0
0.0,0.0,5.0
209.96117,2.0,5.0
92.99439,0.0,5.0
220.18741,0.0,5.0
498.923,0.0,5.0
163.83437,0.0,5.0
52.87297,0.0,5.0
61.6733,0.0,5.0
100.674286,2.0,5.0
36.808468,0.0,5.0
86.57643,0.0,5.0
164.01578,0.0,5.0
128.46492,0.0,5.0
205.92938,6.0,5.0
0.0,0.0,5.0
0.0,0.0,5.0
277.47168,2.0,5.0
252.60199,1.0,5.0
239.6381,8.0,5.0
251.55635,0.0,5.0
98.742584,2.0,5.0
3.160812,1.0,5.0
92.52486,0.0,5.0
1525.0248,0.0,5.0
16.758778,0.0,5.0
21.160812,0.0,5.0
6.321624,0.0,5.0
273.3562,0.0,5.0
664.2664,0.0,5.0
18.283613,0.0,5.0
164.21927,2.0,5.0
11.149861,2.0,5.0
379.71625,4.0,5.0
157.0,0.0,5.0
49.07531,0.0,5.0
30.666656,0.0,5.0
266.1303,4.0,5.0
743.9125,0.0,5.0
208.51222,5.0,5.0
106.36045,5.0,5.0
66.549255,0.0,5.0
13.087598,0.0,5.0
119.33078,0.0,5.0
120.94402,0.0,5.0
89.88715,2.0,5.0
18.283613,2.0,5.0
221.3742,4.0,5.0
0.0,2.0,5.0
47.0,7.0,5.0
0.0,0.0,5.0
234.54973,4.0,5.0
597.96106,0.0,5.0
553.4338,0.0,5.0
309.9386,0.0,5.0
83.62686,0.0,5.0
60.664253,1.0,5.0
276.79193,9.0,5.0
440.0,2.0,5.0
395.3148,0.0,5.0
199.38052,0.0,5.0
22.336885,2.0,5.0
303.25937,2.0,5.0
0.0,0.0,5.0
122.83473,0.0,5.0
655.641,0.0,5.0
60.50321,0.0,5.0
388.35086,15.0,5.0
68.533806,0.0,5.0
77.866776,0.0,5.0
26.955957,0.0,5.0
32.55337,0.0,5.0
396.56284,2.0,5.0
24.375912,0.0,5.0
115.20131,2.0,5.0
152.41588,0.0,5.0
0.0,0.0,5.0
218.36299,0.0,5.0
49.842728,5.0,5.0
36.567226,0.0,5.0
1020.3766,0.0,5.0
309.49426,2.0,5.0
36.283615,0.0,5.0
7.7798843,0.0,5.0
220.79044,6.0,5.0
138.87297,4.0,5.0
47.035362,0.0,5.0
88.83473,0.0,5.0
369.56296,2.0,5.0
74.44565,4.0,5.0
0.0,0.0,5.0
36.524857,0.0,5.0
343.08948,0.0,5.0
128.44565,0.0,5.0
37.700928,0.0,5.0
147.39935,0.0,5.0
238.11078,0.0,5.0
199.56322,0.0,5.0
68.533806,0.0,5.0
48.666656,1.0,5.0
36.808468,0.0,5.0
4.6452565,0.0,5.0
148.96951,0.0,5.0
77.64555,3.0,5.0
240.98338,1.0,5.0
0.0,0.0,5.0
0.0,0.0,5.0
0.0,0.0,5.0
191.4225,2.0,5.0
569.1321,2.0,5.0
204.49622,0.0,5.0
10.940696,0.0,5.0
260.31973,2.0,5.0
43.981373,0.0,5.0
0.0,0.0,5.0
0.0,0.0,5.0
0.0,0.0,5.0
0.0,0.0,5.0
100.160904,2.0,5.0
120.885925,0.0,5.0
54.283615,0.0,5.0
18.0,0.0,5.0
157.0,0.0,5.0
599.4485,2.0,5.0
106.09018,0.0,5.0
0.0,0.0,5.0
191.93593,0.0,5.0
68.533806,0.0,5.0
22.336885,0.0,5.0
19.176073,1.0,5.0
26.641459,0.0,5.0
20.477142,2.0,5.0
208.22107,0.0,5.0
341.8882,4.0,5.0
205.59465,4.0,5.0
4.2880335,2.0,5.0
565.3228,0.0,5.0
332.70755,0.0,5.0
36.524857,0.0,5.0
49.11231,0.0,5.0
135.27185,0.0,5.0
75.448555,0.0,5.0
0.0,0.0,5.0
76.941536,0.0,5.0
0.0,0.0,5.0
125.90151,2.0,5.0
130.44653,2.0,5.0
21.991236,0.0,5.0
205.8273,0.0,5.0
133.49672,2.0,5.0
182.90599,0.0,5.0
89.08354,3.0,5.0
0.0,0.0,5.0
174.1879,1.0,5.0
22.336885,2.0,5.0
36.0,0.0,5.0
314.13193,0.0,5.0
581.0297,2.0,5.0
0.0,0.0,5.0
42.38052,2.0,5.0
10.940696,0.0,5.0
314.1827,0.0,5.0
321.58417,0.0,5.0
468.77435,0.0,5.0
36.808468,0.0,5.0
80.19295,0.0,5.0
269.45038,4.0,5.0
38.470768,0.0,5.0
94.51262,1.0,5.0
105.372635,2.0,5.0
51.438133,3.0,5.0
202.74477,0.0,5.0
128.75993,0.0,5.0
64.29389,0.0,5.0
33.714092,0.0,5.0
18.0,2.0,5.0
18.0,6.0,5.0
18.0,0.0,5.0
133.91998,4.0,5.0
148.48476,2.0,5.0
9.849278,0.0,5.0
582.59564,0.0,5.0
163.64359,0.0,5.0
37.459686,0.0,5.0
157.0,0.0,5.0
219.07524,0.0,5.0
91.26445,0.0,5.0
26.063498,0.0,5.0
26.063498,4.0,5.0
196.61902,1.0,5.0
172.05391,0.0,5.0
7.7798843,2.0,5.0
26.856453,2.0,5.0
605.24316,0.0,5.0
81.779884,2.0,5.0
82.61818,2.0,5.0
93.28394,0.0,5.0
372.18637,0.0,5.0
164.53012,0.0,5.0
18.283613,0.0,5.0
259.1879,4.0,5.0
258.13492,1.0,5.0
0.0,0.0,5.0
0.0,0.0,5.0
47.035362,0.0,5.0
61.46953,0.0,5.0
175.0,2.0,5.0
36.283615,0.0,5.0
67.646935,15.0,5.0
186.0,0.0,5.0
36.283615,1.0,5.0
163.7299,1.0,5.0
55.25291,0.0,5.0
29.999153,0.0,5.0
1021.75604,0.0,5.0
36.808468,0.0,5.0
77.16081,2.0,5.0
140.02849,0.0,5.0
0.0,0.0,5.0
207.19252,2.0,5.0
3.160812,2.0,5.0
1034.2317,3.0,5.0
22.336885,0.0,5.0
148.0,0.0,5.0
37.23592,0.0,5.0
502.6795,0.0,5.0
18.283613,1.0,5.0
371.4534,2.0,5.0
0.0,3.0,5.0
0.0,2.0,5.0
237.44998,14.0,5.0
185.55887,2.0,5.0
0.0,0.0,5.0
205.0336,1.0,5.0
30.666656,3.0,5.0
0.0,0.0,5.0
694.16266,2.0,5.0
37.17607,1.0,5.0
18.524857,0.0,5.0
49.377434,0.0,5.0
205.58617,0.0,5.0
0.0,0.0,5.0
125.90151,9.0,5.0
78.33687,0.0,5.0
26.955957,2.0,5.0
93.156425,0.0,5.0
149.1706,0.0,5.0
473.41415,0.0,5.0
191.71606,0.0,5.0
78.24028,1.0,5.0
156.22227,0.0,5.0
38.470768,4.0,5.0
0.0,0.0,5.0
22.288034,0.0,5.0
25.902372,0.0,5.0
0.0,0.0,5.0
0.0,6.0,5.0
0.0,0.0,5.0
0.0,2.0,5.0
292.20612,8.0,5.0
12.929851,0.0,5.0
67.617004,4.0,5.0
639.14746,8.0,5.0
0.0,0.0,5.0
52.132095,0.0,5.0
0.0,0.0,5.0
0.0,0.0,2.0
0.0,0.0,2.0
652.779,14.0,2.0
185.2929,5.0,2.0
77.87159,0.0,2.0
18.524857,0.0,2.0
122.9407,6.0,2.0
21.160812,6.0,2.0
92.970505,0.0,2.0
92.891304,0.0,2.0
112.70455,0.0,2.0
7.7798843,6.0,2.0
36.567226,0.0,2.0
149.00961,2.0,2.0
7.7798843,2.0,2.0
15.559769,2.0,2.0
7.7798843,0.0,2.0
217.33835,0.0,2.0
24.267899,0.0,2.0
309.9386,0.0,2.0
0.0,2.0,2.0
1248.6542,0.0,2.0
40.954285,0.0,2.0
250.46439,2.0,2.0
25.779884,0.0,2.0
19.176073,0.0,2.0
202.00658,2.0,2.0
67.617004,2.0,2.0
72.75748,2.0,2.0
420.90576,0.0,2.0
9.469528,2.0,2.0
20.328838,0.0,2.0
43.743343,0.0,2.0
26.304739,0.0,2.0
37.049713,0.0,2.0
27.713627,0.0,2.0
40.954285,0.0,2.0
935.36926,0.0,2.0
91.40819,0.0,2.0
131.56284,0.0,2.0
207.61266,0.0,2.0
174.03075,0.0,2.0
36.808468,0.0,2.0
56.945797,0.0,2.0
207.3199,2.0,2.0
171.0336,7.0,2.0
18.0,0.0,2.0
0.0,0.0,2.0
0.0,0.0,2.0
0.0,2.0,2.0
428.05112,4.0,2.0
138.22554,4.0,2.0
18.524857,0.0,2.0
246.63535,0.0,2.0
40.954285,0.0,2.0
27.713627,0.0,2.0
148.0962,0.0,2.0
36.0,0.0,2.0
36.808468,2.0,2.0
26.063498,0.0,2.0
36.524857,0.0,2.0
37.700928,0.0,2.0
36.808468,4.0,2.0
26.063498,0.0,2.0
77.68565,0.0,2.0
112.51262,6.0,2.0
38.537296,0.0,2.0
486.10553,11.0,2.0
18.479841,0.0,2.0
110.15723,0.0,2.0
91.01434,2.0,2.0
1016.43585,0.0,2.0
18.212826,1.0,2.0
412.32333,3.0,2.0
9.469528,0.0,2.0
0.0,0.0,2.0
49.65168,0.0,2.0
99.30336,0.0,2.0
206.50029,0.0,2.0
18.0,2.0,2.0
86.1608,0.0,2.0
48.666656,2.0,2.0
82.22553,2.0,2.0
15.559769,2.0,2.0
229.31065,0.0,2.0
18.524857,0.0,2.0
40.676453,2.0,2.0
268.19574,0.0,2.0
174.83034,6.0,2.0
32.593857,2.0,2.0
0.0,0.0,2.0
99.52099,1.0,2.0
353.60965,13.0,2.0
18.283613,0.0,2.0
19.176073,0.0,2.0
26.955957,0.0,2.0
36.808468,6.0,2.0
82.62646,2.0,2.0
168.60464,0.0,2.0
34.693825,2.0,2.0
7.2364864,0.0,2.0
36.567226,0.0,2.0
26.955957,4.0,2.0
37.459686,0.0,2.0
68.97729,0.0,2.0
372.02823,4.0,2.0
203.10973,21.0,2.0
202.83138,0.0,2.0
70.66537,0.0,2.0
48.535797,0.0,2.0
292.66205,10.0,2.0
215.34764,0.0,2.0
138.49066,0.0,2.0
199.38052,0.0,2.0
314.718,0.0,2.0
645.091,7.0,2.0
0.0,2.0,2.0
768.4537,0.0,2.0
0.0,2.0,2.0
47.035362,0.0,2.0
47.035362,0.0,2.0
0.0,2.0,2.0
18.0,3.0,2.0
0.0,0.0,2.0
44.78938,0.0,2.0
0.0,0.0,2.0
803.9804,4.0,2.0
21.160812,0.0,2.0
59.160812,4.0,2.0
49.377434,0.0,2.0
39.06689,0.0,2.0
19.176073,0.0,2.0
150.25555,0.0,2.0
19.176073,0.0,2.0
89.93521,4.0,2.0
36.524857,0.0,2.0
36.524857,0.0,2.0
98.526794,2.0,2.0
0.0,0.0,2.0
7.7798843,0.0,2.0
215.3419,0.0,2.0
18.524857,0.0,2.0
36.524857,0.0,2.0
102.67386,2.0,2.0
36.524857,0.0,2.0
37.700928,0.0,2.0
26.304739,0.0,2.0
37.700928,0.0,2.0
149.70093,2.0,2.0
0.0,0.0,2.0
92.72873,0.0,2.0
148.44565,2.0,2.0
26.063498,0.0,2.0
15.559769,0.0,2.0
20.841883,1.0,2.0
15.559769,0.0,2.0
15.559769,0.0,2.0
15.559769,0.0,2.0
81.779884,7.0,2.0
46.0,2.0,2.0
25.941555,0.0,2.0
37.700928,0.0,2.0
49.160812,0.0,2.0
13.685929,2.0,2.0
58.619957,0.0,2.0
57.597015,8.0,2.0
7.7798843,2.0,2.0
15.559769,4.0,2.0
15.559769,4.0,2.0
188.91893,2.0,2.0
40.187115,5.0,2.0
39.99355,0.0,2.0
27.469528,2.0,2.0
562.13116,0.0,2.0
53.8628,2.0,2.0
65.52099,0.0,2.0
1005.1957,2.0,2.0
99.30336,0.0,2.0
245.88246,2.0,2.0
65.09739,4.0,2.0
698.84735,2.0,2.0
220.57195,0.0,2.0
164.44933,4.0,2.0
148.73053,0.0,2.0
26.063498,3.0,2.0
36.808468,0.0,2.0
36.808468,0.0,2.0
37.700928,0.0,2.0
25.779884,0.0,2.0
36.0,3.0,2.0
25.779884,8.0,2.0
25.941555,0.0,2.0
25.941555,4.0,2.0
36.0,2.0,2.0
25.779884,2.0,2.0
7.7798843,0.0,2.0
0.0,0.0,2.0
78.24028,0.0,2.0
49.11231,4.0,2.0
193.82326,9.0,2.0
92.99052,0.0,2.0
147.10541,2.0,2.0
238.1321,12.0,2.0
337.55432,2.0,2.0
34.266903,0.0,2.0
88.26691,0.0,2.0
68.533806,0.0,2.0
405.16098,2.0,2.0
119.47077,4.0,2.0
173.75282,0.0,2.0
683.9642,2.0,2.0
504.57385,4.0,2.0
37.700928,0.0,2.0
49.90682,0.0,2.0
40.954285,0.0,2.0
355.59726,0.0,2.0
215.9926,0.0,2.0
26.61726,0.0,2.0
16.430958,4.0,2.0
215.62541,0.0,2.0
185.47354,2.0,2.0
78.68984,0.0,2.0
49.11231,0.0,2.0
92.891304,0.0,2.0
36.808468,4.0,2.0
80.14012,0.0,2.0
18.283613,2.0,2.0
92.891304,0.0,2.0
199.39577,2.0,2.0
112.55635,9.0,2.0
132.99176,4.0,2.0
275.90152,18.0,2.0
101.96308,0.0,2.0
18.524857,1.0,2.0
7.7798843,0.0,2.0
36.808468,2.0,2.0
258.57312,3.0,2.0
709.39703,2.0,2.0
36.859356,0.0,2.0
492.24356,0.0,2.0
70.66537,0.0,2.0
0.0,8.0,2.0
153.73228,1.0,2.0
36.808468,0.0,2.0
7.7798843,0.0,2.0
87.81943,2.0,2.0
149.00961,2.0,2.0
126.26691,8.0,2.0
18.0,0.0,2.0
169.78519,4.0,2.0
227.60286,27.0,2.0
226.4251,0.0,2.0
68.533806,0.0,2.0
293.12714,10.0,2.0
88.89336,0.0,2.0
134.816,0.0,2.0
37.700928,0.0,2.0
18.524857,1.0,2.0
37.700928,4.0,2.0
18.524857,0.0,2.0
37.049713,0.0,2.0
18.524857,0.0,2.0
26.304739,0.0,2.0
18.524857,0.0,2.0
98.899734,0.0,2.0
18.0,4.0,2.0
54.0,12.0,2.0
109.70093,6.0,2.0
148.70598,0.0,2.0
280.1751,2.0,2.0
257.4193,2.0,2.0
232.24762,6.0,2.0
92.216866,0.0,2.0
162.2669,2.0,2.0
256.0,0.0,2.0
92.51487,0.0,2.0
256.35022,0.0,2.0
80.85766,0.0,2.0
118.11789,0.0,2.0
363.91776,1.0,2.0
94.88354,0.0,2.0
157.80441,0.0,2.0
36.808468,2.0,2.0
149.78546,0.0,2.0
10.446541,2.0,2.0
26.304739,0.0,2.0
36.808468,0.0,2.0
33.827454,3.0,2.0
7.2364864,0.0,2.0
0.0,0.0,2.0
18.0,0.0,2.0
34.0,0.0,2.0
18.0,0.0,2.0
0.0,0.0,2.0
157.14581,0.0,2.0
313.74432,1.0,2.0
131.04198,2.0,2.0
131.04198,9.0,2.0
123.52099,0.0,2.0
247.9913,2.0,2.0
26.063498,0.0,2.0
299.04907,35.0,2.0
33.82747,2.0,2.0
89.82745,0.0,2.0
102.2467,9.0,2.0
75.24016,8.0,2.0
10.940696,0.0,2.0
43.743343,0.0,2.0
26.955957,0.0,2.0
37.17607,3.0,2.0
19.176073,0.0,2.0
41.581753,0.0,2.0
281.57193,0.0,2.0
256.2984,0.0,2.0
191.70847,0.0,2.0
191.53336,0.0,2.0
204.86792,0.0,2.0
227.12569,0.0,2.0
454.18793,4.0,2.0
164.736,3.0,2.0
195.47714,4.0,2.0
190.537,0.0,2.0
196.4312,0.0,2.0
314.0,0.0,2.0
570.56287,0.0,2.0
130.39803,4.0,2.0
28.0,0.0,2.0
94.420944,4.0,2.0
92.28308,0.0,2.0
92.28308,12.0,2.0
92.44565,0.0,2.0
82.22553,0.0,2.0
7.7798843,0.0,2.0
37.049713,0.0,2.0
89.82745,0.0,2.0
163.17644,2.0,2.0
193.0,2.0,2.0
0.0,4.0,2.0
0.0,0.0,2.0
0.0,0.0,2.0
0.0,0.0,2.0
0.0,0.0,2.0
527.28723,7.0,2.0
68.533806,2.0,2.0
68.533806,0.0,2.0
152.84724,4.0,2.0
5.333313,0.0,2.0
38.44654,5.0,2.0
36.16167,0.0,2.0
20.477142,0.0,2.0
208.22107,0.0,2.0
715.4576,2.0,2.0
37.23592,0.0,2.0
268.53308,0.0,2.0
20.477142,0.0,2.0
34.266903,0.0,2.0
148.48476,0.0,2.0
820.7674,6.0,2.0
0.0,0.0,2.0
0.0,0.0,2.0
210.59462,1.0,2.0
29.0,2.0,2.0
63.0,2.0,2.0
0.0,0.0,2.0
234.75748,10.0,2.0
5.333313,2.0,2.0
435.6469,14.0,2.0
22.516092,2.0,2.0
37.176083,0.0,2.0
36.57803,0.0,2.0
27.713627,4.0,2.0
162.44202,0.0,2.0
270.74554,0.0,2.0
246.16148,0.0,2.0
122.89496,0.0,2.0
162.2669,0.0,2.0
190.46132,0.0,2.0
319.79446,2.0,2.0
1861.3605,0.0,2.0
175.00258,4.0,2.0
227.12569,0.0,2.0
92.0,0.0,2.0
388.0803,1.0,2.0
17.153345,0.0,2.0
18.524857,0.0,2.0
26.304739,0.0,2.0
37.700928,0.0,2.0
268.8784,9.0,2.0
199.6383,4.0,2.0
18.524857,0.0,2.0
37.700928,2.0,2.0
338.76422,2.0,2.0
162.2669,6.0,2.0
0.0,0.0,2.0
68.0,4.0,2.0
389.5879,0.0,2.0
0.0,0.0,2.0
18.0,2.0,2.0
0.0,0.0,2.0
125.90151,2.0,2.0
6.321591,2.0,2.0
243.5059,4.0,2.0
36.524857,2.0,2.0
74.0,0.0,2.0
223.27455,0.0,2.0
197.15804,2.0,2.0
46.397465,0.0,2.0
327.6724,6.0,2.0
55.25291,2.0,2.0
101.45038,0.0,2.0
68.533806,0.0,2.0
5.333313,0.0,2.0
13.087598,0.0,2.0
25.779884,0.0,2.0
193.13191,2.0,2.0
37.23592,2.0,2.0
40.954285,0.0,2.0
40.954285,0.0,2.0
128.17511,0.0,2.0
37.049713,0.0,2.0
37.700928,0.0,2.0
149.76501,0.0,2.0
49.191513,0.0,2.0
70.23649,2.0,2.0
414.63898,2.0,2.0
49.11231,0.0,2.0
10.940696,2.0,2.0
7.7798843,0.0,2.0
123.35502,0.0,2.0
227.12569,0.0,2.0
73.91958,0.0,2.0
480.96725,0.0,2.0
71.380516,0.0,2.0
26.063498,4.0,2.0
49.842728,2.0,2.0
115.59604,0.0,2.0
0.0,0.0,2.0
65.52099,0.0,2.0
220.35397,13.0,2.0
7.7798843,0.0,2.0
30.666656,2.0,2.0
895.4298,2.0,2.0
25.779884,0.0,2.0
15.559769,1.0,2.0
19.176073,0.0,2.0
7.7798843,1.0,2.0
3.160812,2.0,2.0
157.13191,0.0,2.0
1203.9811,2.0,2.0
5.333313,0.0,2.0
212.19032,0.0,2.0
148.0,2.0,2.0
21.685667,4.0,2.0
0.0,0.0,2.0
15.559769,0.0,2.0
49.191513,4.0,2.0
126.399,12.0,2.0
149.58032,6.0,2.0
42.38052,0.0,2.0
488.85876,27.0,2.0
0.0,2.0,2.0
18.0,0.0,2.0
0.0,0.0,2.0
68.399,4.0,2.0
6.321591,0.0,2.0
49.11231,0.0,2.0
18.524857,0.0,2.0
36.808468,0.0,2.0
80.85766,0.0,2.0
177.47714,0.0,2.0
158.65622,2.0,2.0
105.47101,0.0,2.0
36.0,0.0,2.0
22.336885,1.0,2.0
63.266903,5.0,2.0
355.46115,7.0,2.0
241.57956,6.0,3.0
13.581754,6.0,3.0
26.304739,0.0,3.0
138.44745,0.0,3.0
8.537455,0.0,3.0
13.087598,0.0,3.0
36.524857,2.0,3.0
148.62717,2.0,3.0
220.26466,0.0,3.0
33.50941,0.0,3.0
75.22603,0.0,3.0
227.12569,2.0,3.0
309.59796,0.0,3.0
37.049713,0.0,3.0
43.743343,0.0,3.0
203.426,6.0,3.0
333.00623,0.0,3.0
44.17012,0.0,3.0
0.0,0.0,3.0
288.042,0.0,3.0
256.3378,7.0,3.0
92.970505,0.0,3.0
26.304739,1.0,3.0
37.17607,0.0,3.0
169.28845,1.0,3.0
9.60674,2.0,3.0
17.158804,0.0,3.0
38.91496,2.0,3.0
6.841417,2.0,3.0
50.47795,0.0,3.0
122.33609,0.0,3.0
162.22069,1.0,3.0
6.321624,2.0,3.0
68.533806,3.0,3.0
248.99846,2.0,3.0
510.37482,0.0,3.0
72.36326,2.0,3.0
288.66174,0.0,3.0
104.0725,2.0,3.0
7.7798843,2.0,3.0
112.5076,0.0,3.0
652.3309,0.0,3.0
10.0534935,5.0,3.0
293.99768,0.0,3.0
5.333313,0.0,3.0
48.666656,0.0,3.0
45.3529,0.0,3.0
107.87674,0.0,3.0
0.0,0.0,3.0
1660.9485,0.0,3.0
34.132095,0.0,3.0
40.954285,0.0,3.0
68.97729,0.0,3.0
304.22083,0.0,3.0
194.4612,0.0,3.0
1531.198,6.0,3.0
15.126983,0.0,3.0
22.898895,0.0,3.0
44.64062,0.0,3.0
70.97181,0.0,3.0
174.09027,0.0,3.0
205.17662,1.0,3.0
0.0,0.0,3.0
4.2880335,0.0,3.0
24.318611,2.0,3.0
94.72814,0.0,3.0
173.35881,7.0,3.0
77.1608,3.0,3.0
7.9824734,0.0,3.0
7.6254616,2.0,3.0
81.002304,0.0,3.0
79.46938,0.0,3.0
7.9824734,0.0,3.0
26.086727,0.0,3.0
37.049713,0.0,3.0
36.283623,0.0,3.0
202.66164,0.0,3.0
11.6215925,0.0,3.0
77.84169,0.0,3.0
134.5161,3.0,3.0
36.524857,0.0,3.0
177.47714,0.0,3.0
301.1414,2.0,3.0
40.676453,0.0,3.0
162.36336,3.0,3.0
73.986305,2.0,3.0
24.390516,2.0,3.0
269.09427,2.0,3.0
78.60965,0.0,3.0
17.158804,0.0,3.0
41.689278,0.0,3.0
57.506462,2.0,3.0
120.267555,0.0,3.0
157.43047,0.0,3.0
89.874596,0.0,3.0
15.856737,6.0,3.0
57.10356,0.0,3.0
372.0,0.0,3.0
40.954285,0.0,3.0
535.9175,2.0,3.0
252.71788,0.0,3.0
477.6116,2.0,3.0
46.559376,0.0,3.0
246.3459,2.0,3.0
91.07278,0.0,3.0
7.1071353,3.0,3.0
322.66217,0.0,3.0
337.7312,4.0,3.0
74.50489,0.0,3.0
9.469528,2.0,3.0
18.0,2.0,3.0
115.399,4.0,3.0
105.64742,0.0,3.0
49.90682,0.0,3.0
206.25555,1.0,3.0
199.82146,0.0,3.0
39.06689,2.0,3.0
49.90682,0.0,3.0
93.950935,0.0,3.0
26.955957,0.0,3.0
115.41447,0.0,3.0
18.796051,0.0,3.0
256.35022,0.0,3.0
20.477142,0.0,3.0
40.954285,2.0,3.0
36.892605,0.0,3.0
40.954285,0.0,3.0
39.754086,0.0,3.0
40.954285,0.0,3.0
227.12569,0.0,3.0
420.5598,2.0,3.0
256.35022,0.0,3.0
7.2364864,0.0,3.0
226.341,2.0,3.0
622.81995,0.0,3.0
190.30693,0.0,3.0
20.477142,0.0,3.0
23.651949,0.0,3.0
26.540012,0.0,3.0
68.325554,0.0,3.0
81.03536,0.0,3.0
225.12444,0.0,3.0
101.69475,0.0,3.0
77.95722,2.0,3.0
0.0,1.0,3.0
1130.6426,0.0,3.0
0.0,2.0,3.0
25.779884,0.0,3.0
66.94068,0.0,3.0
297.1702,4.0,3.0
5.827452,2.0,3.0
6.899913,0.0,3.0
11.814011,0.0,3.0
46.10142,2.0,3.0
16.339748,0.0,3.0
1641.8829,0.0,3.0
47.035362,4.0,3.0
2037.1763,0.0,3.0
961.4606,38.0,3.0
458.6469,19.0,3.0
0.0,6.0,3.0
321.35037,23.0,3.0
34.0,0.0,4.0
25.236486,0.0,4.0
223.0048,17.0,4.0
48.77509,0.0,4.0
48.666656,0.0,4.0
215.18636,0.0,4.0
1321.2004,0.0,4.0
139.04475,0.0,4.0
668.4349,0.0,4.0
51.374798,8.0,4.0
257.08374,0.0,4.0
417.0,8.0,4.0
18.524857,28.0,4.0
37.049713,0.0,4.0
105.26873,0.0,4.0
315.0086,0.0,4.0
205.26814,0.0,4.0
22.516092,0.0,4.0
139.25676,0.0,4.0
40.44653,11.0,4.0
