Speed angle vs. Modulus speed from (100, 302) to (330, 323)
Modulus speed (points/sec)
Speed angle (radians)
0.0,0.25168997,1.0
21.5,-0.0,1.0
10.5,-0.0,1.0
0.0,0.43436727,1.0
10.5,-0.0,1.0
0.0,-0.0,1.0
0.0,0.47116625,1.0
0.0,0.47116625,1.0
0.0,0.47116625,1.0
0.0,0.47116625,1.0
0.0,-1.1071488,1.0
0.0,-1.1071488,1.0
0.0,-1.5707964,1.0
0.0,-1.5707964,1.0
0.0,-1.5707964,1.0
0.0,-1.5707964,1.0
0.0,-0.0,1.0
0.0,-0.31490135,1.0
43.0,0.0,1.0
23.769728,0.38831872,1.0
0.0,0.38831872,1.0
0.0,0.38831872,1.0
0.0,0.38831872,1.0
0.0,0.1746722,1.0
23.769728,0.38831872,1.0
0.0,0.38831872,1.0
0.0,-0.59506965,1.0
0.0,-0.59506965,1.0
0.0,-0.59506965,1.0
0.0,-0.59506965,1.0
0.0,-0.59506965,1.0
0.0,-0.59506965,1.0
0.0,-0.0,1.0
0.0,0.26371184,1.0
36.71512,0.5123895,1.0
0.0,0.5123895,1.0
86.0,-0.0,1.0
21.0,0.0,1.0
3.5,-0.0,1.0
0.0,-0.0,1.0
3.0,-0.0,1.0
0.0,0.0,1.0
0.0,-0.845156,1.0
0.0,-0.845156,1.0
8.6,-0.0,1.0
0.0,0.96441346,1.0
0.0,0.96441346,1.0
0.0,0.96441346,1.0
21.0,0.0,1.0
0.0,0.0,1.0
21.0,-0.0,1.0
10.5,0.0,1.0
0.0,0.0,1.0
0.0,0.0,1.0
23.769728,0.38831872,1.0
53.0,0.0,1.0
77.12976,0.23554498,1.0
54.74486,0.16514868,1.0
0.0,0.16514868,1.0
33.0,-0.0,1.0
33.0,-0.0,1.0
16.5,0.0,1.0
0.0,-1.5707964,1.0
0.0,-1.5707964,1.0
26.5,-0.0,1.0
0.0,-0.0,1.0
0.0,-0.0,1.0
0.0,-0.0,1.0
13.25,0.0,1.0
0.0,0.0,1.0
17.666666,-0.0,1.0
26.5,0.0,1.0
0.0,0.14727747,1.0
0.0,0.33845544,1.0
0.0,0.33845544,1.0
0.0,0.38307706,1.0
74.0,-0.0,1.0
53.0,0.0,1.0
33.0,0.0,1.0
0.0,0.0,1.0
16.5,-0.0,1.0
0.0,-0.0,1.0
26.5,0.0,1.0
28.666666,0.0,1.0
0.0,0.0,1.0
43.0,-0.0,1.0
0.0,-0.0,1.0
0.0,-1.5707964,1.0
0.0,-0.0,1.0
0.0,0.26371184,1.0
119.36499,0.15137544,1.0
0.0,0.26371184,1.0
26.5,-0.0,1.0
0.0,-0.0,1.0
0.0,-0.6857295,1.0
0.0,-0.6857295,1.0
0.0,-0.6857295,1.0
0.0,-0.6857295,1.0
0.0,-0.6857295,1.0
33.0,-0.0,1.0
0.0,-0.0,1.0
0.0,0.16925122,1.0
0.0,0.16925122,1.0
0.0,-1.2442149,1.0
0.0,-1.2442149,1.0
0.0,-1.2442149,1.0
55.0,-0.0,1.0
38.5,0.0,1.0
0.0,-0.6032299,1.0
3.4375,-0.0,1.0
0.0,-0.0,1.0
0.0,-0.0,1.0
34.0,0.0,1.0
17.0,-0.0,1.0
55.0,0.0,1.0
0.0,-0.28353977,1.0
0.0,0.17579791,1.0
16.5,-0.0,1.0
33.0,0.0,1.0
0.0,0.0,1.0
8.25,-0.0,1.0
33.0,0.0,1.0
16.5,-0.0,1.0
0.0,-0.0,1.0
0.0,0.38307706,1.0
0.0,0.057505824,1.0
0.0,0.053733088,1.0
33.0,0.0,1.0
0.0,0.0,1.0
0.0,0.0,1.0
54.74486,0.16514868,1.0
109.48972,0.16514868,1.0
0.0,0.16514868,1.0
0.0,-0.033632174,1.0
0.0,-0.024418483,1.0
0.0,-0.024418483,1.0
0.0,-0.024418483,1.0
0.0,-0.024418483,1.0
0.0,-0.024418483,1.0
0.0,-0.024418483,1.0
0.0,-0.025598958,1.0
0.0,-0.025598958,1.0
74.0,0.0,1.0
0.0,0.0,1.0
0.0,0.0,1.0
0.0,0.0,1.0
0.0,0.21273178,1.0
0.0,0.21273178,1.0
16.5,-0.0,1.0
0.0,-0.0,1.0
0.0,0.43046477,1.0
0.0,0.43046477,1.0
0.0,0.43046477,1.0
0.0,0.43046477,1.0
0.0,0.43046477,1.0
67.44627,0.2701532,1.0
0.0,0.2701532,1.0
0.0,0.2701532,1.0
0.0,0.2701532,1.0
16.5,-0.0,1.0
0.0,0.1746722,1.0
0.0,0.20356289,1.0
0.0,0.20356289,1.0
0.0,0.20356289,1.0
0.0,0.20356289,1.0
0.0,1.1160771,1.0
0.0,-0.47501075,1.0
77.0,0.0,1.0
38.5,-0.0,1.0
55.0,0.0,1.0
18.333334,-0.0,1.0
5.5,0.0,1.0
11.0,-0.0,1.0
0.0,-0.0,1.0
77.0,0.0,1.0
0.0,-0.19739556,1.0
0.0,-0.47501075,1.0
0.0,-0.47501075,1.0
27.5,-0.0,1.0
0.0,-0.0,1.0
0.0,-0.0,1.0
0.0,-0.0,1.0
0.0,-0.0,1.0
0.0,-0.0,1.0
0.0,-0.0,1.0
0.0,-0.0,1.0
10.5,0.0,1.0
0.0,0.0,1.0
21.0,-0.0,1.0
10.5,0.0,1.0
55.0,-0.0,1.0
0.0,1.1160771,1.0
0.0,1.1160771,1.0
0.0,1.1160771,1.0
10.5,-0.0,1.0
21.0,0.0,1.0
10.5,-0.0,1.0
0.0,-0.0,1.0
0.0,-0.0,1.0
0.0,-0.0,1.0
0.0,-0.0,1.0
0.0,-0.0,1.0
0.0,-0.0,1.0
67.44627,0.2701532,1.0
33.723137,0.2701532,1.0
53.0,-0.0,1.0
53.0,0.0,1.0
0.0,0.0,1.0
0.0,0.0,1.0
0.0,0.0,1.0
0.0,0.0,1.0
0.0,0.0,1.0
0.0,0.0,1.0
3.6,1.5707964,1.0
0.0,-0.6246354,1.0
36.71512,0.5123895,1.0
29.841248,0.15137544,1.0
0.0,0.15137544,1.0
33.0,-0.0,1.0
16.5,0.0,1.0
0.0,0.0,1.0
16.5,-0.0,1.0
33.0,0.0,1.0
33.0,-0.0,1.0
13.25,-0.0,1.0
0.0,-0.0,1.0
14.21267,0.6857295,1.0
0.0,0.6857295,1.0
0.0,0.6857295,1.0
0.0,0.6857295,1.0
0.0,0.6857295,1.0
0.0,0.6857295,1.0
54.0,0.0,1.0
0.0,0.79663366,1.0
0.0,0.79663366,1.0
0.0,-1.2442149,1.0
28.42534,0.6857295,1.0
13.25,0.0,1.0
0.0,0.0,1.0
0.0,0.0,1.0
4.5,-1.5707964,1.0
18.0,1.5707964,1.0
0.0,1.5707964,1.0
0.0,0.27746353,1.0
0.0,0.27746353,1.0
0.0,0.27746353,1.0
0.0,0.27746353,1.0
0.0,0.27746353,1.0
0.0,0.27746353,1.0
4.5,1.5707964,1.0
9.0,-1.5707964,1.0
37.589893,0.49934673,1.0
0.0,0.38307706,1.0
0.0,0.38307706,1.0
0.0,-0.0316239,1.0
0.0,0.0,5.0
0.0,0.0,5.0
0.0,0.0,5.0
18.35756,0.5123895,5.0
0.0,0.5123895,5.0
0.0,0.5123895,5.0
36.71512,0.5123895,5.0
0.0,0.5123895,5.0
0.0,0.5123895,5.0
6.4,0.0,5.0
17.666666,-0.0,5.0
43.931767,0.20632389,5.0
43.931767,0.20632389,5.0
22.0,-0.0,5.0
0.0,-0.0,5.0
21.5,0.0,5.0
0.0,0.0,5.0
0.0,0.0,5.0
33.723137,0.2701532,5.0
18.35756,0.5123895,5.0
0.0,0.5123895,5.0
0.0,0.5123895,5.0
0.0,0.5123895,5.0
9.0,-1.5707964,5.0
0.0,0.14301687,5.0
43.0,-0.0,5.0
0.0,0.09454487,5.0
0.0,-0.0,5.0
32.5,-0.0,5.0
21.5,-0.0,5.0
0.0,-0.0,5.0
0.0,-0.0,5.0
9.0,-1.5707964,5.0
0.0,-1.5707964,5.0
0.0,0.0,5.0
0.0,0.0,5.0
0.0,0.0,5.0
38.26552,0.117872104,5.0
0.0,0.117872104,5.0
27.5,0.0,5.0
48.5,0.0,5.0
16.0,-0.0,5.0
28.666666,0.0,5.0
5.5,0.0,5.0
0.0,0.1746722,5.0
53.0,0.0,5.0
0.0,0.0,5.0
0.0,0.09596104,5.0
18.35756,0.5123895,5.0
18.35756,0.5123895,5.0
16.0,-0.0,5.0
11.0,-0.0,5.0
49.327984,0.18347995,5.0
49.327984,0.18347995,5.0
12.529964,-0.49934673,5.0
0.0,-0.0,5.0
0.0,-0.0,5.0
0.0,-0.0,5.0
0.0,-0.0,5.0
0.0,-0.0,5.0
0.0,-0.0,5.0
0.0,0.18164884,5.0
0.0,-0.17809294,5.0
0.0,-0.17809294,5.0
0.0,0.0,5.0
32.0,0.0,5.0
0.0,0.0,5.0
0.0,0.0,5.0
2.3493683,0.49934673,5.0
33.723137,0.2701532,5.0
0.0,0.2701532,5.0
0.0,0.2701532,5.0
0.0,0.18164884,5.0
0.0,0.18164884,5.0
0.0,0.18164884,5.0
0.0,0.18164884,5.0
10.5,-0.0,5.0
29.287844,0.20632389,5.0
33.723137,0.2701532,5.0
0.0,0.2701532,5.0
0.0,0.2701532,5.0
10.5,-0.0,5.0
10.5,0.0,5.0
0.0,-0.0,5.0
0.0,0.2896331,5.0
0.0,0.2896331,5.0
0.0,0.2896331,5.0
0.0,0.2896331,5.0
0.0,0.25168997,5.0
21.5,0.0,5.0
32.5,-0.0,5.0
32.5,0.0,5.0
0.0,0.0,5.0
0.0,0.0,5.0
32.5,0.0,5.0
0.0,0.05264452,5.0
0.0,0.05264452,5.0
0.0,-0.0,5.0
0.0,-0.0,5.0
37.589893,0.49934673,5.0
18.794947,0.49934673,5.0
0.0,0.1746722,5.0
9.0,-1.5707964,5.0
18.35756,0.5123895,5.0
0.0,0.5123895,5.0
0.0,0.5123895,5.0
18.35756,0.5123895,5.0
10.5,-0.0,5.0
0.0,-0.0,5.0
26.5,0.0,5.0
26.5,-0.0,5.0
29.287844,0.20632389,5.0
9.0,-1.5707964,5.0
0.0,-1.5707964,5.0
0.0,0.14301687,5.0
9.0,1.5707964,5.0
33.723137,0.2701532,5.0
0.0,0.2701532,5.0
0.0,0.2701532,5.0
0.0,0.2701532,5.0
0.0,0.2701532,5.0
86.0,-0.0,5.0
19.235384,-0.48689923,5.0
27.5,0.0,5.0
32.5,0.0,5.0
0.0,0.0,5.0
0.0,0.0,5.0
0.0,0.0,5.0
32.5,0.0,5.0
0.0,0.058991875,5.0
0.0,-0.96441346,5.0
0.0,-0.96441346,5.0
21.5,-0.0,5.0
43.0,0.0,5.0
0.0,0.0,5.0
16.0,0.0,5.0
16.0,-0.0,5.0
32.5,0.0,5.0
0.0,0.0,5.0
0.0,0.0,5.0
0.0,0.0,5.0
109.48972,0.16514868,5.0
33.723137,0.2701532,5.0
0.0,0.2701532,5.0
32.5,0.0,5.0
0.0,0.0,5.0
21.666666,-0.0,5.0
0.0,-0.44247213,5.0
0.0,-0.07241203,5.0
22.482092,0.2701532,5.0
0.0,0.2701532,5.0
8.6,-0.0,5.0
11.0,-0.0,5.0
38.5,-0.0,5.0
0.0,-0.0,5.0
16.0,-0.0,5.0
10.5,-0.0,5.0
0.0,-0.0,5.0
16.5,-0.0,5.0
0.0,0.09454487,5.0
0.0,-0.0,5.0
32.5,-0.0,5.0
0.0,-0.0,5.0
0.0,-0.0,5.0
0.0,-0.0,5.0
0.0,-0.0,5.0
0.0,-0.0,5.0
0.0,-0.0,5.0
0.0,-0.0,5.0
11.0,0.0,5.0
0.0,0.0,5.0
21.5,0.0,5.0
21.666666,0.0,5.0
26.5,-0.0,5.0
0.0,-0.0,5.0
0.0,-0.0,5.0
13.829317,-0.7086263,5.0
0.0,-0.7086263,5.0
0.0,-0.7086263,5.0
21.5,-0.0,5.0
0.0,-0.0,5.0
0.0,0.0,5.0
0.0,0.0,5.0
0.0,0.0,5.0
0.0,0.0,5.0
0.0,0.0,5.0
33.0,-0.0,5.0
16.0,-0.0,5.0
0.0,-0.0,5.0
0.0,-0.0,5.0
0.0,-0.0,5.0
0.0,-0.0,5.0
0.0,-0.0,5.0
0.0,0.0,5.0
0.0,0.0,5.0
13.829317,-0.7086263,5.0
0.0,-0.7086263,5.0
0.0,-0.7086263,5.0
16.5,-0.0,5.0
16.5,0.0,5.0
0.0,0.0,5.0
54.74486,0.16514868,5.0
0.0,0.47501075,5.0
0.0,-0.0,5.0
0.0,-0.0,5.0
16.5,-0.0,5.0
0.0,-0.0,5.0
0.0,-0.0,5.0
9.0,1.5707964,5.0
0.0,1.5707964,5.0
14.21267,0.6857295,5.0
0.0,0.6857295,5.0
39.537956,-0.22964244,5.0
19.235384,-0.48689923,5.0
43.0,0.0,5.0
38.56488,0.23554498,5.0
0.0,0.23554498,5.0
18.35756,0.5123895,5.0
18.35756,0.5123895,5.0
0.0,0.5123895,5.0
18.35756,0.5123895,5.0
10.5,-0.0,5.0
32.5,-0.0,5.0
43.0,0.0,5.0
33.723137,0.2701532,5.0
0.0,-0.24551457,5.0
21.666666,-0.0,5.0
0.0,-0.0,5.0
0.0,0.69287956,5.0
0.0,-0.427798,5.0
65.0,-0.0,5.0
67.44627,0.2701532,5.0
67.44627,0.2701532,5.0
21.0,0.0,5.0
0.0,0.0,5.0
0.0,0.0,5.0
0.0,0.0,5.0
121.34249,-0.14888994,5.0
79.07591,-0.22964244,5.0
39.537956,-0.22964244,5.0
38.470768,-0.48689923,5.0
19.235384,-0.48689923,5.0
79.07591,-0.22964244,5.0
79.07591,-0.22964244,5.0
0.0,0.19078408,5.0
25.666666,-0.0,5.0
0.0,0.47501075,5.0
0.0,-0.5055811,5.0
39.537956,-0.22964244,5.0
27.5,-0.0,5.0
0.0,0.0,5.0
0.0,-0.0,5.0
0.37323943,0.0,5.0
0.0,0.0,5.0
0.0,-0.44247213,5.0
0.0,-0.44247213,5.0
0.0,1.0939916,5.0
0.0,-0.11710875,5.0
0.0,-0.11710875,5.0
0.0,-0.11710875,5.0
0.9239216,0.2701532,5.0
0.0,0.2701532,5.0
0.0,0.32855317,5.0
0.0,0.32855317,5.0
0.0,0.32855317,5.0
0.0,0.32855317,5.0
0.0,0.32855317,5.0
0.0,0.32855317,5.0
0.0,0.32855317,5.0
18.35756,0.5123895,5.0
16.5,0.0,5.0
0.0,0.043450896,5.0
16.0,-0.0,5.0
0.0,-0.0,5.0
0.0,-0.0,5.0
0.0,-0.0,5.0
0.0,-0.0,5.0
0.0,-0.0,5.0
32.5,-0.0,5.0
0.0,-0.0,5.0
0.0,-0.0,5.0
0.0,-0.0,5.0
33.723137,0.2701532,5.0
0.0,0.060782574,5.0
0.0,-0.5354195,5.0
16.5,-0.0,5.0
16.0,-0.0,5.0
16.0,0.0,5.0
0.0,0.0,5.0
16.0,-0.0,5.0
0.0,0.0,5.0
36.71512,0.5123895,5.0
0.0,0.5123895,5.0
0.0,0.5123895,5.0
0.0,0.5123895,5.0
11.0,0.0,5.0
152.06906,0.11864543,5.0
33.723137,0.2701532,5.0
0.0,0.2701532,5.0
0.0,0.2701532,5.0
0.0,-0.0,5.0
18.35756,0.5123895,5.0
0.0,0.5123895,5.0
0.0,0.5123895,5.0
0.0,0.5123895,5.0
0.0,0.5123895,5.0
0.0,-0.025598958,5.0
0.0,-0.025598958,5.0
32.5,-0.0,5.0
16.0,0.0,5.0
16.0,-0.0,5.0
0.0,-0.0,5.0
11.0,0.0,5.0
0.0,0.4837791,5.0
0.0,0.4837791,5.0
10.5,0.0,5.0
21.0,0.0,5.0
0.0,0.0,5.0
16.0,0.0,5.0
0.0,0.18164884,5.0
0.0,0.09596104,5.0
6.6,0.0,5.0
12.238373,0.5123895,5.0
16.5,0.0,5.0
16.5,-0.0,5.0
18.35756,0.5123895,5.0
32.5,0.0,5.0
77.0,-0.0,5.0
0.0,-0.0,5.0
9.0,-1.5707964,5.0
9.0,1.5707964,5.0
0.0,0.0,5.0
13.829317,-0.7086263,5.0
13.829317,-0.7086263,5.0
0.0,-0.7086263,5.0
0.0,-0.7086263,5.0
33.723137,0.2701532,5.0
0.0,0.2701532,5.0
59.682495,0.15137544,5.0
0.0,-0.90975314,5.0
79.07591,-0.22964244,5.0
21.5,0.0,5.0
13.829317,-0.7086263,5.0
0.0,-0.7086263,5.0
26.5,0.0,5.0
0.0,0.0,5.0
16.5,0.0,5.0
0.0,0.0,5.0
33.723137,0.2701532,5.0
9.0,1.5707964,5.0
0.0,1.5707964,5.0
0.0,0.0,5.0
77.12976,0.23554498,5.0
16.5,0.0,5.0
33.723137,0.2701532,5.0
33.723137,0.2701532,5.0
16.5,-0.0,5.0
0.0,-0.0,5.0
18.35756,0.5123895,5.0
13.829317,-0.7086263,5.0
0.0,-0.7086263,5.0
23.769728,0.38831872,5.0
23.769728,0.38831872,5.0
40.0,0.0,5.0
10.5,-0.0,5.0
10.5,0.0,5.0
9.17878,0.5123895,5.0
18.794947,-0.49934673,5.0
16.5,-0.0,5.0
0.0,-0.0,5.0
0.0,-0.0,5.0
16.0,-0.0,5.0
0.0,-0.0,5.0
0.0,-0.0,5.0
49.5,0.0,5.0
0.0,0.6857295,5.0
12.529964,-0.49934673,5.0
0.0,0.060782574,5.0
0.0,0.26371184,5.0
53.0,-0.0,5.0
0.0,-0.0,5.0
27.658634,-0.7086263,5.0
0.0,-0.7086263,5.0
57.870544,-0.31628612,5.0
11.0,0.0,5.0
0.0,-1.5707964,5.0
0.0,-0.0,5.0
11.0,-0.0,5.0
21.5,0.0,5.0
18.35756,0.5123895,5.0
16.5,0.0,5.0
13.829317,-0.7086263,5.0
0.0,0.9129077,5.0
9.0,-1.5707964,5.0
0.0,0.6055447,5.0
18.35756,0.5123895,5.0
13.829317,-0.7086263,5.0
0.0,0.0,5.0
0.0,0.0,5.0
0.0,0.0670748,5.0
25.666666,0.0,5.0
0.0,-0.4636476,5.0
32.5,0.0,5.0
0.0,0.0,5.0
9.0,1.5707964,5.0
0.0,1.5707964,5.0
33.723137,0.2701532,5.0
0.0,0.2701532,5.0
32.5,0.0,5.0
0.0,0.6857295,5.0
0.0,0.6857295,5.0
0.0,0.6857295,5.0
53.0,-0.0,5.0
0.0,-0.0,5.0
0.0,1.2298174,5.0
0.0,1.2298174,5.0
0.0,1.2298174,5.0
0.0,-0.13863973,5.0
55.97321,0.3274002,5.0
0.0,0.3274002,5.0
10.5,0.0,5.0
21.0,-0.0,5.0
87.86353,0.20632389,5.0
0.0,0.20632389,5.0
67.44627,0.2701532,5.0
0.0,0.2701532,5.0
0.0,0.2701532,5.0
0.0,-0.0,5.0
98.65597,0.18347995,5.0
33.723137,0.2701532,5.0
0.0,0.2701532,5.0
67.44627,0.2701532,5.0
13.829317,-0.7086263,5.0
0.0,-1.5707964,5.0
0.0,-0.0,5.0
0.0,0.07429279,5.0
60.671246,-0.14888994,5.0
21.666666,-0.0,5.0
32.5,0.0,5.0
28.666666,0.0,5.0
32.5,-0.0,5.0
16.5,0.0,5.0
17.666666,-0.0,5.0
0.0,-0.0,5.0
0.0,-0.0,5.0
23.769728,0.38831872,5.0
0.0,0.38831872,5.0
28.935272,-0.31628612,5.0
11.884864,0.38831872,5.0
43.0,0.0,5.0
43.0,-0.0,5.0
0.0,-0.0,5.0
28.666666,0.0,5.0
43.0,-0.0,5.0
14.21267,0.6857295,5.0
13.829317,-0.7086263,5.0
33.723137,0.2701532,5.0
0.0,0.2701532,5.0
0.0,0.18164884,5.0
0.0,0.39479113,5.0
0.0,0.39479113,5.0
0.0,-1.2442149,5.0
27.5,-0.0,5.0
21.5,0.0,5.0
0.0,0.0,5.0
16.0,0.0,5.0
0.0,0.0,5.0
16.5,0.0,5.0
33.723137,0.2701532,5.0
0.0,0.2701532,5.0
0.0,0.2701532,5.0
0.0,0.2701532,5.0
32.5,-0.0,5.0
0.0,-0.0,5.0
28.935272,-0.31628612,5.0
0.0,-0.31628612,5.0
0.0,-0.31628612,5.0
86.0,0.0,5.0
0.0,0.0,5.0
0.0,0.0,5.0
0.0,0.0,5.0
32.5,0.0,5.0
43.931767,0.20632389,5.0
0.0,-1.2442149,5.0
0.0,-0.19739556,5.0
0.0,-0.19739556,5.0
0.0,-0.19739556,5.0
13.829317,-0.7086263,5.0
0.0,-0.7086263,5.0
0.0,-0.7086263,5.0
18.794947,0.49934673,5.0
9.0,1.5707964,5.0
0.0,1.2298174,5.0
0.0,1.2298174,5.0
0.0,0.47501075,5.0
0.0,0.47501075,5.0
28.935272,-0.31628612,5.0
0.0,-0.31628612,5.0
32.5,0.0,5.0
0.0,0.0,5.0
33.723137,0.2701532,5.0
67.44627,0.2701532,5.0
0.0,-0.5354195,5.0
0.0,0.11133888,5.0
14.21267,0.6857295,5.0
21.5,-0.0,5.0
0.0,-0.0,5.0
32.5,0.0,5.0
11.0,-0.0,5.0
10.5,0.0,5.0
11.0,0.0,5.0
0.0,0.0,5.0
0.0,0.0,5.0
14.333333,-0.0,5.0
43.0,0.0,5.0
33.723137,0.2701532,5.0
54.74486,0.16514868,5.0
0.0,0.16514868,5.0
21.5,-0.0,5.0
10.5,0.0,5.0
0.0,0.0,5.0
65.62012,0.13758674,5.0
0.0,0.13758674,5.0
0.0,0.13758674,5.0
0.0,0.13758674,5.0
33.723137,0.2701532,5.0
0.0,0.2701532,5.0
33.723137,0.2701532,5.0
0.0,0.2701532,5.0
0.0,-0.0,5.0
0.0,-0.0,5.0
12.529964,-0.49934673,5.0
16.5,0.0,5.0
33.723137,0.2701532,5.0
32.5,-0.0,5.0
0.0,-0.0,5.0
0.0,-0.0,5.0
0.0,-0.0,5.0
16.0,-0.0,5.0
21.0,-0.0,5.0
10.5,0.0,5.0
0.0,0.0,5.0
0.0,0.0,5.0
0.0,0.060782574,5.0
0.0,0.060782574,5.0
0.0,0.060782574,5.0
0.0,0.6055447,2.0
0.0,0.6055447,2.0
0.0,0.6055447,2.0
0.0,0.6055447,2.0
0.0,0.6055447,2.0
10.5,-0.0,2.0
10.5,0.0,2.0
0.0,0.0,2.0
0.0,-0.28255495,2.0
60.0,-0.0,2.0
0.0,0.14301687,2.0
0.0,0.1746722,2.0
0.0,0.1746722,2.0
0.0,0.1746722,2.0
0.0,0.6857295,2.0
0.0,0.09445494,2.0
120.0,0.0,2.0
32.5,-0.0,2.0
65.0,0.0,2.0
0.0,-0.0,2.0
16.5,-0.0,2.0
0.0,-0.0,2.0
0.0,-0.0,2.0
32.333332,-0.0,2.0
16.5,-0.0,2.0
0.0,0.1746722,2.0
0.0,-0.0,2.0
10.5,-0.0,2.0
27.986605,0.3274002,2.0
0.0,0.3274002,2.0
0.0,0.3274002,2.0
49.327984,0.18347995,2.0
0.0,0.18347995,2.0
32.5,0.0,2.0
0.0,0.0,2.0
0.0,0.0,2.0
0.0,0.0,2.0
0.0,0.0,2.0
33.723137,0.2701532,2.0
0.0,-0.0,2.0
10.5,0.0,2.0
0.0,0.0,2.0
0.0,0.0,2.0
0.0,0.0,2.0
0.0,0.0,2.0
16.0,0.0,2.0
100.62306,0.1798535,2.0
0.0,0.1798535,2.0
0.0,0.1798535,2.0
0.0,0.1798535,2.0
43.931767,0.20632389,2.0
10.5,0.0,2.0
0.0,0.0,2.0
10.5,-0.0,2.0
10.5,0.0,2.0
0.0,0.0,2.0
0.0,0.0,2.0
0.0,0.0,2.0
0.0,0.2896331,2.0
0.0,0.2896331,2.0
59.682495,0.15137544,2.0
16.5,0.0,2.0
0.0,0.0,2.0
11.0,-0.0,2.0
0.0,-0.0,2.0
0.0,-0.0,2.0
0.0,0.0670748,2.0
0.053283766,0.0,2.0
0.0,0.0,2.0
0.0,0.0,2.0
0.0,0.0,2.0
0.0,0.0,2.0
0.0,0.0,2.0
0.0,0.0,2.0
0.0,0.0,2.0
33.723137,0.2701532,2.0
33.723137,0.2701532,2.0
0.0,0.2701532,2.0
0.0,0.2701532,2.0
0.0,-0.0,2.0
0.0,-0.0,2.0
0.0,-0.0,2.0
0.0,-0.0,2.0
0.0,-0.0,2.0
33.723137,0.2701532,2.0
0.0,0.2701532,2.0
32.5,0.0,2.0
0.0,0.0,2.0
0.0,0.0,2.0
0.0,0.0,2.0
0.0,0.0,2.0
43.0,-0.0,2.0
0.0,0.0,2.0
32.0,-0.0,2.0
0.0,-0.0,2.0
0.0,-0.0,2.0
18.35756,0.5123895,2.0
59.682495,0.15137544,2.0
0.0,0.47501075,2.0
0.0,0.47501075,2.0
0.0,0.47501075,2.0
0.0,0.47501075,2.0
0.0,0.47501075,2.0
0.0,0.49934673,2.0
33.0,-0.0,2.0
65.62012,0.13758674,2.0
0.0,0.13758674,2.0
0.0,-0.28255495,2.0
0.0,-0.28255495,2.0
0.0,0.6857295,2.0
16.5,0.0,2.0
0.0,0.0,2.0
0.0,0.0,2.0
0.0,-1.1071488,2.0
33.723137,0.2701532,2.0
0.0,0.2701532,2.0
0.0,0.13552772,2.0
0.0,0.13552772,2.0
0.0,0.13552772,2.0
0.0,0.13552772,2.0
4.58939,0.5123895,2.0
0.0,0.5123895,2.0
0.0,0.5123895,2.0
22.0,-0.0,2.0
38.5,-0.0,2.0
16.5,-0.0,2.0
0.0,-0.41822433,2.0
0.0,-0.41822433,2.0
0.0,-0.41822433,2.0
0.0,0.060782574,2.0
0.0,0.060782574,2.0
0.0,-0.0,2.0
10.5,-0.0,2.0
0.0,-0.0,2.0
0.0,-0.0,2.0
0.0,-0.0,2.0
0.0,-0.0,2.0
43.931767,0.20632389,2.0
32.5,-0.0,2.0
0.0,-0.0,2.0
21.5,0.0,2.0
21.5,-0.0,2.0
0.0,-0.49934673,2.0
21.965883,0.20632389,2.0
10.5,0.0,2.0
0.0,0.0,2.0
0.0,0.09454487,2.0
0.0,0.09454487,2.0
0.0,0.6857295,2.0
0.0,0.3042085,2.0
0.0,0.07295997,2.0
0.0,0.07295997,2.0
33.723137,0.2701532,2.0
0.0,0.2701532,2.0
0.0,0.2701532,2.0
0.0,-0.0,2.0
33.723137,0.2701532,2.0
0.0,0.2701532,2.0
0.0,0.08163634,2.0
33.723137,0.2701532,2.0
0.0,0.2701532,2.0
10.5,-0.0,2.0
0.0,-0.0,2.0
21.0,0.0,2.0
0.0,0.0,2.0
0.0,0.0,2.0
32.5,0.0,2.0
0.0,0.2715996,2.0
0.0,0.2715996,2.0
26.5,-0.0,2.0
0.0,-0.0,2.0
26.5,0.0,2.0
0.0,0.16925122,2.0
0.0,0.16925122,2.0
0.0,0.16925122,2.0
0.0,0.16925122,2.0
0.0,0.16925122,2.0
0.0,0.16925122,2.0
59.682495,0.15137544,2.0
0.0,0.15137544,2.0
0.0,0.3042085,2.0
11.0,-0.0,2.0
0.0,0.1746722,2.0
11.0,-0.0,2.0
0.0,-0.0,2.0
11.0,-0.0,2.0
11.0,0.0,2.0
0.0,0.0,2.0
0.0,0.15307869,2.0
0.0,0.15307869,2.0
0.0,-0.5562672,2.0
0.0,-1.5707964,2.0
26.5,-0.0,2.0
17.666666,0.0,2.0
0.0,0.0,2.0
0.0,0.0,2.0
18.35756,0.5123895,2.0
18.35756,0.5123895,2.0
49.327984,0.18347995,2.0
32.5,0.0,2.0
10.5,-0.0,2.0
10.5,0.0,2.0
0.0,0.0,2.0
0.0,0.0,2.0
13.0,0.0,2.0
32.5,-0.0,2.0
0.0,0.11133888,2.0
21.666666,-0.0,2.0
55.0,0.0,2.0
0.0,0.0,2.0
0.0,0.26371184,2.0
0.0,0.26371184,2.0
0.0,0.26371184,2.0
0.0,0.26371184,2.0
0.0,0.0,2.0
13.829317,-0.7086263,2.0
26.5,0.0,2.0
12.238373,0.5123895,2.0
0.0,0.5123895,2.0
0.0,0.5123895,2.0
0.0,-1.5707964,2.0
19.290182,-0.31628612,2.0
0.0,0.0,2.0
11.0,-0.0,2.0
48.5,0.0,2.0
37.5,-0.0,2.0
54.74486,0.16514868,2.0
0.0,0.16514868,2.0
33.723137,0.2701532,2.0
0.0,0.2701532,2.0
0.0,0.2701532,2.0
0.0,0.2701532,2.0
0.0,0.2701532,2.0
16.0,0.0,2.0
16.0,-0.0,2.0
33.723137,0.2701532,2.0
12.529964,0.49934673,2.0
0.0,0.49934673,2.0
9.397473,0.49934673,2.0
11.0,-0.0,3.0
5.5,0.0,3.0
11.0,-0.0,3.0
7.0,-0.0,3.0
21.0,0.0,3.0
7.3333335,0.0,3.0
21.5,-0.0,3.0
43.0,0.0,3.0
7.3333335,-0.0,3.0
0.0,-0.0,3.0
0.0,-0.0,3.0
32.5,0.0,3.0
32.5,-0.0,3.0
32.5,0.0,3.0
21.5,-0.0,3.0
0.0,-0.0,3.0
11.0,-0.0,3.0
0.0,-0.0,3.0
10.5,-0.0,3.0
10.5,0.0,3.0
0.0,0.0,3.0
0.0,-1.2442149,3.0
0.0,-1.2442149,3.0
0.0,-1.2442149,3.0
0.0,0.79663366,3.0
0.0,0.79663366,3.0
10.5,-0.0,3.0
0.0,-0.0,3.0
0.0,-1.1341692,3.0
0.0,0.47116625,3.0
0.0,0.9526521,3.0
49.327984,0.18347995,3.0
0.0,0.18347995,3.0
59.682495,0.15137544,3.0
0.0,0.15137544,3.0
43.0,0.0,3.0
0.0,0.0,3.0
0.0,0.0,3.0
0.0,0.0,3.0
0.0,0.0,3.0
0.0,0.0,3.0
0.0,0.0,3.0
36.71512,0.5123895,3.0
0.0,1.0943289,3.0
0.0,1.0943289,3.0
0.0,0.6857295,3.0
0.0,0.6857295,3.0
18.35756,0.5123895,3.0
33.723137,0.2701532,3.0
0.0,0.1746722,3.0
0.0,-0.19739556,3.0
21.0,-0.0,3.0
10.5,0.0,3.0
0.0,0.0,3.0
0.0,0.0,3.0
0.0,0.0,3.0
4.3217688,0.38831872,3.0
0.0,0.38831872,3.0
23.769728,0.38831872,3.0
0.0,0.38831872,3.0
0.0,0.38831872,3.0
0.0,0.0,3.0
10.5,0.0,3.0
0.0,0.0,3.0
0.0,0.79663366,3.0
0.0,0.79663366,3.0
0.0,0.79663366,3.0
32.5,0.0,3.0
0.0,0.0,3.0
0.0,0.0,3.0
32.5,-0.0,3.0
32.5,0.0,3.0
21.666666,-0.0,3.0
0.0,-0.59506965,3.0
23.769728,0.38831872,3.0
0.0,0.38831872,3.0
22.0,0.0,3.0
11.0,-0.0,3.0
11.0,0.0,3.0
14.21267,0.6857295,3.0
0.0,0.6857295,3.0
0.0,0.13352905,3.0
13.829317,-0.7086263,3.0
0.0,-0.7086263,3.0
0.0,-0.7086263,3.0
0.0,-0.7086263,3.0
18.35756,0.5123895,3.0
0.0,-0.5677603,3.0
0.0,-1.5707964,3.0
49.327984,0.18347995,3.0
0.0,0.18347995,3.0
0.0,0.47501075,3.0
0.0,0.47501075,3.0
0.0,0.47501075,3.0
0.0,0.47501075,3.0
57.870544,-0.31628612,3.0
11.0,0.0,3.0
22.0,-0.0,3.0
0.0,0.0,3.0
0.0,0.47501075,3.0
39.537956,-0.22964244,3.0
0.0,-0.22964244,3.0
19.235384,-0.48689923,3.0
19.235384,-0.48689923,3.0
0.0,-0.48689923,3.0
28.935272,-0.31628612,3.0
29.841248,0.15137544,3.0
18.35756,0.5123895,3.0
9.0,-1.5707964,3.0
33.723137,0.2701532,3.0
0.0,-0.41507474,3.0
0.0,0.04119805,3.0
0.0,-1.5707964,3.0
10.5,0.0,3.0
0.0,0.0,3.0
0.0,0.0,3.0
11.0,0.0,3.0
0.0,1.0691923,3.0
5.4545455,0.0,3.0
42.46469,-0.21356043,3.0
23.769728,0.38831872,3.0
0.0,0.38831872,3.0
23.769728,0.38831872,3.0
14.21267,0.6857295,3.0
26.5,0.0,3.0
37.589893,0.49934673,3.0
21.5,-0.0,3.0
0.0,-0.0,3.0
0.0,0.3643313,3.0
28.666666,0.0,3.0
43.0,-0.0,3.0
33.723137,0.2701532,3.0
0.0,0.2701532,3.0
0.0,0.2701532,3.0
0.0,0.2701532,3.0
13.829317,-0.7086263,3.0
0.0,1.1071488,3.0
0.0,0.07037965,3.0
0.0,0.0,3.0
0.0,0.3643313,3.0
43.0,0.0,3.0
43.0,-0.0,3.0
59.682495,0.15137544,3.0
0.0,0.15137544,3.0
39.537956,-0.22964244,3.0
0.0,-1.2442149,3.0
9.0,1.5707964,3.0
39.537956,-0.22964244,3.0
0.0,-0.22964244,3.0
21.5,0.0,3.0
18.794947,0.49934673,3.0
16.5,0.0,3.0
0.0,0.0,3.0
0.0,1.0943289,3.0
0.0,1.0943289,3.0
0.0,1.0943289,3.0
0.0,1.0943289,3.0
0.0,1.0943289,3.0
32.5,-0.0,3.0
0.0,0.47501075,3.0
9.0,-1.5707964,3.0
13.829317,-0.7086263,3.0
18.35756,0.5123895,3.0
0.0,0.5123895,3.0
11.0,0.0,3.0
67.44627,0.2701532,3.0
33.723137,0.2701532,3.0
33.723137,0.2701532,3.0
32.5,0.0,3.0
0.0,0.0,3.0
0.0,-0.59506965,3.0
7.5179787,-0.49934673,3.0
0.0,-0.0,3.0
18.794947,-0.49934673,3.0
0.0,-0.49934673,3.0
0.0,1.1254953,3.0
0.0,1.1254953,3.0
0.0,1.1254953,3.0
23.769728,0.38831872,3.0
0.0,0.38831872,3.0
0.0,0.38831872,3.0
0.0,0.38831872,3.0
0.0,0.38831872,3.0
7.0,-0.0,3.0
0.0,-0.0,3.0
0.0,-0.0,3.0
0.0,-0.19739556,3.0
10.5,-0.0,3.0
0.0,-0.0,3.0
18.35756,0.5123895,3.0
0.0,0.5123895,3.0
0.0,0.5123895,3.0
6.0,-1.5707964,3.0
37.589893,0.49934673,3.0
22.482092,0.2701532,3.0
0.0,0.2701532,3.0
0.0,-0.5003038,3.0
0.0,-0.51565117,3.0
0.0,1.1160771,3.0
0.0,1.1160771,3.0
14.21267,0.6857295,3.0
0.0,-0.59506965,3.0
0.0,-0.59506965,3.0
0.0,-0.59506965,3.0
0.0,-0.59506965,3.0
0.0,-0.59506965,3.0
0.0,-0.59506965,3.0
0.0,-0.59506965,3.0
0.0,-0.59506965,3.0
0.0,-0.59506965,3.0
0.0,-0.59506965,3.0
0.0,0.047499456,3.0
0.0,-0.0,3.0
0.0,-0.0,3.0
0.0,-0.0,3.0
0.0,-0.0,3.0
0.0,0.43436727,3.0
0.0,0.43436727,3.0
0.0,0.43436727,3.0
0.0,0.43436727,3.0
0.0,0.0,3.0
0.0,0.0,3.0
0.0,0.6246354,3.0
0.0,0.6246354,3.0
0.0,0.6246354,3.0
0.0,0.6246354,3.0
21.5,0.0,3.0
1.25,0.0,3.0
0.0,0.6779005,3.0
153.06207,0.117872104,3.0
26.5,-0.0,3.0
26.5,0.0,3.0
8.25,0.0,3.0
11.0,0.0,3.0
0.0,0.96441346,4.0
0.0,0.96441346,4.0
2.625,0.0,4.0
0.0,0.0,4.0
4.714286,0.0,4.0
0.0,0.0,4.0
0.0,0.26371184,4.0
6.625,-0.0,4.0
7.571429,0.0,4.0
0.0,0.027061062,4.0
2.75,0.0,4.0
0.0,0.0,4.0
5.133333,-0.0,4.0
0.0,-0.0,4.0
5.245017,0.5123895,4.0
0.0,0.79663366,4.0
0.0,0.79663366,4.0
0.0,0.79663366,4.0
0.0,-0.31490135,4.0
0.0,-0.31490135,4.0
0.0,0.69287956,4.0
0.0,0.69287956,4.0
3.9512334,-0.7086263,4.0
3.4573293,-0.7086263,4.0
0.0,0.25168997,1.0
0.0,0.25168997,1.0
0.0,-1.5707964,1.0
0.0,0.0,1.0
0.0,0.0,1.0
21.931713,-0.42285392,1.0
43.863426,-0.42285392,1.0
0.0,-0.47689188,1.0
0.0,-0.47689188,1.0
0.0,-0.47689188,1.0
0.0,0.41071695,1.0
0.0,0.6055447,1.0
0.0,0.6055447,1.0
67.44627,0.2701532,1.0
67.44627,0.2701532,1.0
86.0,0.0,1.0
86.0,-0.0,1.0
0.0,-0.0,1.0
0.0,-0.7968919,1.0
22.0,0.0,1.0
0.0,0.1746722,1.0
0.0,0.1746722,1.0
53.0,-0.0,1.0
0.0,0.05042451,1.0
7.6666665,-0.0,1.0
0.0,-0.0,1.0
0.0,-0.08352614,1.0
31.0,0.0,1.0
22.0,0.0,1.0
0.0,0.20632389,1.0
0.0,0.20632389,1.0
0.0,0.26371184,1.0
0.0,0.26371184,1.0
0.0,0.26371184,1.0
119.36499,0.15137544,1.0
39.78833,0.15137544,1.0
0.0,0.38307706,1.0
43.0,-0.0,1.0
0.0,-0.0,1.0
0.0,-0.0,1.0
0.0,-0.0,1.0
0.0,-0.0,1.0
0.0,-0.0,1.0
0.0,-0.0,1.0
0.0,-0.0,1.0
0.0,-0.0,1.0
0.0,-0.0,1.0
0.0,0.1746722,1.0
27.658634,-0.7086263,1.0
11.0,-0.0,1.0
0.0,0.112962425,1.0
0.0,-0.59506965,1.0
0.0,-0.59506965,1.0
21.5,0.0,1.0
28.42534,0.6857295,1.0
47.539455,0.38831872,1.0
0.0,-0.59506965,1.0
0.0,-0.59506965,1.0
26.5,0.0,1.0
0.0,0.2715996,1.0
0.0,0.112028964,1.0
0.0,0.112028964,1.0
0.0,0.26365465,1.0
0.0,0.26365465,1.0
0.0,0.26365465,1.0
0.0,0.13158815,1.0
18.248287,1.4056476,1.0
0.0,1.4056476,1.0
0.0,1.4056476,1.0
31.0,0.0,1.0
43.863426,-0.42285392,1.0
0.0,-0.42285392,1.0
0.0,0.27416745,1.0
0.0,-0.0,1.0
0.0,-0.0,1.0
0.0,-0.0,1.0
0.0,-0.0,1.0
67.44627,0.2701532,1.0
28.42534,0.6857295,1.0
14.21267,0.6857295,1.0
53.0,0.0,1.0
0.0,-1.1071488,1.0
0.0,-1.1071488,1.0
0.0,0.14492276,1.0
53.0,0.0,1.0
0.0,0.0,1.0
0.0,0.0,1.0
0.0,0.34555557,1.0
0.0,0.3643313,1.0
0.0,0.3643313,1.0
0.0,0.3643313,1.0
0.0,0.3643313,1.0
0.0,0.3643313,1.0
32.5,0.0,1.0
0.0,0.0,1.0
0.0,0.0,1.0
28.935272,-0.31628612,1.0
0.0,-0.31628612,1.0
0.0,-0.31628612,1.0
27.5,-0.0,1.0
27.5,0.0,1.0
50.68969,0.11864543,1.0
0.0,-0.0,1.0
55.97321,-0.3274002,1.0
0.0,-0.3274002,1.0
37.5,-0.0,1.0
14.21267,0.6857295,1.0
0.0,0.6857295,1.0
14.21267,0.6857295,1.0
0.0,0.6857295,1.0
0.0,0.025598958,1.0
60.0,0.0,1.0
0.0,0.0,1.0
65.0,0.0,1.0
0.0,-0.0,1.0
0.0,-0.0,1.0
0.0,-0.0,1.0
53.0,0.0,1.0
0.0,0.20356289,1.0
0.0,0.16925122,1.0
0.0,0.0,1.0
38.5,-0.0,1.0
77.0,0.0,1.0
0.0,0.0,1.0
0.0,0.0,1.0
0.0,0.0,1.0
0.0,0.0,1.0
0.0,0.0,1.0
0.0,0.0,1.0
0.0,0.0,1.0
0.0,0.0,1.0
77.12976,0.23554498,1.0
0.0,-0.35691193,1.0
119.36499,0.15137544,1.0
0.0,0.15137544,1.0
53.0,-0.0,1.0
26.5,0.0,1.0
17.666666,-0.0,1.0
0.0,-0.0,1.0
0.0,-0.0,1.0
0.0,0.12727045,1.0
0.0,0.26371184,1.0
0.0,0.26371184,1.0
0.0,0.25168997,1.0
0.0,-0.47501075,1.0
10.5,-0.0,1.0
33.723137,0.2701532,1.0
33.0,-0.0,1.0
0.0,0.112962425,1.0
22.0,-0.0,1.0
98.65597,-0.18347995,1.0
55.97321,-0.3274002,1.0
0.0,-0.5305579,1.0
0.0,-0.5305579,1.0
0.0,-0.5305579,1.0
0.0,-0.5305579,1.0
0.0,-0.5305579,1.0
33.723137,0.2701532,1.0
0.0,-0.24311037,1.0
39.537956,0.22964244,1.0
0.0,0.22964244,1.0
0.0,0.22964244,1.0
34.0,0.0,1.0
21.5,0.0,1.0
108.0,0.0,1.0
92.5,-0.0,1.0
43.931767,-0.20632389,1.0
0.0,-0.39479113,1.0
0.0,-0.39479113,1.0
0.0,-1.0691923,1.0
33.0,0.0,1.0
2.625,0.0,1.0
0.0,-0.15012248,1.0
0.0,0.96441346,1.0
0.0,0.057776242,1.0
0.0,0.057776242,1.0
0.0,0.051657878,1.0
0.0,0.053737942,1.0
0.0,-0.5305579,1.0
33.0,-0.0,1.0
0.0,-0.0,1.0
0.0,0.26371184,1.0
0.0,0.26371184,1.0
0.0,-0.0,1.0
37.589893,-0.49934673,1.0
16.5,0.0,1.0
0.0,-1.5707964,1.0
0.0,0.12727045,1.0
0.0,0.051657878,1.0
0.0,-0.49934673,1.0
8.25,-0.0,1.0
13.25,-0.0,1.0
17.666666,0.0,1.0
0.0,-0.0,1.0
9.397473,0.49934673,1.0
32.0,0.0,1.0
11.0,-0.0,1.0
4.5,-1.5707964,1.0
14.21267,-0.6857295,1.0
14.21267,-0.6857295,1.0
0.0,0.16925122,1.0
53.0,-0.0,1.0
0.0,0.26371184,1.0
18.794947,-0.49934673,1.0
0.0,-0.49934673,1.0
53.0,-0.0,1.0
0.0,-0.0,1.0
0.0,-0.0,1.0
8.833333,0.0,1.0
0.0,0.0,1.0
0.0,0.0,1.0
26.5,-0.0,1.0
0.0,-0.0,1.0
53.0,0.0,1.0
53.0,-0.0,1.0
26.5,0.0,1.0
0.0,-1.5707964,1.0
0.0,-1.5707964,1.0
0.0,-1.5707964,1.0
0.0,0.1746722,1.0
0.0,0.1746722,1.0
0.0,0.1746722,1.0
0.0,0.1746722,1.0
26.5,0.0,1.0
0.0,0.1746722,1.0
0.0,0.1746722,1.0
0.0,0.1746722,1.0
53.0,-0.0,1.0
0.0,-0.0,1.0
0.0,-0.0,1.0
0.0,-0.0,1.0
53.0,-0.0,1.0
0.0,-0.0,1.0
28.666666,-0.0,1.0
0.0,-0.0,1.0
119.36499,0.15137544,1.0
18.35756,0.5123895,1.0
43.0,-0.0,1.0
43.0,0.0,1.0
36.71512,0.5123895,1.0
59.682495,0.15137544,1.0
0.0,0.15137544,1.0
119.36499,0.15137544,1.0
0.0,-1.1071488,1.0
26.5,0.0,1.0
0.0,0.0,1.0
0.0,0.0,1.0
0.0,0.0,1.0
0.0,0.0,1.0
0.0,0.0,1.0
0.0,0.0,1.0
17.666666,-0.0,1.0
0.0,-0.0,1.0
0.0,-0.0,1.0
0.0,-0.0,1.0
26.5,0.0,1.0
0.0,0.0,1.0
0.0,0.1746722,1.0
0.0,0.1746722,1.0
22.482092,0.2701532,1.0
59.682495,0.15137544,1.0
0.0,0.26371184,1.0
26.5,-0.0,1.0
18.35756,0.5123895,1.0
36.71512,0.5123895,1.0
0.0,0.5123895,1.0
53.0,-0.0,1.0
23.872997,0.15137544,1.0
0.0,0.15137544,1.0
59.682495,0.15137544,1.0
0.0,0.15137544,1.0
0.0,0.15137544,1.0
16.5,0.0,1.0
18.0,-1.5707964,1.0
18.35756,0.5123895,5.0
18.35756,0.5123895,5.0
0.0,0.5123895,5.0
18.35756,0.5123895,5.0
18.35756,0.5123895,5.0
18.35756,0.5123895,5.0
43.0,-0.0,5.0
43.0,0.0,5.0
18.35756,0.5123895,5.0
16.5,0.0,5.0
0.0,0.0,5.0
33.723137,0.2701532,5.0
0.0,-0.49934673,5.0
16.0,-0.0,5.0
0.0,-0.0,5.0
0.0,-0.0,5.0
33.723137,0.2701532,5.0
0.0,-0.0,5.0
0.0,-0.845156,5.0
28.935272,-0.31628612,5.0
39.537956,-0.22964244,5.0
21.5,0.0,5.0
0.0,0.0,5.0
0.0,1.0943289,5.0
32.5,-0.0,5.0
28.935272,-0.31628612,5.0
10.666667,-0.0,5.0
33.723137,0.2701532,5.0
0.0,0.69079095,5.0
0.0,0.69079095,5.0
11.0,-0.0,5.0
18.35756,0.5123895,5.0
0.0,0.13552772,5.0
0.0,0.13552772,5.0
32.5,0.0,5.0
32.5,-0.0,5.0
0.0,-0.0,5.0
0.0,-0.19739556,5.0
32.5,0.0,5.0
16.5,-0.0,5.0
0.0,-0.0,5.0
6.1191864,0.5123895,5.0
0.0,0.5123895,5.0
60.671246,-0.14888994,5.0
33.723137,0.2701532,5.0
33.723137,0.2701532,5.0
16.0,0.0,5.0
0.0,-0.7320138,5.0
86.0,0.0,5.0
22.482092,0.2701532,5.0
33.0,-0.0,5.0
12.238373,0.5123895,5.0
33.723137,0.2701532,5.0
39.537956,0.22964244,5.0
0.0,0.22964244,5.0
9.0,1.5707964,5.0
26.5,0.0,5.0
0.0,0.0,5.0
0.0,0.3042085,5.0
28.42534,0.6857295,5.0
0.0,0.6857295,5.0
16.5,-0.0,5.0
32.5,0.0,5.0
75.5,-0.0,5.0
0.0,-0.0,5.0
0.0,0.4837791,5.0
0.0,-1.5707964,5.0
10.5,0.0,5.0
0.0,0.0,5.0
32.5,0.0,5.0
21.666666,0.0,5.0
9.0,1.5707964,5.0
0.0,1.5707964,5.0
9.0,-1.5707964,5.0
18.794947,-0.49934673,5.0
18.35756,0.5123895,5.0
67.44627,0.2701532,5.0
9.0,-1.5707964,5.0
0.0,-1.5707964,5.0
18.794947,0.49934673,5.0
0.0,-0.17809294,5.0
0.0,0.13552772,5.0
54.74486,0.16514868,5.0
10.5,-0.0,5.0
27.986605,0.3274002,5.0
0.0,0.3274002,5.0
0.0,0.3274002,5.0
0.0,0.3274002,5.0
0.0,-0.0,5.0
0.0,-0.0,5.0
13.829317,-0.7086263,5.0
26.5,0.0,5.0
0.0,0.0,5.0
4.714286,0.0,5.0
12.529964,0.49934673,5.0
0.0,0.49934673,5.0
0.0,0.16925122,5.0
0.0,0.16925122,5.0
9.0,-1.5707964,5.0
16.0,-0.0,5.0
0.0,-0.0,5.0
0.0,-0.0,5.0
0.0,-0.0,5.0
0.0,-0.0,5.0
67.44627,0.2701532,5.0
0.0,0.2701532,5.0
18.35756,0.5123895,5.0
18.35756,0.5123895,5.0
18.35756,0.5123895,5.0
0.0,-0.30207816,5.0
33.723137,0.2701532,5.0
18.35756,0.5123895,5.0
18.794947,0.49934673,5.0
0.0,0.49934673,5.0
16.5,-0.0,5.0
0.0,-0.0,5.0
0.0,-0.5354195,5.0
0.0,0.06557748,5.0
0.0,0.06557748,5.0
0.0,0.18164884,5.0
36.71512,0.5123895,5.0
36.71512,0.5123895,5.0
0.0,0.5123895,5.0
67.44627,0.2701532,5.0
0.0,0.2701532,5.0
65.62012,0.13758674,5.0
28.935272,-0.31628612,5.0
57.870544,-0.31628612,5.0
0.0,-0.31628612,5.0
0.0,0.0,5.0
0.0,0.0,5.0
0.0,0.0,5.0
28.42534,0.6857295,5.0
0.0,0.6857295,5.0
43.0,0.0,5.0
0.0,0.0,5.0
0.0,0.0,5.0
0.0,0.0,5.0
0.0,0.0,5.0
0.0,0.0,5.0
32.0,-0.0,5.0
67.44627,0.2701532,5.0
0.0,0.2701532,5.0
65.0,0.0,5.0
0.0,0.0,5.0
65.0,-0.0,5.0
36.71512,0.5123895,5.0
0.0,0.0,5.0
0.0,0.0,5.0
0.0,0.6055447,5.0
0.0,0.6055447,5.0
0.0,0.6055447,5.0
32.0,0.0,5.0
54.74486,0.16514868,5.0
43.0,0.0,5.0
0.0,0.0,5.0
0.0,0.0,5.0
0.0,0.0,5.0
0.0,0.0,5.0
0.0,0.0,5.0
36.71512,0.5123895,5.0
0.0,0.1746722,5.0
22.0,-0.0,5.0
0.0,-0.5354195,5.0
22.0,0.0,5.0
0.0,0.0,5.0
32.0,-0.0,5.0
18.35756,0.5123895,5.0
36.71512,0.5123895,5.0
0.0,0.5123895,5.0
0.0,0.5123895,5.0
0.0,0.5123895,5.0
0.0,0.5123895,5.0
12.238373,0.5123895,5.0
16.5,0.0,5.0
0.0,0.0,5.0
0.0,0.0,5.0
0.0,0.0,5.0
0.0,-0.49934673,5.0
0.0,-0.49934673,5.0
0.0,-0.49934673,5.0
0.0,-0.0,5.0
32.5,0.0,5.0
18.0,1.5707964,5.0
0.0,0.6857295,5.0
36.71512,0.5123895,5.0
0.0,0.18164884,5.0
9.0,-1.5707964,5.0
18.35756,0.5123895,5.0
43.0,-0.0,5.0
86.0,0.0,5.0
0.0,0.0,5.0
33.723137,0.2701532,5.0
0.0,0.2701532,5.0
0.0,-0.49934673,5.0
76.03453,0.11864543,5.0
43.0,0.0,5.0
0.0,0.0,5.0
0.0,0.0,5.0
0.0,0.0,5.0
43.0,0.0,5.0
0.0,0.0,5.0
32.5,-0.0,5.0
0.0,-0.0,5.0
0.0,-0.0,5.0
0.0,-0.0,5.0
0.0,-0.0,5.0
16.5,0.0,5.0
9.0,1.5707964,5.0
32.5,0.0,5.0
0.0,0.0,5.0
9.17878,0.5123895,5.0
0.0,0.5123895,5.0
16.5,0.0,5.0
0.0,0.0,5.0
9.0,-1.5707964,5.0
32.5,-0.0,5.0
0.0,-0.0,5.0
0.0,-1.2442149,5.0
13.829317,-0.7086263,5.0
0.0,-0.7086263,5.0
0.0,-0.7086263,5.0
0.0,-0.7086263,5.0
33.723137,0.2701532,5.0
0.0,0.2701532,5.0
0.0,0.2701532,5.0
0.0,0.2701532,5.0
32.5,0.0,5.0
0.0,0.0,5.0
0.0,-0.0,5.0
0.0,-0.0,5.0
32.5,-0.0,5.0
23.769728,0.38831872,5.0
0.0,0.38831872,5.0
9.475114,0.6857295,5.0
0.0,-0.96441346,5.0
11.0,-0.0,5.0
22.0,0.0,5.0
21.5,-0.0,5.0
0.0,1.2298174,5.0
0.0,1.2298174,5.0
10.5,-0.0,5.0
0.0,-0.0,5.0
86.0,0.0,5.0
0.0,0.0,5.0
0.0,0.0,5.0
10.5,-0.0,5.0
76.03453,0.11864543,5.0
10.666667,-0.0,5.0
33.723137,0.2701532,5.0
28.666666,-0.0,5.0
0.0,-0.0,5.0
0.0,-0.0,5.0
0.0,-0.0,5.0
16.5,0.0,5.0
33.723137,0.2701532,5.0
33.723137,0.2701532,5.0
0.0,0.3332443,5.0
0.0019662168,0.0,5.0
14.333333,-0.0,5.0
43.0,0.0,5.0
0.0,0.0,5.0
0.0,0.0,5.0
0.0,0.0,5.0
0.0,0.0,5.0
0.0,0.0,5.0
0.0,0.0,5.0
26.5,0.0,5.0
0.0,0.0,5.0
0.0,0.0,5.0
0.0,-0.0,5.0
22.482092,0.2701532,5.0
0.0,0.2701532,5.0
0.0,0.2701532,5.0
0.0,0.2701532,5.0
6.142857,-0.0,5.0
11.0,-0.0,5.0
0.0,-0.0,5.0
28.935272,-0.31628612,5.0
4.5,-1.5707964,5.0
8.0,-0.0,5.0
0.0,-0.0,5.0
0.0,-0.0,5.0
0.0,-0.0,5.0
0.0,-0.49934673,5.0
16.5,-0.0,5.0
11.0,-0.0,5.0
65.0,0.0,5.0
21.666666,-0.0,5.0
0.0,-0.0,5.0
12.238373,0.5123895,5.0
12.238373,0.5123895,5.0
0.0,0.5123895,5.0
5.245017,0.5123895,5.0
0.0,0.6857295,5.0
0.0,0.6857295,5.0
0.0,0.6857295,5.0
0.0,0.079113804,5.0
26.5,0.0,5.0
0.0,0.09858052,5.0
21.0,0.0,5.0
0.0,0.0,5.0
0.0,0.0,5.0
32.5,0.0,5.0
9.0,1.5707964,5.0
0.0,1.5707964,5.0
22.482092,0.2701532,5.0
33.723137,0.2701532,5.0
33.723137,0.2701532,5.0
0.0,0.2701532,5.0
0.0,-0.0,5.0
12.529964,-0.49934673,5.0
0.0,-0.49934673,5.0
0.0,-0.49934673,5.0
30.612415,0.117872104,5.0
0.0,0.117872104,5.0
0.0,0.0,5.0
0.0,0.0,5.0
0.0,0.0,5.0
33.723137,0.2701532,5.0
33.723137,0.2701532,5.0
21.666666,0.0,5.0
32.5,-0.0,5.0
0.0,-0.0,5.0
22.482092,0.2701532,5.0
67.44627,0.2701532,5.0
0.0,0.2701532,5.0
10.666667,0.0,5.0
26.5,-0.0,5.0
86.0,0.0,5.0
0.0,0.0,5.0
0.0,0.0,5.0
0.0,0.09454487,5.0
53.0,-0.0,5.0
0.0,-0.0,5.0
0.0,-0.0,5.0
10.75,0.0,5.0
0.0,0.0,5.0
28.666666,-0.0,5.0
0.0,-0.0,5.0
43.0,0.0,5.0
0.0,0.23255694,5.0
0.0,0.23255694,5.0
0.0,0.23255694,5.0
0.0,-0.49934673,5.0
16.5,-0.0,5.0
18.35756,0.5123895,5.0
18.35756,0.5123895,5.0
18.35756,0.5123895,5.0
0.0,0.053476945,5.0
0.0,0.053476945,5.0
0.0,0.053476945,5.0
0.0,0.053476945,5.0
76.0,0.0,5.0
0.0,0.0,5.0
59.682495,0.15137544,5.0
43.0,0.0,5.0
0.0,0.0,5.0
0.0,0.06180585,5.0
0.0,0.06180585,5.0
53.0,-0.0,5.0
0.0,0.21273178,5.0
16.5,-0.0,5.0
119.36499,0.15137544,5.0
33.723137,0.2701532,5.0
0.0,0.2701532,5.0
0.0,0.2701532,5.0
9.0,1.5707964,5.0
0.0,1.5707964,5.0
0.0,0.6055447,5.0
0.0,0.6055447,5.0
0.0,0.6055447,5.0
0.0,0.6055447,5.0
0.0,-0.0,5.0
16.5,-0.0,5.0
0.014692787,0.0,5.0
33.723137,0.2701532,5.0
0.0,0.2701532,5.0
67.44627,0.2701532,5.0
33.723137,0.2701532,5.0
0.0,0.2701532,5.0
21.666666,0.0,5.0
32.5,-0.0,5.0
0.0,-0.0,5.0
0.0,-0.0,5.0
0.0,-0.0,5.0
33.723137,0.2701532,5.0
0.0,0.2701532,5.0
0.0,0.2701532,5.0
10.666667,0.0,5.0
0.0,-0.49934673,5.0
0.0,-0.49934673,5.0
33.723137,0.2701532,5.0
0.0,-0.49934673,5.0
0.0,-0.49934673,5.0
0.0,-0.0,5.0
36.71512,0.5123895,5.0
59.682495,0.15137544,5.0
0.0,0.18164884,5.0
0.0,0.18164884,5.0
0.0,0.18164884,5.0
13.829317,-0.7086263,5.0
33.723137,0.2701532,2.0
33.723137,0.2701532,2.0
0.0,0.2701532,2.0
21.666666,-0.0,2.0
32.5,0.0,2.0
65.0,-0.0,2.0
23.769728,0.38831872,2.0
0.0,0.38831872,2.0
0.0,0.38831872,2.0
0.0,0.9129077,2.0
11.0,-0.0,2.0
13.829317,-0.7086263,2.0
16.0,0.0,2.0
16.0,-0.0,2.0
33.723137,0.2701532,2.0
0.0,0.09454487,2.0
0.0,0.09454487,2.0
0.0,0.09454487,2.0
0.0,0.047499456,2.0
0.0,0.047499456,2.0
0.0,0.047499456,2.0
0.0,0.047499456,2.0
0.0,0.047499456,2.0
0.0,0.13158815,2.0
0.0,-0.3647004,2.0
0.0,0.14727747,2.0
0.0,0.14727747,2.0
0.0,0.14727747,2.0
11.0,-0.0,2.0
26.5,-0.0,2.0
26.5,0.0,2.0
33.723137,0.2701532,2.0
0.0,0.2701532,2.0
0.0,0.2701532,2.0
0.0,0.2896331,2.0
17.0,0.0,2.0
21.5,0.0,2.0
0.0,0.0,2.0
0.0,0.26371184,2.0
33.0,0.0,2.0
0.0,0.0670748,2.0
33.723137,0.2701532,2.0
43.0,-0.0,2.0
43.0,0.0,2.0
33.723137,0.2701532,2.0
11.0,-0.0,2.0
0.0,-0.0,2.0
0.0,-0.0,2.0
33.723137,0.2701532,2.0
33.723137,0.2701532,2.0
23.307724,0.39644128,2.0
0.0,-0.0,2.0
0.0,-0.0,2.0
33.723137,0.2701532,2.0
0.0,0.2701532,2.0
0.0,0.2701532,2.0
0.0,-0.0,2.0
33.723137,0.2701532,2.0
0.0,0.2896331,2.0
0.0,0.0,2.0
7.3333335,-0.0,2.0
0.0,-0.0,2.0
0.0,-0.6570749,2.0
0.0,-1.5707964,2.0
0.0,-1.5707964,2.0
0.0,-0.5191461,2.0
0.0,0.14727747,2.0
0.0,-0.0,2.0
43.931767,0.20632389,2.0
33.723137,0.2701532,2.0
0.0,0.2701532,2.0
0.0,0.18534794,2.0
0.0,-0.0,2.0
11.0,0.0,2.0
0.0,-1.5707964,2.0
0.0,-1.5707964,2.0
16.5,-0.0,2.0
0.0,-0.0,2.0
27.986605,0.3274002,2.0
10.75,0.0,2.0
18.35756,0.5123895,2.0
18.35756,0.5123895,2.0
32.5,-0.0,2.0
27.986605,0.3274002,2.0
36.71512,0.5123895,2.0
12.238373,0.5123895,2.0
36.71512,0.5123895,2.0
0.0,0.5123895,2.0
32.5,-0.0,2.0
32.5,0.0,2.0
0.0,0.0,2.0
0.0,0.0,2.0
12.238373,0.5123895,2.0
0.0,0.5123895,2.0
0.0,0.5123895,2.0
18.35756,0.5123895,2.0
33.723137,0.2701532,2.0
0.0,0.2701532,2.0
6.6,-0.0,2.0
0.0,-0.0,2.0
18.35756,0.5123895,2.0
0.0,0.5123895,2.0
0.0,0.5123895,2.0
16.5,0.0,2.0
0.0,-0.49934673,2.0
0.0,0.21273178,2.0
0.0,0.21273178,2.0
0.0,-0.0,2.0
33.723137,0.2701532,2.0
0.0,0.2701532,2.0
0.0,-0.49934673,2.0
0.0,-0.49934673,2.0
22.482092,0.2701532,2.0
33.723137,0.2701532,2.0
0.0,0.2701532,2.0
0.0,-0.0,2.0
0.0,-0.0,2.0
0.0,-0.26625204,2.0
59.682495,0.15137544,2.0
0.0,0.061847627,2.0
0.0,0.07295997,2.0
0.0,0.07295997,2.0
0.0,-0.26625204,2.0
0.0,-0.0,2.0
0.0,-0.0,2.0
0.0,-0.0,2.0
0.0,-0.0,2.0
0.0,0.09454487,2.0
0.0,0.6055447,2.0
0.0,0.6055447,2.0
0.0,0.6055447,2.0
0.0,0.6055447,2.0
0.0,0.6055447,2.0
18.35756,0.5123895,2.0
18.35756,0.5123895,2.0
33.723137,0.2701532,2.0
0.0,0.09454487,2.0
32.0,-0.0,2.0
33.723137,0.2701532,2.0
16.5,-0.0,2.0
0.0,-0.0,2.0
18.35756,0.5123895,2.0
0.0,0.5123895,2.0
0.0,0.5123895,2.0
43.0,-0.0,2.0
16.0,0.0,2.0
0.0,0.1746722,2.0
0.0,0.35415816,2.0
26.5,0.0,2.0
26.5,-0.0,2.0
0.0,-0.0,2.0
0.0,0.13863973,2.0
0.0,-0.0,2.0
0.0,-0.0,2.0
16.0,-0.0,2.0
0.0,-0.0,2.0
0.0,-0.0,2.0
33.723137,0.2701532,2.0
0.0,0.2701532,2.0
0.0,0.49934673,2.0
32.5,-0.0,2.0
18.794947,0.49934673,2.0
16.0,-0.0,2.0
18.35756,0.5123895,2.0
37.589893,-0.49934673,2.0
32.5,-0.0,2.0
0.0,-0.0,2.0
0.0,-0.0,2.0
0.0,-0.0,2.0
18.35756,0.5123895,2.0
18.35756,0.5123895,2.0
10.5,-0.0,2.0
10.5,0.0,2.0
0.0,0.0,2.0
0.0,-0.0,2.0
16.5,-0.0,2.0
16.0,-0.0,2.0
0.0,-0.0,2.0
0.0,-0.0,2.0
33.723137,0.2701532,2.0
16.5,-0.0,2.0
0.0,-1.1071488,2.0
13.829317,-0.7086263,2.0
0.0,-0.6032299,2.0
0.0,0.9129077,2.0
0.0,0.9129077,2.0
0.0,0.9129077,2.0
0.0,0.94200003,2.0
12.238373,-0.5123895,2.0
26.5,-0.0,2.0
21.0,0.0,2.0
0.0,0.0,2.0
0.0,0.0,2.0
18.35756,0.5123895,2.0
16.5,0.0,2.0
16.5,-0.0,2.0
43.0,0.0,2.0
0.0,0.0,2.0
0.0,0.0,2.0
0.0,0.0,2.0
0.0,0.0,2.0
0.0,0.0,2.0
14.21267,0.6857295,2.0
0.0,0.6857295,2.0
14.21267,0.6857295,2.0
14.21267,0.6857295,2.0
11.0,-0.0,2.0
0.0,-0.0,2.0
21.5,-0.0,2.0
9.0,1.5707964,2.0
120.0,-0.0,2.0
16.5,0.0,2.0
37.589893,0.49934673,2.0
16.0,-0.0,2.0
0.0,-0.0,2.0
32.5,0.0,2.0
9.0,1.5707964,2.0
0.0,-0.0,2.0
0.0,-0.0,2.0
0.0,-0.0,2.0
0.0,0.20356289,2.0
59.682495,0.15137544,2.0
0.0,-0.0,2.0
0.0,-0.0,2.0
33.723137,0.2701532,2.0
16.0,0.0,2.0
33.0,0.0,2.0
18.35756,0.5123895,2.0
0.0,0.5123895,2.0
43.0,-0.0,2.0
43.0,0.0,2.0
43.0,-0.0,2.0
0.0,0.14492276,2.0
0.0,-0.6246354,2.0
0.0,-0.6246354,2.0
0.0,-0.6246354,2.0
33.723137,0.2701532,2.0
0.0,0.2701532,2.0
16.5,-0.0,2.0
36.71512,0.5123895,2.0
65.0,0.0,2.0
43.0,-0.0,2.0
76.03453,0.11864543,2.0
76.03453,0.11864543,2.0
16.861568,0.2701532,2.0
10.5,-0.0,2.0
43.931767,0.20632389,2.0
33.723137,0.2701532,2.0
0.0,-0.49934673,2.0
33.723137,0.2701532,2.0
33.723137,0.2701532,2.0
0.0,-0.0,2.0
33.723137,0.2701532,2.0
0.0,0.0670748,2.0
0.0,0.6857295,2.0
0.0,0.06490134,2.0
11.0,0.0,2.0
0.0,0.0,2.0
7.3333335,-0.0,2.0
11.0,0.0,2.0
11.0,-0.0,2.0
0.0,-0.0,2.0
0.0,0.18164884,2.0
0.0,0.18164884,2.0
0.0,0.18164884,2.0
0.0,0.6857295,2.0
0.0,0.6857295,2.0
0.0,0.6857295,2.0
16.5,0.0,2.0
0.0,0.1746722,2.0
0.0,0.1746722,2.0
0.0,0.1746722,2.0
16.5,-0.0,2.0
18.794947,0.49934673,2.0
0.0,0.49934673,2.0
37.589893,0.49934673,2.0
16.0,-0.0,2.0
23.769728,0.38831872,2.0
19.235384,-0.48689923,2.0
32.5,0.0,2.0
0.0,0.0,2.0
0.0,0.0,2.0
18.35756,0.5123895,2.0
18.35756,0.5123895,2.0
9.0,1.5707964,2.0
43.0,-0.0,3.0
0.0,0.13352905,3.0
0.0,0.13352905,3.0
13.829317,-0.7086263,3.0
0.0,-0.7086263,3.0
0.0,-0.7086263,3.0
0.0,-0.59506965,3.0
0.0,-1.5707964,3.0
5.531727,-0.7086263,3.0
26.5,0.0,3.0
59.682495,0.15137544,3.0
33.723137,0.2701532,3.0
0.0,0.2701532,3.0
22.482092,0.2701532,3.0
16.0,-0.0,3.0
43.931767,0.20632389,3.0
0.0,0.39369822,3.0
10.5,-0.0,3.0
0.0,-0.0,3.0
23.769728,0.38831872,3.0
43.0,-0.0,3.0
43.0,0.0,3.0
43.0,-0.0,3.0
76.03453,0.11864543,3.0
33.723137,0.2701532,3.0
0.0,0.16925122,3.0
0.0,0.16925122,3.0
0.0,0.6055447,3.0
0.0,0.6055447,3.0
0.0,0.6055447,3.0
0.0,0.6055447,3.0
0.0,0.6055447,3.0
5.25,0.0,3.0
6.1666665,-0.0,3.0
18.5,0.0,3.0
0.0,0.0,3.0
0.0,0.09354283,3.0
23.769728,0.38831872,3.0
13.829317,-0.7086263,3.0
9.219544,-0.7086263,3.0
17.2,-0.0,3.0
0.0,-0.0,3.0
0.0,-0.0,3.0
0.0,-0.0,3.0
76.03453,0.11864543,3.0
0.0,0.21273178,3.0
0.0,0.034690447,3.0
0.0,0.034690447,3.0
0.0,0.026581625,3.0
0.0,0.026581625,3.0
0.0,0.32855317,3.0
0.0,0.32855317,3.0
28.42534,0.6857295,3.0
22.0,-0.0,3.0
0.0,-0.0,3.0
0.0,-0.0,3.0
0.0,-0.0,3.0
22.0,0.0,3.0
22.0,-0.0,3.0
0.0,-0.0,3.0
0.0,-0.0,3.0
0.0,-0.0,3.0
10.5,-0.0,3.0
21.0,0.0,3.0
0.0,-0.2551824,3.0
10.5,0.0,3.0
0.0,0.0,3.0
0.0,-1.5707964,3.0
0.0,-1.5707964,3.0
0.0,-1.5707964,3.0
5.25,0.0,3.0
32.5,0.0,3.0
21.5,-0.0,3.0
7.3333335,-0.0,3.0
0.0,0.47116625,3.0
7.818182,-0.0,3.0
0.0,-0.0,3.0
33.723137,0.2701532,3.0
49.5,-0.0,3.0
39.537956,-0.22964244,3.0
0.0,-0.22964244,3.0
28.42534,0.6857295,3.0
14.21267,0.6857295,3.0
14.21267,0.6857295,3.0
0.0,0.13352905,3.0
0.0,0.13352905,3.0
0.0,0.13352905,3.0
50.31153,0.1798535,3.0
19.25,0.0,3.0
21.5,-0.0,3.0
10.5,0.0,3.0
0.0,0.0,3.0
57.870544,-0.31628612,3.0
0.0,-0.31628612,3.0
79.07591,-0.22964244,3.0
28.935272,-0.31628612,3.0
0.0,0.6246354,3.0
0.0,0.6246354,3.0
0.0,0.6246354,3.0
43.0,0.0,3.0
21.5,-0.0,3.0
21.5,-0.0,3.0
33.723137,0.2701532,3.0
9.0,-1.5707964,3.0
16.0,-0.0,3.0
0.0,-0.0,3.0
18.35756,0.5123895,3.0
0.0,0.5123895,3.0
0.0,0.5123895,3.0
6.0,1.5707964,3.0
0.0,-0.0,3.0
43.0,-0.0,3.0
54.0,0.0,3.0
54.0,-0.0,3.0
0.0,-0.0,3.0
0.0,0.69287956,3.0
33.723137,0.2701532,3.0
0.0,0.2701532,3.0
0.0,0.79663366,3.0
0.0,0.79663366,3.0
0.0,0.79663366,3.0
0.0,0.79663366,3.0
28.935272,-0.31628612,3.0
28.935272,-0.31628612,3.0
10.5,-0.0,3.0
0.0,-0.96441346,3.0
2.5144212,-0.7086263,3.0
43.931767,0.20632389,3.0
0.0,0.20632389,3.0
0.0,0.20632389,3.0
0.0,-1.5707964,3.0
0.0,-1.5707964,3.0
0.0,-1.5707964,3.0
6.9146585,-0.7086263,3.0
0.0,-0.7086263,3.0
43.0,0.0,3.0
0.0,0.0,3.0
18.35756,0.5123895,3.0
0.0,0.5123895,3.0
18.35756,0.5123895,3.0
36.71512,0.5123895,3.0
0.0,0.5123895,3.0
0.0,-0.51680696,3.0
0.0,-0.51680696,3.0
0.0,-0.26625204,3.0
0.0,-0.0,3.0
5.375,0.0,4.0
3.142857,-0.0,4.0
0.0,-0.0,4.0
7.233818,-0.31628612,4.0
8.2672205,-0.31628612,4.0
8.125,0.0,4.0
0.0,0.6857295,4.0
0.0,-0.24551457,4.0
