HT25TW5055273593c875a9898b00,1,2.9638751192290433,-4.077287100649732,3.6278769203962535,-2.0458621302093634,0.47699467966917813,0.1006025997075816,0.21789260378612946,-0.5983797692755856,0.47663008218206065,-0.14186171103556802
HT25TW5055273593c875a9898b00,2,2.6239346950806244,-3.9720742874151282,4.813867355492241,-4.490305235542178,3.349459517168846,-1.979444109137125,0.8877567406536221,-0.6509324355297953,0.35572558321458064,0.05425899555402301
HT25TW5055273593c875a9898b00,3,2.3153313089738856,-2.2860265226203507,1.3850459373860315,-0.41057594861079844,-0.21041249039654386,0.2798241432777171,-0.1786755952434321,0.11521867983286728,-0.10822269351667839,0.11369598555247265
HT25TW5055273593c875a9898b00,4,2.453383400055293,-2.7151072623633543,2.11815318593318,-1.3390403144295622,0.45233780481153407,0.29942602057369266,-0.5481266183635474,0.4028065972392119,-0.2048737452505178,0.07789927114393232
HT25TW5055273593c875a9898b00,5,2.9858428538836614,-4.15968545167689,3.712950626818295,-1.9871943538707573,0.21402391781072938,0.4154221127128872,0.027385912596436572,-0.6116784464574705,0.6306910645895432,-0.22645786303666848
HT25TW5055273593c875a9898b00,6,3.0038864658536526,-4.245924406900711,3.8855861883969736,-2.2850499613613575,0.6435586365288123,-0.04333165686479742,0.48504061369776313,-0.9644351648729558,0.7683187166434711,-0.24851947862675208
HT25TW5055273593c875a9898b00,7,3.0121717409500706,-4.196165342585141,3.691288463157119,-1.9975290979971247,0.378445952648872,0.20741235701993424,0.1264306295997773,-0.5584652699521806,0.5207667482676464,-0.1842466351846754
HT25TW5055273593c875a9898b00,8,2.6106756451779427,-3.0420061499814137,2.3459662936913857,-1.2359299220196236,0.3721180528851127,-0.11282353467138766,0.22379548359585047,-0.3075739452965127,0.20498386661360724,-0.05954955042584477
HT25TW5055273593c875a9898b00,9,3.0410812655383306,-4.323225942886713,4.003837746292001,-2.211251463482533,0.08609464391657909,0.9110404861623576,-0.6383449769542394,-0.0387148856658061,0.3224891825271514,-0.15276593664252783
HT25TW5055273593c875a9898b00,10,2.0261509384492435,-1.7260294286895752,0.9985347164387592,-0.47555319025586734,0.2244010515423031,-0.04218634930804485,0.01913404966042725,0.051276962270392794,-0.05061400082112339,-0.02566308053224086
HT25TW5055273593c875a9898b00,11,2.827819137864235,-3.624216829395694,2.921323467046819,-1.6578153890034073,0.7440731004338496,-0.260972500849692,0.049675221308426915,-0.006402760645866846,-0.007567119281252267,0.014598902579852344
HT25TW5055273593c875a9898b00,12,2.552393307589546,-2.8160666711227864,1.878943715376242,-0.6347106585811337,-0.13412677475358067,0.09545290658065432,0.32192307691440647,-0.6471002819059181,0.6024995277297637,-0.2200185520691222
HT25TW5055273593c875a9898b00,13,3.0162060703357314,-4.24650474917656,3.8476496802756746,-2.025294596478742,-0.037864447927861866,0.983355345663203,-0.6920789167811543,0.013726358674862441,0.26505782745284184,-0.12395903455432584
HT25TW5055273593c875a9898b00,14,2.3551032814540505,-2.4439673879736445,1.682912185829596,-0.8076976740409515,0.16742950977600304,0.17067412323432168,-0.2789201496167655,0.3138570842854895,-0.1637984327749656,0.0037915535075723453
HT25TW5055273593c875a9898b00,15,2.9406828457833085,-3.989795128458093,3.457384668869382,-1.8121412197234315,0.1893904887662998,0.4655855728493234,-0.2649122387722768,-0.12601405473222047,0.23292714118171423,-0.09303760586970221
HT25TW5055273593c875a9898b00,16,2.789673820343546,-3.7798654949358523,3.7125218467457937,-3.0881778727647005,2.356156483271614,-1.66465142819481,1.105270569209337,-0.6499274001029133,0.28620468170233965,-0.067854235281689
HT25TW5055273593c875a9898b00,17,2.9405215229787434,-3.963800775198032,3.320616995165399,-1.7520297842351205,0.4745395254515857,-0.1073920833296748,0.5014215136423912,-0.766595753639839,0.4730926253154058,-0.11924367435913628
HT25TW5055273593c875a9898b00,18,3.0283171479392594,-4.308351944759366,4.002951163894737,-2.24586254683583,0.10498851627675207,1.0858580405279543,-1.0724783648814227,0.5234968383537435,-0.1291625754142518,0.009897630663612845
HT25TW5055273593c875a9898b00,19,3.031451117458245,-4.357667448975909,4.083574705440974,-2.2664200257579683,0.08982299800368675,0.9721475894503627,-0.7403837193140327,0.08930475987344905,0.20411977802317646,-0.10482620965023165
HT25TW5055273593c875a9898b00,20,2.517067318285034,-2.784119227306895,2.096885658277525,-1.1878562480494077,0.5965073508986912,-0.5409842711098842,0.5594299763297722,-0.40176026255687464,0.18899426068760014,-0.04544093866113834
HT25TW5055273593c875a9898b00,21,2.9941379073024668,-4.149533512401754,3.644635687357791,-1.9066128263929016,0.1552772921021645,0.5484670563639265,-0.24578740214438088,-0.2666002529160965,0.3713488608745182,-0.14502027155358546
HT25TW5055273593c875a9898b00,22,2.975989780719155,-4.167564573600401,3.8101241406506885,-2.207150410488491,0.4277473584822949,0.4682149877949378,-0.3641559356176413,-0.01147052153890464,0.08660277394512254,-0.019168681130618332
HT25TW5055273593c875a9898b00,23,3.1622902599920995,-4.819575274013433,4.8646343011924875,-3.378274858716182,1.2907678621685341,0.23910343574262982,-0.6118513719336197,0.455224716546473,-0.369516149371487,0.17036066089964513
HT25TW5055273593c875a9898b00,24,3.0142154057245683,-4.254359940815552,3.8785439286860197,-2.1554454577644044,0.14481047548817674,1.0533970358757245,-1.2027306610870563,0.795504755845631,-0.3687641669109007,0.09442128950516532
HT25TW5055273593c875a9898b00,25,3.0072126479204058,-6.52141524651595,11.199430972174165,-15.122525589395089,14.455004041796775,-7.617418906519232,3.5883809212322526,-0.6693896228035084,-3.353846408123808,2.0384969240112008
HT25TW5055273593c875a9898b00,26,2.177421579347192,-2.1649351500339655,1.2421288554366452,0.2588958999212315,-1.0860603247754448,0.9232970886367364,-0.45406154012755917,-0.0382964101413215,0.13252429066442292,-0.005548849411427232
HT25TW5055273593c875a9898b00,27,0.41874184419240185,2.109821214632862,-0.09542100798469617,0.06012083406327523,-0.9070339202880859,-0.39055538177490234,0.6935710906982422,1.7730865478515625,-0.7528533935546875,-2.9952850341796875
HT25TW5055273593c875a9898b00,28,3.0464178294848687,-4.3625446912427295,4.060019529232699,-2.3534057590815842,0.3492556896028652,0.7067377063708538,-0.5497995002946003,0.015659837534543038,0.15057689807900312,-0.0632453748975877
HT25TW5055273593c875a9898b00,29,3.075985393087468,-4.282468927891451,3.772873729077083,-2.0662879552028413,0.2836854105362006,0.5045912370377033,-0.3073437785384769,-0.10535623010591627,0.18335036034964272,-0.058315871517259164
HT25TW5055273593c875a9898b00,30,2.611969823551271,-3.485872766696746,3.0897410637384217,-1.588347710482433,-0.1326938258990057,1.136596113678405,-1.0894207596652121,0.5827773468262646,-0.17483874345244207,0.04030370621769981
HT25TW5055273593c875a9898b00,31,3.102221458574369,-4.579310876616997,4.377914647596693,-2.6848773113528153,0.6848229692085716,0.27182403842117114,-0.038791773750441655,-0.48397050988072793,0.5246359262000764,-0.1708450474497675
HT25TW5055273593c875a9898b00,32,3.0533722008239668,-4.396408610093245,4.09285022143221,-2.409376883227112,0.5261639103887302,0.3572288966503991,-0.08971673039992555,-0.41644263933716996,0.4246477548577504,-0.14319680872107501
HT25TW5055273593c875a9898b00,33,2.980745854896261,-4.0892016741466275,3.518266912697624,-2.0233745303959974,0.8067330447539692,-0.3690232875803052,0.48840204130489034,-0.6014205828152491,0.4151529698718571,-0.12599621818790477
HT25TW5055273593c875a9898b00,34,1.4302031117691802,0.5240869034886445,-2.771293381722999,4.208006077829074,-17.646325894347356,36.61799830675125,-51.005264944927625,49.32739492380428,-34.5439283882779,14.703687893075774
HT25TW5055273593c875a9898b00,35,3.1228445693524303,-4.566715741888807,4.309220868422401,-2.555353844057484,0.4189284920117095,0.9238435165499,-1.3042291099318821,1.0172348988422197,-0.48258200729054807,0.11720469905666334
HT25TW5055273593c875a9898b00,36,2.9299306857935177,-3.9821991504357896,3.5421027272690364,-2.090415615555344,0.5807904079911245,0.21150805495878408,-0.28383789860108066,0.14862832937484655,-0.10346783433754714,0.04687754818805474
HT25TW5055273593c875a9898b00,37,3.020932391326944,-4.278141502092153,3.936506170709682,-2.179000929863466,0.14678441538024586,0.8389103958440706,-0.6804336324742971,0.12660424539502413,0.15284678572926957,-0.08469912756900265
HT25TW5055273593c875a9898b00,38,2.0677549611182973,-1.5575704310840213,0.6046177715131671,-0.011924663462881313,-0.0664026977623321,-0.19468412747253758,0.2366057180335272,-0.08816822743357579,-0.030163796291534428,0.03950273886774267
ZX1B23QBS53771758c578bbd85,1,2.523709647050961,-2.778295155906101,1.8934473589423044,-0.6297418100646361,-0.29810388519126013,0.5486132787046939,-0.33887528385832927,0.11207688952835963,-0.04946656160720707,0.016433484428386807
ZX1B23QBS53771758c578bbd85,2,2.0980737762608963,-1.8007752349948307,1.0528228752246542,-0.4861149341400349,0.24473335917217623,-0.27955351178282056,0.42421795552088315,-0.45363291030073555,0.2510756885201444,-0.05187600952610174
ZX1B23QBS53771758c578bbd85,3,3.029645305898542,-4.264704759706439,3.816503490635388,-2.1390436165336966,0.47067680978678406,0.1869134971603583,0.14511420209463954,-0.5916088173102038,0.5250284293180237,-0.17855483029994665
ZX1B23QBS53771758c578bbd85,4,2.8821321743298336,-3.828452620640157,3.3641310722259963,-2.0916204306733786,0.9297971746059844,-0.5724582200734539,0.9330475479149081,-1.099792759787772,0.6582743852050267,-0.1752653922322076
ZX1B23QBS53771758c578bbd85,5,2.8192442170570935,-3.630577353591747,3.057675995126513,-1.4585644031021336,-0.23983305322837373,0.9446798829054213,-0.6567196865276986,0.15123564391533623,0.026882546866502977,-0.013913256475891006
ZX1B23QBS53771758c578bbd85,6,2.981067147406272,-4.093145053038814,3.525233490129443,-1.8300903511316626,0.2872222999593323,0.18474372452608265,0.1970917298132952,-0.6298562331558727,0.5854547438012577,-0.20804745046645012
ZX1B23QBS53771758c578bbd85,7,2.9774924603382553,-4.112191920005563,3.6200464899452136,-1.9689084282402365,0.30638926103779773,0.46226254028256764,-0.38338265941013405,0.035537686075943056,0.11679369508818677,-0.05380343332047126
ZX1B23QBS53771758c578bbd85,8,1.760696860955084,-3.1003220894321313,4.847627751719565,-3.555778896954165,2.0200930015387795,-1.619162710766509,0.992724162937812,-0.38135905252505375,-0.17496219680896696,0.20191289938508025
ZX1B23QBS53771758c578bbd85,9,3.093292333207717,-4.465573996004423,4.2100320973294245,-2.470517140997503,0.31517044688046697,0.9292715588404956,-1.1807886996135215,0.8040524215929102,-0.2568079344825819,0.02197374837230514
ZX1B23QBS53771758c578bbd85,10,2.7242140430976565,-3.5692016392406947,3.017384511192548,-1.6179530854554116,0.4763463953324149,-0.30934100856144553,0.8454831957268483,-1.1194699781729451,0.7297144926805674,-0.1912372820175407
ZX1B23QBS53771758c578bbd85,11,3.3579488477204817,-5.2353876868883145,5.172891236876189,-3.3558666462391167,1.109228808982537,0.20733280174484334,-0.34764185688943006,-0.017258516922813435,0.20765855847802875,-0.09892320360567294
ZX1B23QBS53771758c578bbd85,12,3.0003537460381584,-4.183084640384218,3.7337995456301116,-1.9813561529181862,0.0708069092641042,0.8728209443690683,-0.7853048486562302,0.3048703200316263,-0.001798078635004358,-0.031183046452451256
ZX1B23QBS53771758c578bbd85,13,2.988090697711521,-4.150899566662279,3.7073821043245383,-2.0166361644757194,0.2144442707609009,0.6369614669679211,-0.5330556713413691,0.11256276417183221,0.09300559504106569,-0.051919270014210754
ZX1B23QBS53771758c578bbd85,14,2.9727021013947965,-4.1080567091487294,3.6626134895001727,-1.8905493298823906,-0.05438065649406139,0.8919308099835128,-0.609739028105811,0.004113566309010963,0.25144236838582795,-0.12031018520191235
ZX1B23QBS53771758c578bbd85,15,2.9020337873924746,-3.8683762482291812,3.2654655829664314,-1.6638893647532618,0.16599711531364825,0.3439116262543962,0.09625135427192151,-0.5470961091660089,0.42997042453431944,-0.12410301965102292
ZX1B23QBS53771758c578bbd85,16,0.5954801953647247,0.3950011584507478,-0.52371768033581,0.4765889119227284,0.14347691525105088,-0.3236325459919015,-0.39445122393531634,1.1811226098866612,-1.407229842009794,0.6991701126098633
ZX1B23QBS53771758c578bbd85,17,2.96141798031497,-4.123610157468186,3.8683333676061826,-2.028333587916147,-0.43804284591877096,1.773702012420586,-1.7939998134705912,1.0654530525970638,-0.2993557787911581,0.0144424063297354
ZX1B23QBS53771758c578bbd85,18,3.031982450583438,-4.291341226797786,3.9014411692261075,-2.193677914034752,0.33305756054034535,0.5556907097815992,-0.36610236485273423,-0.11342397459014257,0.23327756577112646,-0.09112968892000835
ZX1B23QBS53771758c578bbd85,19,2.8153752117131203,-3.698185221361502,3.370620655989523,-1.9904694603270727,0.3304126920339927,0.44688946459421325,-0.3440508104219963,0.026409245896735916,0.07375630183829944,-0.03083624797118195
ZX1B23QBS53771758c578bbd85,20,3.1001170862666987,-4.475341814756627,3.925699851260416,-1.943683900085129,0.16331413133799436,0.3029533383310995,0.28881204051943266,-0.8010746339786952,0.6688086848124876,-0.22974458735245426
ZX1B23QBS53771758c578bbd85,21,3.076456802984225,-4.4556464591452425,4.215058730935247,-2.5513567964884976,0.49736543500797337,0.7434002058479027,-0.7340959697402097,0.26570225512135,-0.09716095844004373,0.040618273712596395
ZX1B23QBS53771758c578bbd85,22,2.9367715539637986,-4.017091691589002,3.604854744998607,-1.8544419318992051,-0.17710147947146312,1.167992513072967,-1.0903593457308258,0.5123867412071973,-0.03445399497951898,-0.048715183383499366
ZX1B23QBS53771758c578bbd85,23,2.9877017997440807,-4.168840869056059,3.814352454620543,-2.0285083775282144,0.008046202353013603,0.697736883564743,-0.1398273500027614,-0.6335227623586586,0.7592884057810253,-0.29603891480240474
TA92903URNf067ff16fcf8e045,1,3.0195154090693848,-4.35719201215889,4.344741815140519,-2.9432696736173094,0.9911957656775234,0.17119217454794564,-0.32466461464848073,0.0420326524044259,0.12042114780115712,-0.06372746979668434
TA92903URNf067ff16fcf8e045,2,2.1256120425775444,-1.810088940841198,0.9018391878239547,-0.005756590610579223,-0.5226256278783786,0.4459432126456164,-0.07169233180156219,-0.1914331102010445,0.14784666682772063,-0.020385804535556138
TA92903URNf067ff16fcf8e045,3,2.781531055186048,-3.453301366170108,2.5956491252842615,-1.0803443132139896,0.05401342590887997,-0.0226128343659124,0.54184128795013,-0.866906693902884,0.6690549151121876,-0.2182154703187696
TA92903URNf067ff16fcf8e045,4,1.7220273366525736,-0.9517881976961213,0.398493718759324,-0.13448718072951402,0.0020290197101903926,-0.27688200281369585,0.10464468421881348,0.19609739291160846,-0.009751266970211909,-0.052383249088800043
TA92903URNf067ff16fcf8e045,5,2.9665082170895642,-4.067592709319827,3.531566198609404,-1.8446035966532655,0.17918424169157865,0.561172250667987,-0.4816543363925083,0.13204619395574393,0.06403991187577224,-0.04056530188001933
TA92903URNf067ff16fcf8e045,6,3.0634351535334003,-4.374117420559644,3.9413000779785223,-2.3639471708300848,1.0163223742286611,-0.759170210094963,1.4375522825385798,-1.8663085739473917,1.323277252391944,-0.4187227284618237
TA92903URNf067ff16fcf8e045,7,2.400329444143518,-2.6038462478459317,2.227475393217816,-1.6882788114841936,1.0796240537750617,-0.7522814433710016,0.6466165142743219,-0.43543630216428886,0.17552330720781276,-0.04930927048189962
TA92903URNf067ff16fcf8e045,8,2.5067198763606546,-3.079206539038109,3.176723524760788,-2.8639119748084383,2.1982881275032797,-1.7188199450300718,1.3251372613475159,-0.8313722793498256,0.44830487162058535,-0.16293446043673454
TA92903URNf067ff16fcf8e045,9,2.9933940139448696,-4.1721927740827995,3.7616994004328204,-2.0156235602931485,0.07545087829564451,0.8107048852456943,-0.6347402693889577,0.09677998269172222,0.18440432094986653,-0.09985480399925936
TA92903URNf067ff16fcf8e045,10,3.4753806620992025,-5.057740026610515,3.106185872915699,-0.7074994547116402,-0.8869070629879751,2.5235546341811403,-2.0890559922741274,1.2707998555378406,-1.0515444589831653,0.3934813101635135
TA92903URNf067ff16fcf8e045,11,3.036099720038225,-4.267404301215727,3.7940407450261144,-2.6240470160061053,1.7026960983584365,-0.8168121681146582,-0.025834340737708964,0.7529619732579937,-0.9814982966813717,0.43329456241313513
TA92903URNf067ff16fcf8e045,13,3.0391478400545053,-4.3978650323416435,4.283459650164613,-2.8243232627543873,0.8477032872628032,0.4673771126404831,-0.5697422195814772,0.24078351967336278,-0.17856714646280278,0.09273495595798044
TA92903URNf067ff16fcf8e045,14,2.51392617465999,-2.8262050263291543,2.175826295977163,-1.259214305296102,0.5214677574287505,-0.12460932634506569,-0.021330605024270748,0.06280194248616716,-0.06385847251693268,0.020820238672262105
TA92903URNf067ff16fcf8e045,15,2.9806913121546033,-4.114020037324889,3.6053329681996646,-1.914381433049417,0.24021042924565458,0.4423835615810534,-0.22911482160232507,-0.19142687464339406,0.2979385145067113,-0.11700289278941245
TA92903URNf067ff16fcf8e045,16,2.5729708716633795,-2.977191420383439,2.3233097688918174,-1.161194767190218,0.11153687694830035,0.2932714423186939,-0.2405860599008429,0.042863634791919764,0.052875276504008646,-0.018229322687761642
TA92903URNf067ff16fcf8e045,17,2.0000079310844514,-1.6467193055382234,1.3502440219421752,-1.3284673767380695,0.990363227265651,-0.7336434334784925,0.6039565480529533,-0.4141411773321426,0.20433981015509492,-0.02149115122244111
TA92903URNf067ff16fcf8e045,18,1.9166777121383574,-1.3698605649327968,1.059534136084285,-0.5153250356643412,-0.22690651257058328,-0.005423829420134762,0.1721286236635601,-0.0967344082910294,0.10544366202073312,-0.041566907447316635
TA92903URNf067ff16fcf8e045,19,2.99230302712617,-4.186062160685202,3.8441765187040393,-2.055307443101311,-0.09530056098189917,1.15258038718224,-1.015172967455581,0.4102889951487585,0.0015633585846619306,-0.049088858581000816
TA92903URNf067ff16fcf8e045,20,2.927863865168094,-4.0921518365730485,3.834736898101993,-2.109931706637229,-0.118297450121909,1.604037441045927,-1.9818699298915718,1.518608913514715,-0.8472902369959836,0.2634687205398453
TA92903URNf067ff16fcf8e045,21,3.007392505250896,-4.251463118945631,3.9166477989040187,-2.200888256448646,0.0899772003294018,1.271675131840152,-1.5357073216741062,1.1247190081645995,-0.5989250784928905,0.17942917763452634
TA92903URNf067ff16fcf8e045,22,2.5147660801797627,-2.7201710997651007,1.75375863299354,-0.6125235583185228,-0.03620597113965858,0.1905949755452337,-0.14886511680574388,0.09303717197385578,-0.06472074158636935,0.02995721077125139
TA92903URNf067ff16fcf8e045,23,2.6907977452089384,-3.2941292250550545,2.591252203989679,-1.1774035445222257,-9.597423856042718E-4,0.1909656761664075,0.36090988157324005,-0.789477323302645,0.6146191323323908,-0.18426685358626477
TA92903URNf067ff16fcf8e045,24,2.9418796334533663,-3.9853556565581933,3.398561174200783,-1.816162723960089,0.5003835914822891,-0.23880016252679143,0.7189027186535554,-1.1026133824633144,0.8870196467955788,-0.3043020423715238
TA92903URNf067ff16fcf8e045,25,2.7978621868093696,-3.531498800941252,2.8325156990543587,-1.173314200855078,-0.3760767883269234,0.7936853730584966,-0.38400811914098515,-0.11750386593067906,0.26705074000962914,-0.1083857301603995
TA92903URNf067ff16fcf8e045,26,2.6361468222896907,-3.2568647321737694,2.8259084082372925,-1.7610292638060263,0.6565425718319179,0.01759059802962893,-0.2643751870913068,0.26651941746304353,-0.17207483390088157,0.050792029351591196
TA92903URNf067ff16fcf8e045,27,2.9612264953767897,-4.041815784397887,3.5003493528055754,-1.6869559346170353,-0.11822553031518715,0.6583829086613097,-0.11566453105460321,-0.5491753181658301,0.6355349929508102,-0.2432839277965892
TA92903URNf067ff16fcf8e045,28,2.0332340479606192,-1.8062619717904156,1.1181084232394285,-0.38063567311118274,-0.10303080920224612,0.23638167076694405,-0.21498195027877595,0.14624707563211822,-0.055826743502679514,0.025020648563362335
TA92903URNf067ff16fcf8e045,29,2.89686526883563,-3.9459948196858363,3.6781994108599694,-2.1690186780145795,0.21239813098454624,0.9226215935363413,-1.0410313558638455,0.6516856816959169,-0.27099739236781084,0.06570809906138368
TA92903URNf067ff16fcf8e045,30,2.682100702770372,-3.2288508613934837,2.5177399105677507,-1.3750116840309696,0.47750462012053807,-0.13853116342016067,0.2683760637780878,-0.4146366061751779,0.28672712598880984,-0.07605336674713337
TA92903URNf067ff16fcf8e045,31,2.700220649501477,-3.173476113312553,2.172142184065952,-0.5723495737990832,-0.5140555152325265,0.5160392567403131,0.10449451278562336,-0.500139042316788,0.38571300410056436,-0.11842181980942251
TA92903URNf067ff16fcf8e045,32,2.97172478978935,-4.11214597713733,3.647292498376195,-1.9255367596478867,0.058783620432127315,0.9061810288818093,-0.9312114549768242,0.52844303734609,-0.1786120274822704,0.03418817832611401
TA92903URNf067ff16fcf8e045,33,3.1481980159476364,-4.672066874717718,4.571610641570479,-2.764572120802272,0.34128323593718685,1.0290404718081234,-1.0824138007725614,0.4601547609817381,0.06239984140496612,-0.09283124829069779
TA92903URNf067ff16fcf8e045,34,2.769846577563853,-3.464813222012643,2.730345877733294,-1.3105982612252725,0.20441714105605133,0.02340130956633217,0.39140598913821345,-0.7035507772617845,0.5276698965383521,-0.16887672338502047
TA92903URNf067ff16fcf8e045,35,3.011048327218031,-4.149668132798636,3.5247383267989107,-1.8457418602876798,0.44603189789890807,-0.03840570404725287,0.2952884381328964,-0.5727800765980163,0.5147014768423399,-0.18487737944481955
YT910K6675876ded0861342065,1,2.998210051498982,-4.312527879767673,4.140479197475002,-2.469028705783105,0.25729536809601156,1.173932474688368,-1.439457432243217,0.9719900819949938,-0.4491153783851662,0.1305912006547271
YT910K6675876ded0861342065,2,1.9631042370818719,-2.0876848260705865,1.4217662979430294,-0.5711069647371988,-0.12116599054132254,0.5913205514355436,-0.7074503157911406,0.590942755103561,-0.2859807205040611,0.14212266462932857
YT910K6675876ded0861342065,3,2.9530778657900965,-4.033582181719588,3.43417675460586,-1.7396191237552485,0.1274732704419791,0.6656779542381718,-0.6795480416056651,0.35856005075029285,-0.09726038960120548,0.010909186966024012
YT910K6675876ded0861342065,4,2.430598007671455,-2.54379309581347,1.6412615154227421,-0.4822639174823056,-0.3218985250073195,0.46387283220838565,-0.23279105586513868,-0.006786852566859158,0.10831032504094469,-0.058357392733423184
YT910K6675876ded0861342065,5,3.116612836906277,-4.585247213014305,4.27035404437418,-2.3374515114802072,0.184566070832348,0.5479283882735262,0.5535301813694607,-1.7666811697194793,1.5108902611803974,-0.49199619317051163
YT910K6675876ded0861342065,7,2.8656389370370556,-3.7450495159030828,3.026828980886904,-1.4489533664300385,0.1383393913634692,0.40839883313050945,-0.5219395746781839,0.3962123297908226,-0.15507863634873348,0.0368563522493235
YT910K6675876ded0861342065,8,0.6904684562112221,0.39716989714131923,-0.4822544962954871,0.3299748119216862,-1.503887526602537,0.6977656789604371,0.9995799771061653,-0.29559541631628006,0.9064036828500254,-0.8916247332537619
YT910K6675876ded0861342065,9,2.4581936108712816,-2.6947245635541726,2.000152467617798,-0.9761545872964434,0.10206038539138165,0.30981328730688174,-0.35662276335589477,0.22730682535919366,-0.08966374565582168,0.01852322200971441
YT910K6675876ded0861342065,10,2.4655857396970036,-2.729427625783627,2.0613907093942254,-1.416908475698185,0.9927778192368114,-0.4869173323028756,0.07700348239946614,-0.0163240664806756,0.08776496060385044,-0.036075719933647735
ZX1B23QFSP48abead89f52e3bb,1,3.056468047481615,-4.450154531082134,4.353964450032315,-2.5730260079196468,0.0020706690272942574,1.7104738529846513,-2.003988305959449,1.3910103507418152,-0.6517328706426461,0.16501912190803647
ZX1B23QFSP48abead89f52e3bb,2,1.5582861361620057,-1.2243101148375002,1.0595695551488022,-0.24832040115086423,-0.17528792802975998,-0.037410841290887634,0.11471667598747885,-0.1310227599939512,0.07825254297205465,-0.019201115938414285
ZX1B23QFSP48abead89f52e3bb,3,3.1191339570798835,-4.150887222451203,2.5657248202561624,-0.14264724722115926,-0.5772072056785423,-1.2214732399455772,4.310587090291745,-5.89363282727058,4.302709203610999,-1.2824067458451118
ZX1B23QFSP48abead89f52e3bb,4,2.9013211806237322,-4.104284358749723,3.880953272981445,-2.0940595575418945,-0.27111894085738936,1.670877772343722,-1.6630587452054741,0.9337439338481,-0.35851229508149135,0.10020977013444195
ZX1B23QFSP48abead89f52e3bb,5,2.701560155747177,-3.3423510797744322,2.8408144364756267,-1.3235204201652575,-0.4726273184993869,1.320418057395001,-1.3022699795449144,0.885020713021162,-0.4184456990281407,0.11132210571904452
ZX1B23QFSP48abead89f52e3bb,6,3.15680224187729,-4.522490861363175,3.7666476070133785,-2.2952364711029847,1.9952141184356245,-2.8414114418622236,3.8475475440779676,-3.7993302972314567,2.422477968410842,-0.7325297578500558
ZX1B23QFSP48abead89f52e3bb,7,2.9314841279009465,-3.969403064421099,3.5029139123471107,-1.729996027064371,-0.2528130675994964,1.0830007144135672,-0.8986966936763686,0.33413100695936243,0.08987282054422385,-0.09026885782588515
ZX1B23QFSP48abead89f52e3bb,8,3.028074696011389,-4.259810717518767,3.7855844053376924,-1.7360209071672217,-0.5767715607489118,1.663468874737174,-1.4740525749895401,0.7356073084276175,-0.1836213027375767,0.016731888050118382
ZX1B23QFSP48abead89f52e3bb,9,2.3338918394545463,-2.3806432342945736,1.7769425833494605,-1.0383426997149836,0.4590104089850453,-0.2924833600463945,0.36135670802575276,-0.3217939854548879,0.14354417839638328,-0.04160114009751243
ZX1B23QFSP48abead89f52e3bb,10,2.992230391922348,-4.145110202435718,3.6376620968205167,-1.893697149301963,0.07101347269947735,0.81966986276716,-0.7003230794827944,0.22991050277324537,0.015222902912141631,-0.026996144487811544
ZX1B23QFSP48abead89f52e3bb,11,3.0964016786528865,-4.578105174691171,4.542985224711234,-2.784279681746076,0.28890602843564356,1.1559829437356368,-0.9764339070696625,0.14594311348464195,0.22507924820100458,-0.11563430683536319
ZX1B23QFSP48abead89f52e3bb,12,2.9742245471068447,-4.235884036693983,4.093820200245937,-2.334038722141439,-0.07264007083832019,1.4493803587098268,-1.4350165810461588,0.7555125391633165,-0.20938001275641963,0.013666734265189303
ZX1B23QFSP48abead89f52e3bb,13,3.048471583102538,-4.384423466192681,4.186116230688962,-2.3670344180795913,-0.05142606554689407,1.4090916309186157,-1.3485685973215307,0.625260619333383,-0.09055456938724331,-0.026845624444876363
ZX1B23QFSP48abead89f52e3bb,14,3.0049068689406244,-4.179908009947342,3.6514300123407955,-1.9358759833328536,0.4695185035584504,-0.3772441170997489,1.3724482263393418,-2.068024803679638,1.5969067285854461,-0.5347539056759417
ZX1B23QFSP48abead89f52e3bb,15,3.0713671327596703,-4.416783425159745,4.0415833940203365,-2.4937099602912864,1.1218251949622406,-0.8313549891149294,1.4773051435618727,-1.825043909540126,1.211073404452364,-0.35537348414441255
ZX1B23QFSP48abead89f52e3bb,16,3.045634705555773,-4.396464897089293,4.210310929103375,-2.3321403903536844,-0.2774641612653936,1.939616516180294,-2.093675787619255,1.361148086797091,-0.5906703335427276,0.1335621975934339
ZX1B23QFSP48abead89f52e3bb,17,3.0414971807642535,-4.36735551673372,4.115921120510107,-2.3153505675657255,9.502131323285194E-4,1.3345428648046507,-1.249286442686996,0.5492340989473873,-0.11251352949277693,0.002955312524355143
ZX1B23QFSP48abead89f52e3bb,18,2.898331086904165,-3.933144055092326,3.747134236970807,-2.563974366352681,0.9906344871742014,-0.0687874473545474,0.01533757903015554,-0.07275463264139366,-0.0948464169884746,0.0816559161164109
ZX1B23QFSP48abead89f52e3bb,19,2.965937270849087,-3.8946760042357784,2.8394337547805333,-0.6875487202449703,-0.97788819547656,1.3689953387964744,-0.8065574935863503,0.14544274021931233,0.06809662677321876,-0.019712548315120013
ZX1B23QFSP48abead89f52e3bb,20,2.8056921415709906,-3.6853057718196216,3.273244994429488,-1.9253059466458202,0.6917834117224023,-0.42765652526478454,0.7421608480308839,-0.9370182197207182,0.6444081669070213,-0.18241355298746184
ZX1B23QFSP48abead89f52e3bb,21,3.0106921210413713,-4.2599326016800845,3.963262782276994,-2.1930493666723687,0.012225204122456586,1.1243530763197258,-1.0075504749890958,0.38888997077741216,-0.0011296355239716928,-0.03695606539232694
ZX1B23QFSP48abead89f52e3bb,22,2.804185081041987,-3.4422228956339778,2.355982810926561,-0.9113345816244709,0.36793999000092326,-0.5258465523026463,0.5011906872361594,-0.3848042038287716,0.3752729227023214,-0.1438382461745018
ZX1B23QFSP48abead89f52e3bb,23,2.6200515243799134,-3.0142960044046525,2.2213917821731726,-0.8225518246562639,-0.3230350981114602,0.4984561372176603,-0.18205840600616638,-0.15556996109829505,0.270787624595954,-0.11316587041723358
ZX1B23QFSP48abead89f52e3bb,24,3.0105538775346,-4.236514031560901,3.8217821504748737,-2.2174736256395016,0.5605826180846907,0.24638822600511723,-0.11935791233297051,-0.19593256595551672,0.17482785621478375,-0.045946139555275434
ZX1B23QFSP48abead89f52e3bb,25,2.508514544533623,-2.7780710903261783,1.9868281891282031,-0.8090673932550705,-0.13769076857485732,0.481084633800471,-0.387884638593965,0.1805309611913324,-0.044825737489238474,3.7296239794754505E-4
ZX1B23QFSP48abead89f52e3bb,26,0.5544944340987874,-1.2964381465679817,0.18703389787084782,-0.14801678948320696,0.10910143084485947,-0.4467290999518501,0.3313096256256104,-0.23254377068413631,0.28951097700330947,0.45681340535481774
ZX1B23QFSP48abead89f52e3bb,27,2.8432144558150307,-3.6628457036915414,2.962604580160937,-1.3130156277230791,-0.1676091973284168,0.6214903966979972,-0.354552955322391,-0.07403443415693484,0.2685502537726647,-0.12387784300401457
ZX1B23QFSP48abead89f52e3bb,28,2.903149765546674,-3.9250362946760373,3.264002528149466,-1.6802979799132007,0.463327997694302,-0.21937675255891345,0.6235929537010391,-0.9006705561134236,0.6551896197825887,-0.19167933666639903
ZX1B23QFSP48abead89f52e3bb,29,2.5207440129528895,-2.884599518302347,2.3495850677318733,-1.2754459606459634,0.21088450859430244,0.19466278443282783,-0.17421942865063494,1.5339388327686513E-4,0.11923210892086454,-0.06110688490065589
ZX1B23QFSP48abead89f52e3bb,30,3.0757099105005987,-4.511147103840888,4.385929182785415,-2.504377013928577,-0.1970295976402324,2.0212370431617117,-2.2702929818198583,1.5488531794362905,-0.7222064663380071,0.1729973822246359
ZX1B23QFSP48abead89f52e3bb,31,2.9997400787548654,-4.186519173407213,3.7434336545911573,-2.0257928640709273,0.21137619803462251,0.5949353872199741,-0.3895348560243785,-0.09141745262331989,0.2496061006900034,-0.10593944005646698
ZX1B23QFSP48abead89f52e3bb,32,2.495493082516676,-2.645066999468438,1.7673368471887418,-0.8086969683602127,0.24068408755413875,0.0475651631579917,-0.02598812172911162,-0.10853306205262146,-0.03650714134906163,0.0725677240534894
ZX1B23QFSP48abead89f52e3bb,33,3.0049090652640023,-4.080061878108022,3.266101879302804,-1.3419433053508851,-0.1236759412366347,0.3090777623934998,0.35643954878628786,-0.9551627293682807,0.8674447324344757,-0.30207565571932543
ZX1B23QFSP48abead89f52e3bb,35,2.8845216838854806,-3.8659179294222454,3.595481273354133,-2.2575776223285695,0.6662029731706242,-0.05416170977877448,0.2835071668971895,-0.5280246373608651,0.3997862014231009,-0.12385576654866856
ZX1B23QFSP48abead89f52e3bb,36,2.2300082623687585,-2.4439841683029533,2.205118356624384,-1.3934701694862792,0.2648736532927443,0.31474358189213114,-0.45111788586670615,0.4055997829609292,-0.017140447991358092,-0.11992697406942272
ZX1B23QFSP48abead89f52e3bb,37,2.9175568986166804,-3.9279623174451377,3.3583369594340335,-1.6927084500441758,0.1593252683536699,0.2231136938656946,0.26659500479088594,-0.8078734141955839,0.7992227723251729,-0.29383216142040325
ZX1B23QFSP48abead89f52e3bb,38,2.4234180652890367,-2.675141621706336,2.1147859550000367,-0.79940693039445,-0.30065677460437634,0.4312444398883058,-0.2901011481235137,0.04049504568379186,0.11068284447274349,-0.05568948367841539
ZX1B23QFSP48abead89f52e3bb,39,3.073291071381876,-4.411911233510269,4.053261673867337,-2.3965805973240712,0.7448750000812163,-0.2488758312411142,0.920625921375353,-1.521450382893039,1.1702838947938174,-0.3832662192176442
ZX1B23QFSP48abead89f52e3bb,40,2.937774392792929,-3.913952978860836,3.1626670928528626,-1.2007550673241314,-0.6191486347808138,1.2510029523404422,-0.961766877875539,0.42406372732033576,-0.08925416732184341,0.008490235578164959
ZX1B23QFSP48abead89f52e3bb,41,3.0619896618503697,-4.429591003744948,4.18927268018592,-2.496220546829463,0.5089139793821367,0.40778423227486665,-0.015285182859140089,-0.624890922717919,0.6129143693028464,-0.21430172633444278
ZX1B23QFSP48abead89f52e3bb,42,1.8743484719589296,-1.4108852036708819,0.7457382020223696,-0.05856742568109838,-0.3668541922202162,0.2506481958393631,-0.09884113784892315,0.031724430090271746,0.0026539755074320285,0.016431329040435563
ZX1B23QFSP48abead89f52e3bb,43,2.9600023321548856,-4.043438477304799,3.560234412879872,-1.461317695086515,-0.985710827192015,1.8757279532489022,-1.3357597459774744,0.3019186177716644,0.3429786156118632,-0.21430253088179912
ZX1B23QFSP48abead89f52e3bb,45,3.008856449772841,-4.3410579228947315,4.28192599655165,-2.9340687497240596,1.1430352227446028,-0.04015332187573432,-0.10929580039137042,-0.031651957231414285,0.03672360742927356,-0.013759423597426886
ZX1B23QFSP48abead89f52e3bb,46,2.1032591720060525,-1.6722819384201744,0.9116931552491411,-0.22059179104141208,-0.30686369781986156,0.19696262737889986,0.04881392221502799,-0.07831558487284386,-0.045112782273530036,0.061321447591414856
ZX1B23QFSP48abead89f52e3bb,47,2.9655553403838226,-4.072643498154526,3.568006448261579,-2.0227735486574123,0.5665215168213118,0.09111382197319032,-0.08688544558120713,-0.11483187442691997,0.17077546767900031,-0.0649243978744405
ZX1B23QFSP48abead89f52e3bb,48,2.96031138009469,-4.3271933027054414,4.41174189629646,-3.0032594131343218,0.8676342807149436,0.5601373616915966,-0.8525788237399413,0.5679593433414839,-0.23555843234428264,0.047428836043469536
ZX1B23QFSP48abead89f52e3bb,49,3.0552045937322485,-4.3773372883457515,4.096731758411422,-2.3247966821867614,0.22337902471334226,0.7147645527642794,-0.32982224401619487,-0.3774672911794179,0.52640628868217,-0.20680664575089988
ZX1B23QFSP48abead89f52e3bb,50,2.4677344909827563,-3.066043310937327,3.0343161386442827,-1.8789776926554331,0.32763567869057963,0.4861488677608593,-0.7269055122531076,0.5476914637164693,-0.24382368300445434,0.05067061791032495
ZX1B23QFSP48abead89f52e3bb,51,2.958277672790898,-4.067921662854487,3.455876541190425,-1.33620951606572,-0.8152120462454411,1.356848527346826,-0.45167581469868806,-0.6590194064353315,0.9237752861838727,-0.36192844034892774
ZX1B23QFSP48abead89f52e3bb,53,3.0136367961873627,-4.25908959790163,3.8810318563590327,-2.1016664416794564,0.16430141249581198,0.5225195028736266,0.10542309452126822,-0.8609383371128808,0.8245262109341324,-0.2885014157560831
ZX1B23QFSP48abead89f52e3bb,54,2.2547936589723623,-2.390137671549536,2.3662635732464254,-1.9355084004304228,1.0672943183569583,-0.7102829865247575,0.437657546435689,-0.12803732062891318,0.0629511199252028,-0.029284664033542764
ZX1B23QFSP48abead89f52e3bb,55,2.9529851297390706,-4.009408423768293,3.444828585975993,-1.7591315921071868,0.10209740038368428,0.5877285227887231,-0.33323547204824,-0.10433492202910308,0.18582199372658295,-0.06725558881725853
ZX1B23QFSP48abead89f52e3bb,56,2.9407814805442225,-3.973727182314377,3.372293366154131,-1.6070446751589056,-0.21691516228758298,1.1937778056636,-1.278690687334284,0.8567462025467429,-0.35574951204471467,0.06793366079325218
ZX1B23QFSP48abead89f52e3bb,57,3.013162231277319,-4.216447045905986,3.7772346688709377,-1.987733079101502,0.0978788483794157,0.5641412239624809,-0.02737362786331993,-0.6636643393651808,0.7107879743800891,-0.26757793162632526
ZX1B23QFSP48abead89f52e3bb,58,2.909847054698261,-4.0440525760903325,3.8033297014299117,-2.2127490154024514,0.1463032020036727,1.2589724807058789,-1.6877250709148455,1.3263583782398654,-0.6702211151099934,0.16919348599604767
ZX1B23QFSP48abead89f52e3bb,59,2.9997842882027363,-4.128147614845,3.4850224295903622,-1.546497634231752,-0.15332286993204183,0.2877530270992084,0.8089635673084328,-1.7714000222159576,1.5946026525902912,-0.5760442564496052
ZX1B23QFSP48abead89f52e3bb,60,3.0139399614421194,-4.208090062107128,3.6861939421672756,-1.9949669202469185,0.5075027934720852,-0.20857641361499243,0.9483995735525498,-1.5199435963640837,1.1571601739823607,-0.38183588248644135
ZX1B23QFSP48abead89f52e3bb,61,2.2682464782854,-2.213290171021326,1.722850125028708,-0.9647415289150041,0.16703061612529843,-0.08798001909523835,0.23819869404399321,-0.3019646769208998,0.2855579589636095,-0.11380781557818496
ZX1B23QFSP48abead89f52e3bb,62,2.5420751072870633,-2.783462262804675,2.1405020599947218,-1.0848833795386768,0.031069541935962078,0.17877109212353057,-0.04449325300307606,-0.03267564135428777,0.10303393270638653,-0.05031887255851465
ZX1B23QFSP48abead89f52e3bb,63,2.9495649867257554,-4.1024751176204814,3.8602077898516756,-2.0779271170513405,-0.2365049421320932,1.3414232404356101,-1.1821228813021059,0.4685282559562724,0.07273794169667892,-0.09270411028082558
ZX1B23QFSP48abead89f52e3bb,64,2.8495296460185204,-3.8292292033308373,3.4879033813245095,-2.0376737363978066,0.4267117409788514,0.33696953421294307,-0.2006330882485874,-0.14458693648863138,0.14737146517931,-0.037348244195145944
ZX1B23QFSP48abead89f52e3bb,65,2.9704012511829267,-4.121769443966805,3.6741601993392794,-1.8274905785930247,-0.12899167186518773,0.7062203171381365,-0.032145809524928494,-0.7839906566388404,0.8914168359772097,-0.345963107402644
ZX1B23QFSP48abead89f52e3bb,66,2.938711531115211,-4.09364316304597,3.7951770091327943,-2.157423884179349,0.22422028333331834,0.6824380907506101,-0.531157023357227,0.03448990021654718,0.19741478165750734,-0.0917480703972913
ZX1B23QFSP48abead89f52e3bb,67,2.9528683179179676,-4.106509437436777,3.6553211118704207,-1.9081724435923746,0.3083376108466081,-0.2525497050268842,1.3053518115353895,-2.0955286250051977,1.724843491306735,-0.5802385125193363
ZX1B23QFSP48abead89f52e3bb,68,3.0376217665274168,-4.437698223905012,4.340073777920194,-2.691778692369727,0.5436344857619353,0.6013852135306434,-0.448667127271652,-0.1276403033895251,0.3378169091221249,-0.15569106168573396
ZX1B23QFSP48abead89f52e3bb,69,3.0262757229392165,-4.288618868052484,3.9098986919629537,-2.2019172125945494,0.3693296048778376,0.3926127474474367,-0.026151941041349453,-0.5288181552694117,0.5353636480914329,-0.18669605199528916
ZX1B23QFSP48abead89f52e3bb,70,2.690757718716373,-3.163951140608813,2.217738511333323,-0.6933132758347041,-0.4928121552740875,0.8626035484335687,-0.655751917066862,0.32188423259098453,-0.11863153112420904,0.031086729332116928
ZX1B23QFSP48abead89f52e3bb,71,2.934084681707231,-4.294778321666514,4.217067636981626,-2.735887497902364,0.8912720781904351,0.14996613721069296,-0.026907644287948746,-0.38796160318727047,0.3127716253012661,-0.05070006195900153
ZX1B23QFSP48abead89f52e3bb,72,2.8825711711032027,-3.755691645737836,2.735134343941513,-0.9156743625466722,-0.2307981811744853,0.4117911632389902,-0.009350521148871496,-0.35036007577766476,0.358261609209084,-0.12842454550404767
ZX1B23QFSP48abead89f52e3bb,73,3.0354738207046554,-4.311893324260073,3.9285671941334583,-2.128446119192779,0.16181659516806118,0.6149228262554266,-0.1238084279355503,-0.5774963786001855,0.6470453023774593,-0.245549397750373
ZX1B23QFSP48abead89f52e3bb,74,2.8638062089600465,-3.768454852415968,3.151469186255065,-1.5075801325275247,-0.06425216536953902,0.6784548159170457,-0.5800815824672112,0.2005397590658496,0.08775303434909136,-0.06348108585972016
ZX1B23QFSP48abead89f52e3bb,75,3.069430370731812,-4.278425306862584,3.1944454496916417,-0.46577825670870093,-1.5661631366327093,1.2875979666962367,0.4310598926861619,-2.0146061264942476,2.4164166958550495,-1.0750387962946677
ZX1B23QFSP48abead89f52e3bb,76,2.8432654633880703,-3.738604949725805,3.1388051990567423,-1.6046456519042327,0.2922857098713843,-0.1592094220867465,0.8870693303142837,-1.3671041543001874,1.0264962873706083,-0.32083207240878375
ZX1B23QFSP48abead89f52e3bb,77,3.0448827484195746,-4.31240383823705,3.832869297542384,-2.226836261590474,0.8894830091743778,-0.6852429938387248,1.403541289274297,-1.8508963212225393,1.3231763561002428,-0.41761513821602314
ZX1B23QFSP48abead89f52e3bb,78,3.176976272772232,-4.787993163305179,4.700518374290473,-2.926697374329514,0.49239609907852067,1.121705841684977,-1.3177727188454516,0.811558835415182,-0.4248498707662801,0.15174182929094898
ZX1B23QFSP48abead89f52e3bb,79,3.0848849724259977,-4.356723306607702,3.7452242482604055,-1.7062398172672084,-0.09015985661786331,0.23021768988984145,0.8771713993333974,-1.8228637237852194,1.6552194071171977,-0.6171400038589573
ZX1B23QFSP48abead89f52e3bb,80,2.776341275673374,-3.501087897664966,2.8821977217493333,-1.0521606860992376,-1.0158886722763427,1.8920712265922972,-1.7940127408288606,1.1359573227086972,-0.3608395553387756,0.036343409392108894
ZX1B23QFSP48abead89f52e3bb,81,3.0819046025150056,-4.418623371275225,4.067861804997655,-2.3642659262267367,0.6097957942985892,-0.12856929592255564,0.722919293295282,-1.355760956800321,1.2452361980971958,-0.4586342996325154
ZX1B23QFSP48abead89f52e3bb,82,3.013218691292909,-4.288025357731833,4.038134210737604,-2.2352595152115162,-0.07082491314409373,1.302683763257318,-1.1933557807072144,0.5086964405296243,-0.030915430356965524,-0.04496486076562842
ZX1B23QFSP48abead89f52e3bb,83,2.5296710206374264,-2.7658173145872476,1.835811888467024,-0.4917053952283507,-0.47868935761975834,0.6330587330905725,-0.3336981603252229,-0.0017040575067189642,0.14435235385846013,-0.07141911045229904
ZX1B23QFSP48abead89f52e3bb,84,2.477712267015945,-2.7757299931389445,2.2325388094522336,-1.132729066665771,0.014056856318822744,0.4253514327461075,-0.38802741724078305,0.2561877577106566,-0.18258490207139375,0.07226268646626474
ZX1B23QFSP48abead89f52e3bb,85,2.430963021808116,-2.8934474862471586,2.304907722071607,-0.9928249294091553,0.1646994742768388,-0.26647288660112317,0.6151467769542096,-0.6140853234343285,0.30889265408009353,-0.057645925479335
ZX1B23QFSP48abead89f52e3bb,86,3.0020474584559933,-4.209013185609299,3.847845767187246,-2.2222758989700155,0.47180921074756754,0.20352987507587875,0.21020053852142534,-0.7346533310091173,0.6585750761624007,-0.22845711848468891
ZX1B23QFSP48abead89f52e3bb,87,2.743632356013003,-3.460067604643273,2.9687884957933828,-1.3195546430433875,-0.6074046459091895,1.4841175727598648,-1.7361074105384462,1.2131410218718706,-0.20595472639995743,-0.07988895074138391
ZX1B23QFSP48abead89f52e3bb,88,3.1127148872257324,-4.589795715313556,4.469322442709126,-2.7177180828445207,0.3019936506712088,1.2908248603614345,-1.5363720835627201,1.0009438987837793,-0.4543878806103296,0.12138051082805627
ZX1B23QFSP48abead89f52e3bb,89,3.0159352177766037,-4.229103575524558,3.702954971862241,-2.0685628797483337,0.7559874984775993,-0.6718329966652398,1.522696772495824,-2.0434318432544485,1.4944878117563942,-0.4779109024159765
ZX1B23QFSP48abead89f52e3bb,90,2.1831038089409245,-2.2109114370280274,1.7893826970772129,-1.159846360615644,0.48288485413541143,5.8637971755848005E-5,-0.2280460259803691,0.2517726317836279,-0.3456051171942489,0.2254310907342604
ZX1B23QFSP48abead89f52e3bb,91,2.9849726425703498,-4.134809668753667,3.667929041443461,-2.0842097807266655,0.4904003221554541,0.297799830734338,-0.28165536079116743,0.04408426409244552,0.01600348958142108,-5.174775859612475E-4
ZX1B23QFSP48abead89f52e3bb,92,2.9590160468116524,-4.020252686118035,3.4337968575353455,-1.7111278161796317,0.042457819319604746,0.6617515130129561,-0.515084032242732,0.09062602419028087,0.1394250725862982,-0.0810333381135491
ZX1B23QFSP48abead89f52e3bb,93,2.7555771418809254,-3.433215915522351,2.7620043391617157,-1.4149047140443878,0.30051680974320694,-0.00292475710218542,0.23258632384955552,-0.488201981982672,0.44286090828139435,-0.15450319393225967
ZX1B23QFSP48abead89f52e3bb,94,2.9713124526344283,-4.05747636647493,3.425212528591111,-1.6192757544537109,0.018130808620911463,0.3450196611429557,0.21077162547247927,-0.7631001788581815,0.7275206176085754,-0.25924418451663905
ZX1B23QFSP48abead89f52e3bb,95,2.964808974158154,-4.137988285210947,3.8565736065744725,-2.094930849711761,-0.18394368677026549,1.4863817779581041,-1.6123170205657775,1.0151942827491802,-0.3416938416048018,0.048719225048628294
ZX1B23QFSP48abead89f52e3bb,96,0.26562385328996324,0.36282864360278244,0.9828058878580729,0.47784137725830067,-1.125651995340983,-0.2908487319946288,0.5378030141194661,-0.0200347900390625,-0.3201942443847656,0.10144551595052083
ZX1B23QFSP48abead89f52e3bb,97,3.0565982634442026,-4.388568184572316,4.032317068359125,-2.4626340651342464,0.9965964596804742,-0.669603172574096,1.4332406060533112,-1.961912891788501,1.407061236476281,-0.4422526609485983
ZX1B23QFSP48abead89f52e3bb,98,2.953907726325415,-4.141334933314735,3.970237401258023,-2.345654727698181,0.10431561889022185,1.2788948250603032,-1.538163094890722,1.093705525249886,-0.4891121427172905,0.11237710086097165
ZX1B23QFSP48abead89f52e3bb,99,3.08296652444705,-4.547125182514684,4.612569927201165,-2.905994181511744,0.09668910139944192,1.8472339811614489,-1.8815674241452693,1.150235937967448,-0.7406299706736158,0.2860812057095816
