374.0,347.0,0.0,1.411552788E12,222.59604668547013
374.0,347.0,0.0,1.41155279E12,0.0
274.0,347.0,0.0,1.411552793E12,126.28935030318273
274.0,347.0,0.0,1.411552794E12,0.0
274.0,347.0,0.0,1.411552797E12,0.0
274.0,347.0,0.0,1.411552799E12,126.28935030318273
274.0,347.0,0.0,1.411552801E12,0.0
274.0,347.0,0.0,1.411552805E12,126.28935030318273
274.0,347.0,0.0,1.411552817E12,63.144675151591365
221.0,320.0,0.0,1.411552818E12,59.481089431852205
221.0,320.0,0.0,1.41155282E12,0.0
221.0,320.0,0.0,1.411552821E12,0.0
221.0,320.0,0.0,1.411552848E12,0.0
221.0,320.0,0.0,1.41155286E12,0.0
221.0,320.0,0.0,1.411552862E12,49.193495504995376
221.0,320.0,0.0,1.411552864E12,0.0
221.0,320.0,0.0,1.411552866E12,0.0
274.0,347.0,0.0,1.411552868E12,76.90253571892151
374.0,347.0,0.0,1.41155287E12,50.0
274.0,364.0,0.0,1.411552874E12,25.35867701596438
221.0,364.0,0.0,1.411552895E12,2.5238095238095237
221.0,320.0,0.0,1.411552897E12,22.0
221.0,320.0,0.0,1.411552899E12,0.0
221.0,320.0,0.0,1.411552901E12,0.0
221.0,320.0,0.0,1.411552902E12,0.0
221.0,320.0,0.0,1.411552903E12,0.0
374.0,347.0,0.0,1.411552905E12,77.68204425734432
221.0,320.0,0.0,1.411552906E12,155.36408851468863
274.0,347.0,0.0,1.411552907E12,59.481089431852205
274.0,347.0,0.0,1.411552908E12,0.0
242.0,364.0,0.0,1.41155291E12,18.117670931993437
242.0,364.0,0.0,1.411552911E12,0.0
374.0,347.0,0.0,1.411552912E12,133.09019498069722
374.0,347.0,0.0,1.411552914E12,0.0
374.0,347.0,0.0,1.411552916E12,0.0
374.0,347.0,0.0,1.411552917E12,0.0
274.0,347.0,0.0,1.411552919E12,50.0
274.0,347.0,0.0,1.41155292E12,0.0
274.0,347.0,0.0,1.411552922E12,0.0
374.0,347.0,0.0,1.411552924E12,50.0
374.0,347.0,0.0,1.411552925E12,0.0
374.0,347.0,0.0,1.411552926E12,0.0
403.0,347.0,0.0,1.411552928E12,14.5
274.0,320.0,0.0,1.411552929E12,131.79529581893277
403.0,347.0,0.0,1.411552931E12,65.89764790946639
374.0,347.0,0.0,1.411552932E12,29.0
340.0,320.0,0.0,1.411552933E12,43.41658669218482
374.0,320.0,0.0,1.411552935E12,17.0
459.0,347.0,0.0,1.411552936E12,89.1852005660132
374.0,320.0,0.0,1.411552938E12,44.5926002830066
432.0,347.0,0.0,1.411552939E12,63.97655820689325
432.0,320.0,0.0,1.411552941E12,13.5
307.0,320.0,0.0,1.411552943E12,62.5
307.0,320.0,0.0,1.411552945E12,0.0
403.0,320.0,0.0,1.411552946E12,96.0
432.0,347.0,0.0,1.411552948E12,19.81161275615895
459.0,347.0,0.0,1.411552949E12,27.0
459.0,347.0,0.0,1.41155295E12,0.0
459.0,347.0,0.0,1.411552951E12,0.0
459.0,347.0,0.0,1.411552953E12,0.0
374.0,320.0,0.0,1.411552954E12,89.1852005660132
340.0,302.0,0.0,1.411552956E12,19.235384061671343
459.0,320.0,0.0,1.411552957E12,120.3536455617361
459.0,347.0,0.0,1.411552959E12,13.5
459.0,347.0,0.0,1.411552959E12,0.0
403.0,320.0,0.0,1.411552961E12,31.084562084739105
403.0,320.0,0.0,1.411552962E12,0.0
403.0,320.0,0.0,1.411552964E12,0.0
514.0,302.0,0.0,1.411552965E12,112.44998888394787
374.0,302.0,0.0,1.411552967E12,70.0
374.0,320.0,0.0,1.411552968E12,18.0
514.0,302.0,0.0,1.411552969E12,141.1523999087511
514.0,302.0,0.0,1.41155297E12,0.0
374.0,302.0,0.0,1.411552972E12,70.0
459.0,320.0,0.0,1.411552973E12,86.88498144098322
374.0,302.0,0.0,1.411552975E12,43.44249072049161
403.0,320.0,0.0,1.411552976E12,34.132096331752024
403.0,320.0,0.0,1.411552978E12,0.0
403.0,320.0,0.0,1.411552979E12,0.0
340.0,320.0,0.0,1.41155298E12,63.0
459.0,347.0,0.0,1.411552982E12,61.0122938431264
403.0,320.0,0.0,1.411552983E12,62.16912416947821
340.0,320.0,0.0,1.411552984E12,63.0
432.0,364.0,0.0,1.411552985E12,101.9803902718557
403.0,302.0,0.0,1.411552987E12,34.2235299172952
403.0,320.0,0.0,1.41155299E12,6.0
459.0,347.0,0.0,1.411552994E12,15.542281042369552
403.0,320.0,0.0,1.411552996E12,31.084562084739105
403.0,320.0,0.0,1.411552999E12,0.0
403.0,320.0,0.0,1.411553E12,0.0
403.0,302.0,0.0,1.411553002E12,9.0
374.0,320.0,0.0,1.411553005E12,11.377365443917341
403.0,320.0,0.0,1.411553008E12,9.666666666666666
459.0,347.0,0.0,1.411553009E12,62.16912416947821
403.0,320.0,0.0,1.411553011E12,31.084562084739105
403.0,302.0,0.0,1.411553012E12,18.0
432.0,347.0,0.0,1.411553013E12,53.53503525729669
403.0,320.0,0.0,1.411553016E12,13.207741837439299
403.0,320.0,0.0,1.411553017E12,0.0
459.0,347.0,0.0,1.411553019E12,31.084562084739105
432.0,364.0,0.0,1.411553022E12,10.635370755695877
432.0,320.0,0.0,1.411553028E12,7.333333333333333
340.0,320.0,0.0,1.41155303E12,46.0
432.0,347.0,0.0,1.411553031E12,95.88013350011565
432.0,347.0,0.0,1.411553032E12,0.0
459.0,347.0,0.0,1.411553034E12,13.5
459.0,347.0,0.0,1.411553035E12,0.0
459.0,347.0,0.0,1.41155304E12,0.0
403.0,302.0,0.0,1.411553042E12,35.92005011132362
403.0,320.0,0.0,1.411553047E12,3.6
403.0,302.0,0.0,1.411553048E12,18.0
514.0,364.0,0.0,1.411553049E12,127.1416532848303
432.0,302.0,0.0,1.411553053E12,25.700194551792794
567.0,347.0,0.0,1.411553055E12,71.15124735378853
514.0,364.0,0.0,1.411553056E12,55.65968020030299
591.0,364.0,0.0,1.411553058E12,38.5
542.0,320.0,0.0,1.411553059E12,65.85590330410783
591.0,320.0,0.0,1.41155306E12,49.0
591.0,364.0,0.0,1.411553062E12,22.0
591.0,364.0,0.0,1.411553063E12,0.0
616.0,320.0,0.0,1.411553065E12,25.30316185775999
514.0,364.0,0.0,1.411553069E12,27.77138815399763
676.0,320.0,0.0,1.41155307E12,167.86899654194636
738.0,364.0,0.0,1.411553074E12,19.00657780874821
776.0,320.0,0.0,1.411553076E12,29.068883707497267
776.0,320.0,0.0,1.411553077E12,0.0
842.0,347.0,0.0,1.411553078E12,71.30918594402827
738.0,364.0,0.0,1.411553079E12,105.38026380684383
738.0,364.0,0.0,1.411553081E12,0.0
403.0,320.0,0.0,1.411553082E12,337.8771966262299
307.0,320.0,0.0,1.411553087E12,569.6402373428338
432.0,347.0,0.0,1.411553091E12,222.0
842.0,347.0,0.0,1.411553092E12,410.0
660.0,177.0,0.0,1.411553097E12,68.71862920635131
221.0,320.0,0.0,1.411553098E12,461.7033679755867
221.0,320.0,0.0,1.4115531E12,0.0
340.0,364.0,0.0,1.411553116E12,318.61340210355246
221.0,347.0,0.0,1.411553119E12,40.069384267237695
221.0,347.0,0.0,1.411553121E12,0.0
776.0,320.0,0.0,1.411553122E12,555.6563686308292
776.0,320.0,0.0,1.411553124E12,0.0
776.0,320.0,0.0,1.411553126E12,0.0
776.0,320.0,0.0,1.411553131E12,0.0
776.0,320.0,0.0,1.411553133E12,0.0
776.0,320.0,0.0,1.411553144E12,136.69308687713507
776.0,320.0,0.0,1.411553149E12,0.0
242.0,302.0,0.0,1.411553567E12,25.15065715951684
374.0,347.0,0.0,1.411553574E12,222.59604668547013
221.0,320.0,0.0,1.411553576E12,77.68204425734432
221.0,320.0,0.0,1.411553621E12,0.0
274.0,347.0,0.0,1.411553627E12,9.913514905308702
374.0,347.0,0.0,1.411553667E12,84.19092059783591
221.0,347.0,0.0,1.41155367E12,33.59315406448165
221.0,347.0,0.0,1.411553678E12,45.02468458770391
242.0,347.0,0.0,1.411553683E12,87.66413177577246
221.0,347.0,0.0,1.411553689E12,67.1863081289633
221.0,347.0,0.0,1.411553696E12,39.528470752104745
340.0,302.0,0.0,1.411553703E12,226.645097012929
221.0,347.0,0.0,1.411553709E12,50.224496015390734
221.0,320.0,0.0,1.411553731E12,23.769728648009426
221.0,320.0,0.0,1.411553732E12,0.0
221.0,320.0,0.0,1.411553736E12,39.24601890638081
221.0,320.0,0.0,1.411553736E12,0.0
221.0,320.0,0.0,1.411553738E12,0.0
221.0,320.0,0.0,1.411553739E12,0.0
221.0,320.0,0.0,1.41155374E12,0.0
221.0,320.0,0.0,1.411553742E12,0.0
221.0,320.0,0.0,1.411553743E12,0.0
374.0,347.0,0.0,1.411553744E12,155.36408851468863
374.0,347.0,0.0,1.411553746E12,0.0
340.0,364.0,0.0,1.411553748E12,19.00657780874821
432.0,364.0,0.0,1.411553749E12,92.0
374.0,347.0,0.0,1.411553751E12,30.220026472523152
374.0,347.0,0.0,1.411553751E12,0.0
432.0,347.0,0.0,1.411553753E12,29.0
432.0,347.0,0.0,1.411553754E12,0.0
432.0,320.0,0.0,1.411553756E12,13.5
340.0,302.0,0.0,1.411553757E12,93.74433316206373
567.0,347.0,0.0,1.411553759E12,115.70868593152375
403.0,320.0,0.0,1.411553763E12,41.551925346486655
403.0,302.0,0.0,1.411553765E12,9.0
486.0,302.0,0.0,1.411553768E12,27.666666666666668
660.0,40.0,0.0,1.411553856E12,12.49143379950224
676.0,302.0,0.0,1.411553881E12,152.17259937321174
676.0,302.0,0.0,1.411553885E12,121.03718436910205
676.0,302.0,0.0,1.411553887E12,0.0
738.0,364.0,0.0,1.411553888E12,87.68124086713189
809.0,302.0,0.0,1.411553892E12,243.04114877937852
809.0,302.0,0.0,1.411553894E12,0.0
809.0,302.0,0.0,1.411553907E12,86.96119824381447
809.0,302.0,0.0,1.411553908E12,0.0
842.0,347.0,0.0,1.411553912E12,56.4003546088143
738.0,364.0,0.0,1.411553916E12,151.28780519261954
738.0,364.0,0.0,1.41155392E12,75.64390259630977
842.0,320.0,0.0,1.411553921E12,112.92475370794483
738.0,364.0,0.0,1.411553923E12,151.28780519261954
738.0,364.0,0.0,1.411553925E12,0.0
738.0,364.0,0.0,1.411553926E12,0.0
842.0,302.0,0.0,1.411553929E12,40.359495647107494
738.0,364.0,0.0,1.41155393E12,121.07848694132248
776.0,320.0,0.0,1.411553931E12,58.137767414994535
643.0,320.0,0.0,1.411553935E12,33.25
643.0,302.0,0.0,1.411553945E12,1.8
693.0,267.0,0.0,1.411553946E12,61.032778078668514
643.0,320.0,0.0,1.411553949E12,24.287628309262494
693.0,267.0,0.0,1.411553951E12,36.43144246389374
591.0,320.0,0.0,1.411554042E12,6.558358445405374
514.0,364.0,0.0,1.411554044E12,44.34241761564202
486.0,320.0,0.0,1.411554045E12,52.15361924162119
514.0,320.0,0.0,1.411554046E12,28.0
486.0,302.0,0.0,1.411554048E12,16.64331697709324
514.0,364.0,0.0,1.41155405E12,34.0147027033899
514.0,302.0,0.0,1.411554052E12,31.0
514.0,302.0,0.0,1.411554053E12,0.0
486.0,302.0,0.0,1.411554054E12,28.0
486.0,364.0,0.0,1.411554056E12,31.0
459.0,364.0,0.0,1.411554057E12,27.0
403.0,320.0,0.0,1.411554059E12,35.608987629529715
403.0,320.0,0.0,1.41155406E12,0.0
403.0,320.0,0.0,1.411554062E12,0.0
403.0,320.0,0.0,1.411554063E12,0.0
403.0,320.0,0.0,1.411554065E12,0.0
307.0,320.0,0.0,1.411554066E12,96.0
307.0,320.0,0.0,1.411554068E12,0.0
432.0,347.0,0.0,1.411554069E12,127.88275880665071
374.0,347.0,0.0,1.411554071E12,29.0
274.0,320.0,0.0,1.411554073E12,51.79044313384468
274.0,320.0,0.0,1.411554074E12,0.0
242.0,302.0,0.0,1.411554075E12,36.71511950137164
242.0,302.0,0.0,1.411554077E12,0.0
274.0,347.0,0.0,1.411554191E12,126.28935030318273
274.0,347.0,0.0,1.411554193E12,0.0
274.0,347.0,0.0,1.411554194E12,0.0
274.0,347.0,0.0,1.411554196E12,0.0
374.0,320.0,0.0,1.411554198E12,180.44666802132977
374.0,320.0,0.0,1.411554203E12,0.0
459.0,347.0,0.0,1.411554207E12,22.2963001415033
514.0,302.0,0.0,1.411554208E12,71.06335201775947
459.0,320.0,0.0,1.411554209E12,57.87054518492115
514.0,347.0,0.0,1.41155421E12,61.26989472816156
567.0,347.0,0.0,1.411554212E12,26.5
514.0,364.0,0.0,1.411554214E12,27.829840100151493
514.0,364.0,0.0,1.411554215E12,0.0
486.0,302.0,0.0,1.411554216E12,68.0294054067798
542.0,320.0,0.0,1.411554218E12,29.410882339705484
616.0,302.0,0.0,1.411554221E12,25.385910352879694
643.0,364.0,0.0,1.411554222E12,67.62396025078685
616.0,347.0,0.0,1.411554223E12,31.906112267087632
591.0,364.0,0.0,1.411554228E12,6.04648658313239
567.0,320.0,0.0,1.411554229E12,50.11985634456667
374.0,320.0,0.0,1.411554233E12,48.25
842.0,320.0,0.0,1.411554234E12,468.0
842.0,320.0,0.0,1.411554235E12,0.0
676.0,364.0,0.0,1.411554238E12,57.24411663122149
842.0,320.0,0.0,1.41155424E12,43.41658669218482
616.0,302.0,0.0,1.411554272E12,65.66666666666667
676.0,364.0,0.0,1.411554507E12,150.73984211216356
738.0,364.0,0.0,1.411554508E12,62.0
809.0,347.0,0.0,1.41155451E12,80.7093550959243
809.0,347.0,0.0,1.411554516E12,20.177338773981074
738.0,364.0,0.0,1.411554517E12,73.00684899377592
776.0,302.0,0.0,1.411554518E12,72.71863585079137
591.0,347.0,0.0,1.41155452E12,95.19716382329885
514.0,320.0,0.0,1.411554521E12,81.59656855530139
542.0,320.0,0.0,1.411554522E12,28.0
591.0,364.0,0.0,1.411554524E12,32.92795165205391
542.0,320.0,0.0,1.411554525E12,65.85590330410783
616.0,347.0,0.0,1.411554527E12,39.38591118661596
591.0,364.0,0.0,1.41155453E12,10.077477638553983
542.0,320.0,0.0,1.411554532E12,32.92795165205391
591.0,347.0,0.0,1.411554533E12,55.94640292279746
514.0,302.0,0.0,1.411554534E12,89.1852005660132
403.0,302.0,0.0,1.411554536E12,55.5
514.0,302.0,0.0,1.411554537E12,111.0
514.0,302.0,0.0,1.411554539E12,0.0
432.0,320.0,0.0,1.41155454E12,83.95236744726142
514.0,302.0,0.0,1.411554541E12,83.95236744726142
432.0,320.0,0.0,1.411554543E12,41.97618372363071
403.0,320.0,0.0,1.411554547E12,7.25
374.0,347.0,0.0,1.411554548E12,39.6232255123179
374.0,347.0,0.0,1.41155455E12,0.0
374.0,347.0,0.0,1.411554551E12,0.0
374.0,347.0,0.0,1.411554555E12,0.0
374.0,347.0,0.0,1.411554558E12,87.91188770581599
242.0,302.0,0.0,1.411554559E12,139.4596715900335
221.0,320.0,0.0,1.411554631E12,23.769728648009426
274.0,320.0,0.0,1.411554632E12,53.0
307.0,320.0,0.0,1.411554635E12,54.74486277268398
307.0,320.0,0.0,1.411554636E12,0.0
274.0,320.0,0.0,1.411554637E12,33.0
374.0,347.0,0.0,1.411554639E12,51.79044313384468
307.0,320.0,0.0,1.41155464E12,72.2357252334328
274.0,320.0,0.0,1.411554641E12,33.0
307.0,320.0,0.0,1.411554643E12,16.5
340.0,302.0,0.0,1.411554646E12,12.529964086141668
403.0,302.0,0.0,1.411554655E12,7.0
567.0,347.0,0.0,1.411554656E12,170.06175348972502
567.0,347.0,0.0,1.411554657E12,0.0
514.0,364.0,0.0,1.411554658E12,55.65968020030299
542.0,320.0,0.0,1.41155466E12,26.076809620810597
514.0,320.0,0.0,1.411554661E12,28.0
616.0,347.0,0.0,1.411554663E12,52.75651618520692
514.0,320.0,0.0,1.411554664E12,105.51303237041384
542.0,320.0,0.0,1.411554666E12,14.0
591.0,347.0,0.0,1.411554667E12,55.94640292279746
616.0,302.0,0.0,1.411554669E12,25.739075352467502
567.0,347.0,0.0,1.411554672E12,22.176063171306527
514.0,364.0,0.0,1.411554675E12,18.55322673343433
514.0,320.0,0.0,1.411554676E12,44.0
567.0,347.0,0.0,1.411554692E12,3.717568089490763
660.0,144.0,0.0,1.411554693E12,223.28905033610582
660.0,144.0,0.0,1.411554694E12,0.0
693.0,267.0,0.0,1.411554745E12,2.497057091387191
432.0,302.0,0.0,1.411554746E12,263.3362869032675
738.0,364.0,0.0,1.411554747E12,312.2178726466504
542.0,320.0,0.0,1.411554749E12,100.43903623591775
514.0,364.0,0.0,1.41155475E12,52.15361924162119
776.0,302.0,0.0,1.411554752E12,134.61797799699713
514.0,364.0,0.0,1.411554756E12,67.30898899849856
660.0,292.0,0.0,1.411554759E12,54.262735320332354
738.0,302.0,0.0,1.411554765E12,13.106402167558333
514.0,364.0,0.0,1.411554766E12,232.42202993692314
676.0,302.0,0.0,1.411554772E12,28.90982147606204
738.0,364.0,0.0,1.411556597E12,0.1750100182996919
809.0,302.0,0.0,1.411556602E12,18.852055590836773
842.0,320.0,0.0,1.411556626E12,26.997942308422115
842.0,320.0,0.0,1.411556628E12,0.0
842.0,320.0,0.0,1.411556634E12,16.198765385053267
842.0,320.0,0.0,1.411556636E12,0.0
809.0,302.0,0.0,1.411556725E12,1.8363636363636364
738.0,364.0,0.0,1.411556738E12,34.142857142857146
693.0,267.0,0.0,1.411556747E12,11.881098174291823
514.0,364.0,0.0,1.411556751E12,50.89818267875583
486.0,364.0,0.0,1.41155676E12,3.111111111111111
486.0,364.0,0.0,1.411556761E12,0.0
567.0,364.0,0.0,1.411556769E12,10.125
514.0,302.0,0.0,1.411556773E12,20.3914810644053
514.0,347.0,0.0,1.411556776E12,15.0
459.0,347.0,0.0,1.411556777E12,55.0
514.0,347.0,0.0,1.411556781E12,13.75
514.0,347.0,0.0,1.411556784E12,0.0
514.0,347.0,0.0,1.411556788E12,0.0
567.0,347.0,0.0,1.411556792E12,13.25
567.0,347.0,0.0,1.411556794E12,0.0
432.0,364.0,0.0,1.411556803E12,15.118462264217479
567.0,347.0,0.0,1.411556813E12,13.60661603779573
567.0,347.0,0.0,1.411556822E12,0.0
432.0,347.0,0.0,1.411556827E12,27.0
432.0,364.0,0.0,1.411556829E12,8.5
486.0,347.0,0.0,1.411556831E12,28.30635970943632
514.0,347.0,0.0,1.411556832E12,28.0
514.0,347.0,0.0,1.411556833E12,0.0
486.0,347.0,0.0,1.411556835E12,14.0
432.0,347.0,0.0,1.411556838E12,18.0
242.0,364.0,0.0,1.411556842E12,47.6897525680308
340.0,347.0,0.0,1.411556852E12,0.0
340.0,347.0,0.0,1.411556853E12,0.0
274.0,364.0,0.0,1.411556856E12,22.718078948518315
274.0,320.0,0.0,1.411556861E12,8.8
274.0,320.0,0.0,1.41155687E12,0.0
274.0,320.0,0.0,1.411556872E12,0.0
221.0,320.0,0.0,1.411556874E12,26.5
221.0,320.0,0.0,1.411556878E12,0.0
221.0,320.0,0.0,1.411556879E12,0.0
221.0,320.0,0.0,1.411556884E12,0.0
374.0,347.0,0.0,1.411556885E12,155.36408851468863
221.0,320.0,0.0,1.411556889E12,38.84102212867216
274.0,320.0,0.0,1.411556893E12,13.25
274.0,320.0,0.0,1.411556897E12,0.0
221.0,320.0,0.0,1.4115569E12,17.666666666666668
274.0,320.0,0.0,1.411556902E12,26.5
374.0,347.0,0.0,1.411556903E12,103.58088626768937
403.0,347.0,0.0,1.411556905E12,14.5
307.0,320.0,0.0,1.411556906E12,99.72462083156798
660.0,177.0,0.0,1.411556907E12,380.8648054100037
514.0,347.0,0.0,1.411556908E12,224.0892679268688
486.0,347.0,0.0,1.41155691E12,14.0
486.0,347.0,0.0,1.411556911E12,0.0
403.0,347.0,0.0,1.411556914E12,27.666666666666668
403.0,347.0,0.0,1.411556918E12,0.0
221.0,320.0,0.0,1.41155692E12,91.99592382274336
221.0,320.0,0.0,1.411556922E12,0.0
432.0,347.0,0.0,1.411556924E12,106.36023693091323
432.0,364.0,0.0,1.411556925E12,17.0
307.0,320.0,0.0,1.411556926E12,132.51792331605563
307.0,320.0,0.0,1.411556928E12,0.0
307.0,320.0,0.0,1.411556929E12,0.0
374.0,347.0,0.0,1.411556931E12,36.1178626167164
307.0,320.0,0.0,1.411556932E12,72.2357252334328
307.0,320.0,0.0,1.411556933E12,0.0
432.0,347.0,0.0,1.41155694E12,233.6193485137736
221.0,364.0,0.0,1.411556943E12,11.0
374.0,347.0,0.0,1.411556944E12,153.9415473483361
374.0,347.0,0.0,1.411556945E12,0.0
374.0,347.0,0.0,1.411556947E12,0.0
374.0,347.0,0.0,1.411556952E12,175.82377541163197
221.0,320.0,0.0,1.411556955E12,51.78802950489621
274.0,320.0,0.0,1.411556956E12,53.0
307.0,320.0,0.0,1.411556957E12,33.0
307.0,320.0,0.0,1.411556958E12,0.0
274.0,320.0,0.0,1.41155696E12,16.5
274.0,320.0,0.0,1.411556961E12,0.0
221.0,320.0,0.0,1.411556965E12,16.397831834998456
274.0,320.0,0.0,1.411556967E12,26.5
459.0,347.0,0.0,1.411556968E12,186.9598887462228
459.0,347.0,0.0,1.411556969E12,0.0
459.0,347.0,0.0,1.411556971E12,0.0
374.0,347.0,0.0,1.411556972E12,85.0
432.0,347.0,0.0,1.411556975E12,19.333333333333332
274.0,320.0,0.0,1.411556976E12,160.29036153181514
432.0,347.0,0.0,1.411556977E12,160.29036153181514
340.0,302.0,0.0,1.411556981E12,25.60395477265182
307.0,320.0,0.0,1.411556983E12,18.7949461292125
340.0,364.0,0.0,1.411556984E12,55.0
567.0,347.0,0.0,1.411556991E12,32.519381975702316
432.0,364.0,0.0,1.411556992E12,136.06616037795732
459.0,302.0,0.0,1.411556994E12,33.811980125393426
567.0,347.0,0.0,1.411556995E12,117.0
567.0,347.0,0.0,1.411556998E12,0.0
591.0,364.0,0.0,1.411557012E12,2.1007773099789633
842.0,320.0,0.0,1.411557013E12,254.82739256210272
676.0,364.0,0.0,1.411557014E12,171.73234989366446
738.0,364.0,0.0,1.411557015E12,62.0
403.0,320.0,0.0,1.411557018E12,112.62573220874329
842.0,320.0,0.0,1.411557019E12,439.0
591.0,364.0,0.0,1.411557021E12,127.41369628105136
403.0,320.0,0.0,1.411557022E12,193.08029417835473
459.0,302.0,0.0,1.411557023E12,58.82176467941097
432.0,320.0,0.0,1.411557024E12,32.449961479175904
403.0,320.0,0.0,1.411557026E12,14.5
567.0,347.0,0.0,1.411557027E12,166.20770138594662
809.0,347.0,0.0,1.411557028E12,242.0
567.0,347.0,0.0,1.41155703E12,121.0
567.0,347.0,0.0,1.411557031E12,0.0
567.0,347.0,0.0,1.411557032E12,0.0
738.0,347.0,0.0,1.411557033E12,171.0
591.0,364.0,0.0,1.411557044E12,13.452702576492586
738.0,364.0,0.0,1.411557046E12,73.5
738.0,364.0,0.0,1.411557049E12,0.0
738.0,364.0,0.0,1.411557053E12,151.28780519261954
567.0,347.0,0.0,1.411557054E12,171.8429515575195
842.0,364.0,0.0,1.411557055E12,275.5249534978638
567.0,347.0,0.0,1.411557057E12,137.7624767489319
459.0,364.0,0.0,1.411557058E12,109.32977636490436
591.0,364.0,0.0,1.411557059E12,132.0
567.0,347.0,0.0,1.411557061E12,14.705441169852742
660.0,292.0,0.0,1.411557064E12,36.015428792548214
486.0,364.0,0.0,1.411557065E12,188.30825791770258
676.0,302.0,0.0,1.411557067E12,99.92997548283498
676.0,302.0,0.0,1.411557069E12,0.0
459.0,302.0,0.0,1.411557075E12,36.166666666666664
567.0,347.0,0.0,1.411557082E12,16.714285714285715
567.0,347.0,0.0,1.411557083E12,0.0
567.0,347.0,0.0,1.411557084E12,0.0
374.0,320.0,0.0,1.411557086E12,97.43972495856092
676.0,302.0,0.0,1.411557087E12,302.5359482772254
842.0,320.0,0.0,1.411557094E12,23.85329310256206
567.0,347.0,0.0,1.411557096E12,138.1611378065482
738.0,364.0,0.0,1.411557097E12,171.8429515575195
403.0,320.0,0.0,1.411557098E12,337.8771966262299
403.0,320.0,0.0,1.411557099E12,0.0
514.0,364.0,0.0,1.411557102E12,39.80089334564126
643.0,302.0,0.0,1.411557103E12,143.1258187749506
643.0,302.0,0.0,1.411557105E12,0.0
676.0,364.0,0.0,1.411557116E12,6.385028977328319
514.0,347.0,0.0,1.411557117E12,162.88953311984167
676.0,364.0,0.0,1.411557119E12,81.44476655992084
676.0,364.0,0.0,1.411557121E12,0.0
842.0,320.0,0.0,1.411557127E12,38.47076812334269
660.0,40.0,0.0,1.411557141E12,90.65649452741927
660.0,239.0,0.0,1.411557143E12,99.5
842.0,347.0,0.0,1.411557161E12,81.54140052758476
660.0,239.0,0.0,1.411557167E12,323.199628712658
676.0,302.0,0.0,1.411557189E12,61.333333333333336
676.0,302.0,0.0,1.411557192E12,0.0
776.0,302.0,0.0,1.411557202E12,29.77777777777778
676.0,302.0,0.0,1.411557205E12,373.18628056240226
676.0,302.0,0.0,1.411557214E12,0.0
676.0,302.0,0.0,1.411557215E12,0.0
676.0,302.0,0.0,1.411557216E12,0.0
676.0,302.0,0.0,1.411557217E12,0.0
676.0,302.0,0.0,1.411557224E12,186.59314028120113
776.0,302.0,0.0,1.411557229E12,67.0
676.0,302.0,0.0,1.411557235E12,124.39542685413409
676.0,302.0,0.0,1.411557237E12,0.0
676.0,302.0,0.0,1.41155725E12,0.0
842.0,320.0,0.0,1.411557289E12,4.808846015417836
738.0,364.0,0.0,1.41155729E12,112.92475370794483
842.0,320.0,0.0,1.411557291E12,112.92475370794483
403.0,320.0,0.0,1.411557295E12,109.75
809.0,347.0,0.0,1.411557296E12,406.8967928111501
660.0,292.0,0.0,1.411557299E12,52.94231661807867
809.0,302.0,0.0,1.411557301E12,118.51160280748886
809.0,302.0,0.0,1.411557303E12,0.0
842.0,320.0,0.0,1.411557313E12,6.411794687223781
809.0,302.0,0.0,1.411557314E12,37.589892258425
738.0,364.0,0.0,1.411557321E12,75.64390259630977
676.0,302.0,0.0,1.411557323E12,43.840620433565945
676.0,302.0,0.0,1.411557332E12,0.0
842.0,320.0,0.0,1.411557335E12,55.65768390597814
842.0,320.0,0.0,1.411557342E12,10.854146673046206
738.0,364.0,0.0,1.411557349E12,39.93397328368694
514.0,364.0,0.0,1.411557351E12,112.0
432.0,302.0,0.0,1.411557352E12,102.80077820717118
514.0,364.0,0.0,1.411557354E12,51.40038910358559
776.0,320.0,0.0,1.411557355E12,265.6689669494727
459.0,302.0,0.0,1.411557359E12,79.37765743583014
738.0,347.0,0.0,1.41155736E12,282.6057324259365
514.0,364.0,0.0,1.411557362E12,112.32208153341888
567.0,347.0,0.0,1.411557364E12,27.829840100151493
567.0,347.0,0.0,1.411557368E12,0.0
567.0,347.0,0.0,1.411557369E12,0.0
567.0,347.0,0.0,1.411557375E12,0.0
567.0,347.0,0.0,1.411557377E12,0.0
514.0,364.0,0.0,1.411557379E12,27.829840100151493
738.0,364.0,0.0,1.41155738E12,224.0
486.0,347.0,0.0,1.411557381E12,252.57276179350774
432.0,320.0,0.0,1.411557383E12,30.18691769624716
842.0,320.0,0.0,1.411557384E12,410.0
842.0,320.0,0.0,1.411557403E12,2.5647178748895127
809.0,347.0,0.0,1.411557405E12,21.319005605327842
567.0,347.0,0.0,1.411557406E12,242.0
738.0,364.0,0.0,1.411557407E12,171.8429515575195
567.0,347.0,0.0,1.411557409E12,85.92147577875976
567.0,347.0,0.0,1.41155741E12,0.0
567.0,347.0,0.0,1.411557411E12,0.0
738.0,364.0,0.0,1.411557413E12,85.92147577875976
567.0,347.0,0.0,1.411557414E12,171.8429515575195
567.0,347.0,0.0,1.411557415E12,0.0
567.0,347.0,0.0,1.411557417E12,0.0
567.0,347.0,0.0,1.411557418E12,0.0
738.0,364.0,0.0,1.411557419E12,171.8429515575195
738.0,364.0,0.0,1.411557421E12,0.0
514.0,302.0,0.0,1.411557422E12,232.42202993692314
567.0,347.0,0.0,1.411557424E12,34.763486591537394
567.0,347.0,0.0,1.411557425E12,0.0
567.0,347.0,0.0,1.411557426E12,0.0
567.0,347.0,0.0,1.411557428E12,0.0
567.0,347.0,0.0,1.411557428E12,0.0
486.0,364.0,0.0,1.411557432E12,20.691181696558562
486.0,364.0,0.0,1.411557434E12,0.0
567.0,347.0,0.0,1.411557435E12,82.76472678623425
514.0,364.0,0.0,1.411557436E12,55.65968020030299
486.0,364.0,0.0,1.411557438E12,14.0
514.0,302.0,0.0,1.411557439E12,68.0294054067798
486.0,347.0,0.0,1.411557441E12,26.5
432.0,364.0,0.0,1.411557442E12,56.61271941887264
432.0,364.0,0.0,1.411557443E12,0.0
459.0,364.0,0.0,1.411557445E12,13.5
432.0,364.0,0.0,1.411557446E12,27.0
486.0,347.0,0.0,1.411557447E12,56.61271941887264
432.0,347.0,0.0,1.411557449E12,27.0
432.0,347.0,0.0,1.41155745E12,0.0
432.0,347.0,0.0,1.411557451E12,0.0
340.0,302.0,0.0,1.411557453E12,51.20790954530364
274.0,320.0,0.0,1.411557454E12,68.41052550594829
340.0,302.0,0.0,1.411557456E12,34.20526275297414
340.0,302.0,0.0,1.411557457E12,0.0
221.0,347.0,0.0,1.411557459E12,63.612105766119704
340.0,302.0,0.0,1.41155746E12,127.22421153223941
307.0,320.0,0.0,1.411557462E12,18.7949461292125
374.0,347.0,0.0,1.411557463E12,72.2357252334328
374.0,347.0,0.0,1.411557464E12,0.0
374.0,347.0,0.0,1.411557467E12,0.0
374.0,347.0,0.0,1.411557468E12,0.0
221.0,320.0,0.0,1.411557469E12,155.36408851468863
307.0,320.0,0.0,1.411557472E12,28.666666666666668
307.0,320.0,0.0,1.411557473E12,0.0
221.0,320.0,0.0,1.411557475E12,43.0
221.0,320.0,0.0,1.411557476E12,0.0
374.0,347.0,0.0,1.411557478E12,77.68204425734432
374.0,347.0,0.0,1.411557479E12,0.0
221.0,320.0,0.0,1.41155748E12,155.36408851468863
374.0,347.0,0.0,1.411557482E12,77.68204425734432
374.0,347.0,0.0,1.411557483E12,0.0
340.0,302.0,0.0,1.411557484E12,56.4003546088143
274.0,347.0,0.0,1.411557486E12,39.94058086708304
432.0,347.0,0.0,1.411557487E12,158.0
307.0,347.0,0.0,1.411557489E12,62.5
486.0,347.0,0.0,1.41155749E12,179.0
486.0,347.0,0.0,1.411557491E12,0.0
432.0,347.0,0.0,1.411557493E12,27.0
432.0,347.0,0.0,1.411557494E12,0.0
486.0,347.0,0.0,1.411557495E12,54.0
432.0,347.0,0.0,1.411557497E12,27.0
432.0,347.0,0.0,1.411557498E12,0.0
374.0,320.0,0.0,1.4115575E12,31.988279103446626
486.0,347.0,0.0,1.411557502E12,57.604253315184984
432.0,347.0,0.0,1.411557503E12,54.0
459.0,347.0,0.0,1.411557505E12,13.5
486.0,347.0,0.0,1.411557506E12,27.0
486.0,347.0,0.0,1.41155751E12,0.0
514.0,364.0,0.0,1.411557511E12,32.7566787083184
514.0,302.0,0.0,1.411557513E12,31.0
403.0,320.0,0.0,1.411557514E12,112.44998888394787
738.0,364.0,0.0,1.411557515E12,337.8771966262299
514.0,364.0,0.0,1.411557517E12,112.0
567.0,347.0,0.0,1.411557518E12,55.65968020030299
567.0,347.0,0.0,1.411557519E12,0.0
514.0,364.0,0.0,1.411557521E12,27.829840100151493
567.0,347.0,0.0,1.411557522E12,55.65968020030299
567.0,347.0,0.0,1.411557524E12,0.0
567.0,347.0,0.0,1.411557525E12,0.0
514.0,364.0,0.0,1.411557527E12,27.829840100151493
403.0,302.0,0.0,1.411557528E12,127.1416532848303
459.0,320.0,0.0,1.41155753E12,29.410882339705484
514.0,364.0,0.0,1.411557538E12,8.804295826470167
459.0,302.0,0.0,1.411557549E12,7.534493681815807
776.0,320.0,0.0,1.411557553E12,79.37765743583014
432.0,302.0,0.0,1.411557591E12,9.065016008560441
542.0,302.0,0.0,1.411557592E12,110.0
542.0,302.0,0.0,1.411557593E12,0.0
567.0,347.0,0.0,1.411557608E12,3.4318767136623336
842.0,320.0,0.0,1.411557609E12,276.3222756130964
693.0,2.0,0.0,1.411557611E12,175.58829687652877
660.0,177.0,0.0,1.411557612E12,178.08424972467387
660.0,177.0,0.0,1.411557613E12,0.0
660.0,239.0,0.0,1.411557614E12,62.0
842.0,320.0,0.0,1.411557639E12,2.404423007708918
842.0,320.0,0.0,1.411557641E12,38.47076812334269
842.0,320.0,0.0,1.411557643E12,0.0
842.0,320.0,0.0,1.411557649E12,35.497359056696034
842.0,320.0,0.0,1.411557651E12,38.47076812334269
842.0,320.0,0.0,1.411557654E12,0.0
809.0,302.0,0.0,1.411557655E12,37.589892258425
809.0,302.0,0.0,1.411557658E12,40.35467754796215
809.0,302.0,0.0,1.41155766E12,0.0
809.0,302.0,0.0,1.411557661E12,0.0
809.0,347.0,0.0,1.411557662E12,45.0
660.0,177.0,0.0,1.411557666E12,249.56161563830284
660.0,177.0,0.0,1.411557668E12,0.0
660.0,177.0,0.0,1.411557669E12,0.0
660.0,177.0,0.0,1.411557674E12,0.0
660.0,177.0,0.0,1.411557682E12,0.0
676.0,302.0,0.0,1.411557692E12,12.601983970788092
676.0,302.0,0.0,1.411557694E12,0.0
676.0,302.0,0.0,1.411557697E12,0.0
676.0,302.0,0.0,1.411557754E12,22.006760794382192
403.0,320.0,0.0,1.411557766E12,78.89039513429023
643.0,320.0,0.0,1.41155777E12,60.0
676.0,302.0,0.0,1.411557774E12,9.39747306460625
643.0,320.0,0.0,1.411557776E12,18.7949461292125
514.0,364.0,0.0,1.411557777E12,136.2974687952788
643.0,320.0,0.0,1.411557778E12,136.2974687952788
643.0,302.0,0.0,1.41155778E12,9.0
514.0,347.0,0.0,1.411557787E12,19.51765292011834
567.0,347.0,0.0,1.411557788E12,53.0
514.0,364.0,0.0,1.4115578E12,4.638306683358582
432.0,347.0,0.0,1.411557804E12,20.935914119044337
432.0,347.0,0.0,1.411557805E12,0.0
221.0,320.0,0.0,1.411557812E12,77.68204425734432
486.0,347.0,0.0,1.411557823E12,145.2532271586418
486.0,347.0,0.0,1.411557824E12,0.0
486.0,347.0,0.0,1.411557825E12,0.0
616.0,347.0,0.0,1.411557826E12,130.0
374.0,320.0,0.0,1.411557828E12,121.75077001809886
221.0,364.0,0.0,1.411557829E12,159.20113064925135
307.0,320.0,0.0,1.41155783E12,96.60227740586657
374.0,347.0,0.0,1.411557832E12,36.1178626167164
374.0,347.0,0.0,1.411557833E12,0.0
432.0,347.0,0.0,1.411557835E12,29.0
514.0,347.0,0.0,1.411557836E12,82.0
514.0,347.0,0.0,1.411557837E12,0.0
432.0,347.0,0.0,1.411557839E12,41.0
374.0,320.0,0.0,1.41155784E12,63.97655820689325
221.0,320.0,0.0,1.411557841E12,153.0
486.0,347.0,0.0,1.411557843E12,133.1859602210383
432.0,364.0,0.0,1.411557844E12,56.61271941887264
432.0,364.0,0.0,1.411557845E12,0.0
340.0,302.0,0.0,1.411557847E12,55.47071299343465
514.0,347.0,0.0,1.411557848E12,179.7247896090019
432.0,320.0,0.0,1.411557852E12,21.582689823096658
432.0,320.0,0.0,1.411557853E12,0.0
432.0,364.0,0.0,1.411557855E12,22.0
514.0,347.0,0.0,1.411557856E12,83.74365647617735
340.0,364.0,0.0,1.411557858E12,87.41424369060228
542.0,302.0,0.0,1.411557859E12,211.30073355291506
432.0,364.0,0.0,1.41155786E12,126.26955294131677
459.0,320.0,0.0,1.411557862E12,25.811818998280614
432.0,364.0,0.0,1.411557863E12,51.62363799656123
567.0,347.0,0.0,1.411557864E12,136.06616037795732
432.0,320.0,0.0,1.411557869E12,27.53470537340104
738.0,364.0,0.0,1.411557871E12,154.5736070614903
403.0,302.0,0.0,1.411557872E12,340.6890077475351
567.0,347.0,0.0,1.411557873E12,170.06175348972502
567.0,347.0,0.0,1.411557874E12,0.0
403.0,320.0,0.0,1.411557876E12,83.10385069297331
459.0,320.0,0.0,1.411557877E12,56.0
567.0,347.0,0.0,1.411557881E12,27.83096297291921
432.0,364.0,0.0,1.411557882E12,136.06616037795732
459.0,320.0,0.0,1.411557884E12,25.811818998280614
459.0,320.0,0.0,1.411557885E12,0.0
567.0,347.0,0.0,1.411557886E12,111.32385189167684
542.0,302.0,0.0,1.411557887E12,51.478150704935004
567.0,347.0,0.0,1.411557889E12,25.739075352467502
459.0,320.0,0.0,1.41155789E12,111.32385189167684
403.0,320.0,0.0,1.411557891E12,56.0
514.0,302.0,0.0,1.411557892E12,112.44998888394787
403.0,320.0,0.0,1.411557894E12,56.224994441973934
432.0,320.0,0.0,1.411557895E12,29.0
432.0,320.0,0.0,1.411557896E12,0.0
403.0,302.0,0.0,1.411557898E12,17.066048165876012
567.0,364.0,0.0,1.411557899E12,175.32826355154492
514.0,364.0,0.0,1.4115579E12,53.0
514.0,364.0,0.0,1.411557902E12,0.0
738.0,364.0,0.0,1.411557904E12,112.0
403.0,320.0,0.0,1.411557907E12,112.62573220874329
567.0,347.0,0.0,1.411557908E12,166.20770138594662
542.0,320.0,0.0,1.411557912E12,9.199184746487049
514.0,364.0,0.0,1.411557917E12,10.430723848324238
776.0,302.0,0.0,1.411557919E12,134.61797799699713
676.0,302.0,0.0,1.411557921E12,50.0
514.0,364.0,0.0,1.411557923E12,86.7294644281861
776.0,320.0,0.0,1.411557924E12,265.6689669494727
514.0,320.0,0.0,1.411557928E12,65.5
676.0,302.0,0.0,1.411557929E12,162.9969324864735
403.0,302.0,0.0,1.411557932E12,91.0
643.0,302.0,0.0,1.411557933E12,240.0
403.0,320.0,0.0,1.411557934E12,240.67405344157896
403.0,320.0,0.0,1.411557936E12,0.0
340.0,302.0,0.0,1.411557937E12,65.52098900352466
403.0,320.0,0.0,1.411557939E12,32.76049450176233
340.0,302.0,0.0,1.41155794E12,65.52098900352466
403.0,320.0,0.0,1.411557941E12,65.52098900352466
403.0,320.0,0.0,1.411557944E12,0.0
809.0,302.0,0.0,1.411557949E12,81.27976377918431
842.0,320.0,0.0,1.411557957E12,73.16419889536138
809.0,364.0,0.0,1.411557968E12,5.0
809.0,302.0,0.0,1.411557969E12,62.0
676.0,302.0,0.0,1.411557986E12,0.0
660.0,177.0,0.0,1.411558067E12,100.77477638553982
660.0,177.0,0.0,1.411558069E12,0.0
660.0,177.0,0.0,1.41155807E12,0.0
693.0,2.0,0.0,1.411558191E12,384.98441526898205
693.0,2.0,0.0,1.411558192E12,0.0
676.0,302.0,0.0,1.411567384E12,0.03268943435758807
693.0,2.0,0.0,1.411567572E12,0.0
693.0,2.0,0.0,1.411567573E12,0.0
660.0,80.0,0.0,1.411567581E12,212.19095173922943
660.0,80.0,0.0,1.411567588E12,129.00172264138354
738.0,364.0,0.0,1.411567737E12,0.0
738.0,364.0,0.0,1.411567739E12,0.0
738.0,364.0,0.0,1.411567745E12,151.28780519261954
738.0,364.0,0.0,1.411567747E12,0.0
660.0,292.0,0.0,1.41156775E12,35.38361202590826
738.0,364.0,0.0,1.411567753E12,151.28780519261954
738.0,364.0,0.0,1.411567754E12,0.0
738.0,364.0,0.0,1.411567756E12,0.0
738.0,364.0,0.0,1.411567757E12,0.0
738.0,364.0,0.0,1.41156776E12,151.28780519261954
738.0,364.0,0.0,1.411567763E12,75.64390259630977
738.0,364.0,0.0,1.411567766E12,75.64390259630977
738.0,364.0,0.0,1.411567767E12,0.0
776.0,320.0,0.0,1.411567769E12,29.068883707497267
738.0,364.0,0.0,1.41156777E12,58.137767414994535
738.0,364.0,0.0,1.411567774E12,0.0
738.0,364.0,0.0,1.411567776E12,0.0
842.0,302.0,0.0,1.411567778E12,60.53924347066124
776.0,320.0,0.0,1.411567779E12,68.41052550594829
643.0,302.0,0.0,1.41156778E12,134.21251804507656
776.0,320.0,0.0,1.411567782E12,67.10625902253828
776.0,320.0,0.0,1.411567791E12,0.0
459.0,302.0,0.0,1.411567793E12,158.7553148716603
842.0,320.0,0.0,1.411567797E12,95.85568579901768
738.0,364.0,0.0,1.4115678E12,37.641584569314944
693.0,144.0,0.0,1.411567801E12,224.5551157288562
693.0,144.0,0.0,1.411567802E12,0.0
660.0,112.0,0.0,1.411567808E12,7.661229956374136
307.0,320.0,0.0,1.411567809E12,409.72307721191396
693.0,112.0,0.0,1.411567811E12,219.23731434224422
693.0,112.0,0.0,1.411567812E12,0.0
842.0,320.0,0.0,1.411567822E12,25.586129054626454
660.0,210.0,0.0,1.411567824E12,106.3296760081587
676.0,364.0,0.0,1.411567825E12,154.82893786369524
660.0,210.0,0.0,1.411567828E12,51.60964595456508
403.0,320.0,0.0,1.41156783E12,139.77571319796584
374.0,320.0,0.0,1.411567832E12,14.5
842.0,320.0,0.0,1.411567833E12,468.0
809.0,347.0,0.0,1.411567838E12,8.527602242131136
809.0,347.0,0.0,1.411567841E12,0.0
809.0,347.0,0.0,1.411567843E12,0.0
643.0,320.0,0.0,1.411567847E12,42.04536240776145
776.0,302.0,0.0,1.411567851E12,33.55312951126914
514.0,320.0,0.0,1.411567852E12,262.6175927084855
710.0,320.0,0.0,1.411567854E12,98.0
643.0,320.0,0.0,1.411567855E12,67.0
643.0,302.0,0.0,1.411567859E12,4.5
542.0,320.0,0.0,1.41156786E12,102.59142264341595
616.0,320.0,0.0,1.411567862E12,37.0
542.0,320.0,0.0,1.411567863E12,74.0
514.0,320.0,0.0,1.411567864E12,28.0
514.0,320.0,0.0,1.411567865E12,0.0
567.0,347.0,0.0,1.411567867E12,29.740544715926102
567.0,347.0,0.0,1.411567869E12,0.0
567.0,347.0,0.0,1.41156787E12,0.0
567.0,347.0,0.0,1.411567872E12,0.0
567.0,347.0,0.0,1.411567874E12,0.0
486.0,364.0,0.0,1.411567875E12,82.76472678623425
432.0,320.0,0.0,1.411567876E12,69.65629906907199
567.0,347.0,0.0,1.411567878E12,68.8367634335026
567.0,347.0,0.0,1.411567879E12,0.0
567.0,347.0,0.0,1.41156788E12,0.0
432.0,320.0,0.0,1.411567882E12,68.8367634335026
567.0,347.0,0.0,1.411567883E12,137.6735268670052
567.0,347.0,0.0,1.411567884E12,0.0
432.0,320.0,0.0,1.411567886E12,68.8367634335026
432.0,320.0,0.0,1.411567887E12,0.0
432.0,320.0,0.0,1.411567889E12,0.0
432.0,320.0,0.0,1.411567891E12,0.0
567.0,347.0,0.0,1.411567892E12,137.6735268670052
432.0,320.0,0.0,1.411567893E12,137.6735268670052
567.0,347.0,0.0,1.4115679E12,19.667646695286454
514.0,302.0,0.0,1.411567901E12,69.52697318307479
567.0,347.0,0.0,1.411567903E12,34.763486591537394
486.0,347.0,0.0,1.411567904E12,81.0
514.0,302.0,0.0,1.411567908E12,13.25
514.0,302.0,0.0,1.411567909E12,0.0
514.0,302.0,0.0,1.41156791E12,0.0
514.0,320.0,0.0,1.411567912E12,9.0
567.0,347.0,0.0,1.411567913E12,59.481089431852205
486.0,364.0,0.0,1.411567914E12,82.76472678623425
403.0,320.0,0.0,1.411567916E12,46.97073557013984
459.0,347.0,0.0,1.41156792E12,15.542281042369552
432.0,347.0,0.0,1.411567923E12,9.0
403.0,320.0,0.0,1.411567924E12,39.6232255123179
403.0,320.0,0.0,1.411567926E12,0.0
403.0,320.0,0.0,1.41156793E12,0.0
432.0,320.0,0.0,1.411567933E12,9.666666666666666
459.0,347.0,0.0,1.411567935E12,19.091883092036785
486.0,347.0,0.0,1.411567936E12,27.0
432.0,320.0,0.0,1.411567937E12,60.37383539249432
340.0,302.0,0.0,1.411567939E12,46.87216658103186
340.0,302.0,0.0,1.41156794E12,0.0
403.0,302.0,0.0,1.411567942E12,31.5
374.0,347.0,0.0,1.411567943E12,53.53503525729669
432.0,347.0,0.0,1.411567944E12,58.0
374.0,347.0,0.0,1.411567946E12,29.0
274.0,320.0,0.0,1.411567947E12,103.58088626768937
274.0,320.0,0.0,1.411567948E12,0.0
374.0,347.0,0.0,1.41156795E12,51.79044313384468
432.0,347.0,0.0,1.411567954E12,160.29036153181514
340.0,302.0,0.0,1.411567957E12,184.0
340.0,302.0,0.0,1.411567959E12,0.0
403.0,302.0,0.0,1.411567962E12,21.0
514.0,364.0,0.0,1.411567964E12,63.57082664241515
307.0,320.0,0.0,1.411567966E12,105.81233387464809
459.0,347.0,0.0,1.411567967E12,154.37940277122465
514.0,364.0,0.0,1.411567968E12,57.56735185849702
432.0,302.0,0.0,1.41156797E12,51.40038910358559
514.0,320.0,0.0,1.411567971E12,83.95236744726142
514.0,364.0,0.0,1.411567972E12,44.0
591.0,347.0,0.0,1.411567974E12,39.42714800743264
643.0,302.0,0.0,1.411567977E12,22.922574995938923
514.0,364.0,0.0,1.411567979E12,71.5629093874753
567.0,347.0,0.0,1.41156798E12,55.65968020030299
660.0,292.0,0.0,1.411567982E12,54.023143188822324
514.0,364.0,0.0,1.411567984E12,81.39410298049853
514.0,364.0,0.0,1.411567986E12,0.0
738.0,364.0,0.0,1.411567987E12,224.0
567.0,347.0,0.0,1.411567991E12,42.96073788937988
567.0,347.0,0.0,1.411567993E12,0.0
486.0,347.0,0.0,1.411567994E12,81.0
842.0,347.0,0.0,1.411568E12,59.333333333333336
660.0,210.0,0.0,1.411568003E12,75.93345039499317
374.0,320.0,0.0,1.411568013E12,251.16130275183716
809.0,347.0,0.0,1.411568014E12,435.83712554118193
842.0,320.0,0.0,1.411568017E12,19.235384061671343
809.0,347.0,0.0,1.411568019E12,21.319005605327842
842.0,302.0,0.0,1.41156802E12,55.80322571321482
643.0,302.0,0.0,1.411568026E12,33.166666666666664
676.0,347.0,0.0,1.411568028E12,27.90161285660741
542.0,302.0,0.0,1.411568029E12,141.35416513141735
514.0,302.0,0.0,1.411568031E12,14.0
486.0,320.0,0.0,1.411568032E12,33.28663395418648
542.0,320.0,0.0,1.411568034E12,28.0
514.0,320.0,0.0,1.411568035E12,28.0
514.0,320.0,0.0,1.411568037E12,0.0
514.0,302.0,0.0,1.411568039E12,9.0
486.0,320.0,0.0,1.41156804E12,33.28663395418648
486.0,320.0,0.0,1.411568041E12,0.0
403.0,320.0,0.0,1.411568045E12,20.75
432.0,320.0,0.0,1.411568046E12,29.0
403.0,320.0,0.0,1.411568047E12,29.0
432.0,347.0,0.0,1.411568051E12,9.905806378079475
374.0,347.0,0.0,1.411568055E12,72.2357252334328
374.0,347.0,0.0,1.411568057E12,0.0
374.0,347.0,0.0,1.411568058E12,0.0
374.0,347.0,0.0,1.411568059E12,0.0
274.0,320.0,0.0,1.411568061E12,51.79044313384468
274.0,320.0,0.0,1.411568062E12,0.0
221.0,320.0,0.0,1.411568064E12,26.5
221.0,320.0,0.0,1.411568067E12,0.0
274.0,347.0,0.0,1.411568068E12,59.481089431852205
307.0,320.0,0.0,1.411568072E12,10.659502802663921
307.0,320.0,0.0,1.411568073E12,0.0
307.0,320.0,0.0,1.411568075E12,0.0
307.0,320.0,0.0,1.411568076E12,0.0
307.0,320.0,0.0,1.411568077E12,0.0
307.0,320.0,0.0,1.411568079E12,0.0
274.0,320.0,0.0,1.41156808E12,33.0
274.0,320.0,0.0,1.411568081E12,0.0
432.0,347.0,0.0,1.411568083E12,80.14518076590757
432.0,347.0,0.0,1.411568087E12,0.0
274.0,320.0,0.0,1.41156809E12,53.43012051060504
274.0,320.0,0.0,1.411568094E12,0.0
274.0,320.0,0.0,1.411568095E12,0.0
514.0,364.0,0.0,1.411568393E12,1.907826634979133
307.0,320.0,0.0,1.411568592E12,15.728000508646991
307.0,320.0,0.0,1.411568594E12,0.0
459.0,347.0,0.0,1.411568595E12,154.37940277122465
307.0,320.0,0.0,1.411568597E12,77.18970138561232
307.0,320.0,0.0,1.411568598E12,0.0
274.0,320.0,0.0,1.4115686E12,16.5
307.0,320.0,0.0,1.411568601E12,33.0
307.0,320.0,0.0,1.411568603E12,0.0
274.0,320.0,0.0,1.411568607E12,8.25
307.0,320.0,0.0,1.411568608E12,33.0
274.0,320.0,0.0,1.41156861E12,16.5
274.0,320.0,0.0,1.411568612E12,0.0
374.0,347.0,0.0,1.411568613E12,103.58088626768937
307.0,320.0,0.0,1.411568615E12,36.1178626167164
307.0,320.0,0.0,1.411568619E12,0.0
432.0,347.0,0.0,1.411568623E12,31.97068970166268
459.0,347.0,0.0,1.411568625E12,13.5
274.0,320.0,0.0,1.411568626E12,186.9598887462228
459.0,347.0,0.0,1.411568627E12,186.9598887462228
403.0,320.0,0.0,1.411568629E12,31.084562084739105
340.0,302.0,0.0,1.41156863E12,65.52098900352466
432.0,347.0,0.0,1.411568632E12,51.20790954530364
307.0,320.0,0.0,1.411568633E12,127.88275880665071
403.0,320.0,0.0,1.411568635E12,48.0
432.0,320.0,0.0,1.411568636E12,29.0
486.0,347.0,0.0,1.411568638E12,30.18691769624716
486.0,347.0,0.0,1.411568641E12,0.0
486.0,347.0,0.0,1.411568649E12,0.0
486.0,347.0,0.0,1.411568651E12,0.0
432.0,320.0,0.0,1.411568652E12,60.37383539249432
486.0,347.0,0.0,1.411568654E12,30.18691769624716
432.0,320.0,0.0,1.411568655E12,60.37383539249432
459.0,302.0,0.0,1.411568656E12,32.449961479175904
432.0,320.0,0.0,1.411568657E12,32.449961479175904
432.0,320.0,0.0,1.411568659E12,0.0
432.0,347.0,0.0,1.41156866E12,27.0
459.0,364.0,0.0,1.411568662E12,15.953056133543816
459.0,302.0,0.0,1.411568663E12,62.0
403.0,320.0,0.0,1.411568665E12,29.410882339705484
432.0,347.0,0.0,1.411568666E12,39.6232255123179
486.0,320.0,0.0,1.411568667E12,60.37383539249432
514.0,302.0,0.0,1.411568669E12,16.64331697709324
403.0,320.0,0.0,1.41156867E12,112.44998888394787
514.0,347.0,0.0,1.411568672E12,57.118298293979315
459.0,347.0,0.0,1.411568674E12,27.5
307.0,320.0,0.0,1.411568675E12,154.37940277122465
432.0,347.0,0.0,1.411568677E12,63.94137940332536
307.0,320.0,0.0,1.411568678E12,127.88275880665071
432.0,320.0,0.0,1.41156868E12,62.5
432.0,347.0,0.0,1.411568681E12,27.0
432.0,347.0,0.0,1.411568682E12,0.0
514.0,347.0,0.0,1.411568683E12,82.0
459.0,347.0,0.0,1.411568686E12,18.333333333333332
514.0,347.0,0.0,1.411568688E12,27.5
340.0,302.0,0.0,1.411568689E12,179.7247896090019
340.0,320.0,0.0,1.411568691E12,9.0
340.0,320.0,0.0,1.411568693E12,0.0
307.0,320.0,0.0,1.411568694E12,33.0
514.0,364.0,0.0,1.411568696E12,105.81233387464809
486.0,302.0,0.0,1.411568697E12,68.0294054067798
514.0,302.0,0.0,1.411568699E12,14.0
403.0,320.0,0.0,1.4115687E12,112.44998888394787
514.0,364.0,0.0,1.411568704E12,29.85067000923095
514.0,364.0,0.0,1.411568705E12,0.0
459.0,364.0,0.0,1.411568718E12,4.230769230769231
567.0,347.0,0.0,1.411568723E12,21.865955272980873
459.0,347.0,0.0,1.411568724E12,108.0
486.0,347.0,0.0,1.411568726E12,13.5
567.0,347.0,0.0,1.411568727E12,81.0
432.0,320.0,0.0,1.411568728E12,137.6735268670052
432.0,320.0,0.0,1.411568729E12,0.0
514.0,302.0,0.0,1.411568732E12,27.984122482420474
403.0,320.0,0.0,1.411568733E12,112.44998888394787
403.0,320.0,0.0,1.411568735E12,0.0
403.0,320.0,0.0,1.411568736E12,0.0
432.0,320.0,0.0,1.411568739E12,9.666666666666666
567.0,347.0,0.0,1.41156874E12,137.6735268670052
403.0,302.0,0.0,1.411568741E12,170.06175348972502
403.0,302.0,0.0,1.411568742E12,0.0
514.0,302.0,0.0,1.411568744E12,55.5
459.0,364.0,0.0,1.411568745E12,82.87943049997388
432.0,320.0,0.0,1.411568747E12,25.811818998280614
432.0,320.0,0.0,1.411568748E12,0.0
432.0,320.0,0.0,1.411568749E12,0.0
403.0,320.0,0.0,1.41156875E12,29.0
403.0,320.0,0.0,1.411568752E12,0.0
340.0,320.0,0.0,1.411568753E12,63.0
514.0,302.0,0.0,1.411568754E12,174.92855684535903
486.0,364.0,0.0,1.411568756E12,34.0147027033899
567.0,347.0,0.0,1.411568757E12,82.76472678623425
403.0,320.0,0.0,1.41156876E12,55.40256712864887
514.0,302.0,0.0,1.411568761E12,112.44998888394787
486.0,364.0,0.0,1.411568763E12,34.0147027033899
486.0,364.0,0.0,1.411568766E12,0.0
486.0,364.0,0.0,1.411568768E12,0.0
403.0,302.0,0.0,1.41156877E12,51.800096525006595
403.0,320.0,0.0,1.411568771E12,18.0
514.0,302.0,0.0,1.411568772E12,112.44998888394787
403.0,320.0,0.0,1.411568774E12,56.224994441973934
514.0,364.0,0.0,1.411568775E12,119.4026800369238
514.0,364.0,0.0,1.411568777E12,0.0
403.0,320.0,0.0,1.411568778E12,119.4026800369238
403.0,320.0,0.0,1.41156878E12,0.0
403.0,320.0,0.0,1.411568781E12,0.0
514.0,364.0,0.0,1.411568782E12,119.4026800369238
514.0,320.0,0.0,1.411568785E12,14.666666666666666
486.0,364.0,0.0,1.411568788E12,17.384539747207064
567.0,347.0,0.0,1.411568795E12,11.823532398033462
591.0,364.0,0.0,1.411568798E12,9.803627446568495
616.0,347.0,0.0,1.411568801E12,10.077477638553983
616.0,302.0,0.0,1.411568803E12,22.5
676.0,347.0,0.0,1.411568804E12,75.0
643.0,320.0,0.0,1.411568805E12,42.638011210655684
486.0,302.0,0.0,1.411568807E12,79.01423922306662
459.0,320.0,0.0,1.411568808E12,32.449961479175904
776.0,320.0,0.0,1.411568809E12,317.0
514.0,320.0,0.0,1.411568811E12,131.0
776.0,320.0,0.0,1.411568812E12,262.0
776.0,302.0,0.0,1.411568816E12,4.5
514.0,364.0,0.0,1.411568818E12,134.61797799699713
542.0,320.0,0.0,1.41156882E12,26.076809620810597
643.0,302.0,0.0,1.411568821E12,102.59142264341595
514.0,320.0,0.0,1.411568823E12,65.12488003827723
514.0,320.0,0.0,1.411568825E12,0.0
514.0,320.0,0.0,1.41156883E12,0.0
514.0,320.0,0.0,1.411568832E12,0.0
776.0,302.0,0.0,1.411568833E12,262.6175927084855
776.0,302.0,0.0,1.411568835E12,0.0
514.0,320.0,0.0,1.411568836E12,262.6175927084855
776.0,302.0,0.0,1.411568838E12,131.30879635424276
514.0,364.0,0.0,1.411568839E12,269.23595599399425
643.0,302.0,0.0,1.41156884E12,143.1258187749506
567.0,320.0,0.0,1.411568842E12,39.05124837953327
643.0,302.0,0.0,1.411568843E12,78.10249675906654
514.0,364.0,0.0,1.411568845E12,71.5629093874753
676.0,347.0,0.0,1.411568847E12,81.44476655992084
738.0,364.0,0.0,1.411568849E12,32.14420632089086
738.0,364.0,0.0,1.41156885E12,0.0
710.0,320.0,0.0,1.411568852E12,26.076809620810597
676.0,347.0,0.0,1.411568855E12,14.472195564061607
776.0,347.0,0.0,1.411568862E12,14.285714285714286
307.0,320.0,0.0,1.411568863E12,469.77654262425665
307.0,320.0,0.0,1.411568864E12,0.0
307.0,320.0,0.0,1.411568884E12,335.72161086233336
809.0,347.0,0.0,1.411568901E12,29.572092427135274
809.0,347.0,0.0,1.41156892E12,0.0
307.0,320.0,0.0,1.411568921E12,502.7255712612996
307.0,320.0,0.0,1.411568922E12,0.0
274.0,320.0,0.0,1.411568963E12,106.09547586961472
307.0,320.0,0.0,1.411568964E12,33.0
307.0,320.0,0.0,1.411568966E12,0.0
307.0,320.0,0.0,1.411568971E12,0.0
307.0,320.0,0.0,1.411568975E12,0.0
776.0,302.0,0.0,1.411568976E12,469.34528867348826
842.0,302.0,0.0,1.411568985E12,0.0
307.0,320.0,0.0,1.41156901E12,21.412108723803918
307.0,320.0,0.0,1.411569011E12,0.0
307.0,320.0,0.0,1.411569019E12,737.2197772713372
307.0,320.0,0.0,1.411569023E12,0.0
307.0,320.0,0.0,1.411569025E12,0.0
307.0,320.0,0.0,1.411569026E12,0.0
307.0,320.0,0.0,1.411569032E12,245.7399257571124
307.0,320.0,0.0,1.411569034E12,0.0
307.0,320.0,0.0,1.411569035E12,0.0
307.0,320.0,0.0,1.411569038E12,0.0
307.0,320.0,0.0,1.411569055E12,301.8020874679299
616.0,302.0,0.0,1.41156907E12,98.5
307.0,320.0,0.0,1.411569073E12,703.2304032107827
307.0,320.0,0.0,1.411569077E12,703.2304032107827
307.0,320.0,0.0,1.411569083E12,0.0
307.0,320.0,0.0,1.411569085E12,0.0
307.0,320.0,0.0,1.411569115E12,0.0
307.0,320.0,0.0,1.411569116E12,0.0
307.0,320.0,0.0,1.411569117E12,0.0
242.0,320.0,0.0,1.411569151E12,317.1277345171816
738.0,364.0,0.0,1.411569182E12,30.25756103852391
738.0,364.0,0.0,1.411569183E12,0.0
776.0,320.0,0.0,1.411569184E12,58.137767414994535
776.0,347.0,0.0,1.411569189E12,5.4
514.0,347.0,0.0,1.41156919E12,262.0
842.0,347.0,0.0,1.411569192E12,164.0
738.0,364.0,0.0,1.411569203E12,75.64390259630977
738.0,364.0,0.0,1.411569204E12,0.0
842.0,347.0,0.0,1.411569205E12,105.38026380684383
738.0,364.0,0.0,1.411569207E12,52.690131903421914
738.0,364.0,0.0,1.411569208E12,0.0
738.0,364.0,0.0,1.41156921E12,0.0
738.0,364.0,0.0,1.411569211E12,0.0
809.0,347.0,0.0,1.411569213E12,36.50342449688796
809.0,347.0,0.0,1.411569216E12,40.35467754796215
809.0,347.0,0.0,1.411569217E12,0.0
738.0,364.0,0.0,1.411569218E12,73.00684899377592
738.0,364.0,0.0,1.41156922E12,0.0
738.0,364.0,0.0,1.411569221E12,0.0
842.0,302.0,0.0,1.411569222E12,121.07848694132248
738.0,364.0,0.0,1.411569227E12,24.2156973882645
842.0,302.0,0.0,1.411569229E12,60.53924347066124
643.0,320.0,0.0,1.41156923E12,199.81241202688085
776.0,320.0,0.0,1.411569233E12,44.333333333333336
776.0,320.0,0.0,1.411569235E12,0.0
616.0,347.0,0.0,1.411569236E12,162.2621335986927
643.0,320.0,0.0,1.411569238E12,19.091883092036785
542.0,320.0,0.0,1.411569239E12,101.0
542.0,320.0,0.0,1.411569241E12,0.0
643.0,320.0,0.0,1.411569242E12,101.0
643.0,320.0,0.0,1.411569247E12,0.0
643.0,320.0,0.0,1.411569249E12,0.0
643.0,320.0,0.0,1.41156925E12,0.0
643.0,320.0,0.0,1.411569252E12,0.0
643.0,320.0,0.0,1.411569253E12,0.0
643.0,302.0,0.0,1.411569255E12,9.0
643.0,302.0,0.0,1.411569256E12,0.0
643.0,302.0,0.0,1.411569291E12,0.0
693.0,112.0,0.0,1.411569303E12,16.372402253657082
459.0,302.0,0.0,1.411569345E12,7.17674500969906
567.0,347.0,0.0,1.411569347E12,58.5
567.0,347.0,0.0,1.411569351E12,0.0
567.0,347.0,0.0,1.411569352E12,0.0
403.0,320.0,0.0,1.411569353E12,166.20770138594662
567.0,347.0,0.0,1.411569354E12,166.20770138594662
514.0,364.0,0.0,1.411569356E12,27.829840100151493
567.0,347.0,0.0,1.41156936E12,13.914920050075747
459.0,320.0,0.0,1.411569364E12,27.83096297291921
567.0,347.0,0.0,1.411569366E12,55.66192594583842
567.0,347.0,0.0,1.411569368E12,0.0
432.0,320.0,0.0,1.411569371E12,45.89117562233506
486.0,320.0,0.0,1.411569373E12,27.0
432.0,320.0,0.0,1.411569375E12,27.0
403.0,302.0,0.0,1.411569376E12,34.132096331752024
486.0,364.0,0.0,1.411569378E12,51.800096525006595
542.0,347.0,0.0,1.41156938E12,29.261749776799064
486.0,320.0,0.0,1.411569382E12,31.084562084739105
486.0,364.0,0.0,1.411569383E12,44.0
403.0,302.0,0.0,1.411569385E12,51.800096525006595
403.0,320.0,0.0,1.411569386E12,18.0
403.0,302.0,0.0,1.411569388E12,9.0
459.0,347.0,0.0,1.411569389E12,71.84010022264724
459.0,347.0,0.0,1.411569391E12,0.0
459.0,347.0,0.0,1.411569392E12,0.0
307.0,320.0,0.0,1.411569394E12,77.18970138561232
374.0,320.0,0.0,1.411569396E12,33.5
459.0,347.0,0.0,1.411569397E12,89.1852005660132
459.0,347.0,0.0,1.411569399E12,0.0
459.0,347.0,0.0,1.4115694E12,0.0
340.0,302.0,0.0,1.411569402E12,63.612105766119704
403.0,320.0,0.0,1.411569408E12,10.920164833920778
432.0,347.0,0.0,1.41156941E12,19.81161275615895
459.0,347.0,0.0,1.411569411E12,27.0
486.0,364.0,0.0,1.411569412E12,31.906112267087632
274.0,302.0,0.0,1.411569416E12,55.220014487502624
432.0,347.0,0.0,1.411569417E12,164.28329190760695
307.0,320.0,0.0,1.411569418E12,127.88275880665071
307.0,320.0,0.0,1.41156942E12,0.0
307.0,320.0,0.0,1.411569421E12,0.0
274.0,320.0,0.0,1.411569423E12,16.5
274.0,320.0,0.0,1.411569425E12,0.0
274.0,347.0,0.0,1.411569426E12,27.0
340.0,347.0,0.0,1.411569428E12,33.0
242.0,302.0,0.0,1.41156943E12,53.91892061234164
242.0,302.0,0.0,1.411569431E12,0.0
242.0,302.0,0.0,1.411569433E12,0.0
242.0,302.0,0.0,1.411569434E12,0.0
242.0,302.0,0.0,1.411569436E12,0.0
242.0,302.0,0.0,1.411569439E12,0.0
307.0,320.0,0.0,1.41156944E12,67.446274915669
307.0,320.0,0.0,1.411569442E12,0.0
307.0,320.0,0.0,1.411569444E12,0.0
307.0,320.0,0.0,1.411569445E12,0.0
274.0,320.0,0.0,1.411569447E12,16.5
432.0,347.0,0.0,1.411569448E12,160.29036153181514
374.0,347.0,0.0,1.41156945E12,29.0
374.0,347.0,0.0,1.411569452E12,0.0
374.0,347.0,0.0,1.411569453E12,0.0
374.0,347.0,0.0,1.411569455E12,0.0
274.0,320.0,0.0,1.411569457E12,51.79044313384468
374.0,347.0,0.0,1.411569461E12,25.89522156692234
221.0,320.0,0.0,1.411569463E12,77.68204425734432
221.0,320.0,0.0,1.411569466E12,0.0
374.0,347.0,0.0,1.411569468E12,77.68204425734432
