X,Y,Z,WholeDate,Phone id,Time Between values,Xspeed,YSpeed,ZSpeed,ModSpd,STheta,Xacc,Yacc,Zacc,ModAcc,ATheta
177,302,0,26/09/2014 10:35:19,YT910K6675876ded0861342065,0.0,0.0,0.0,0.0,0.0,0.0,0.0,0.0,0.0,0.0,0.0
221,347,0,26/09/2014 10:35:28,YT910K6675876ded0861342065,9.0,4.888888888888889,5.0,0.0,6.9929417678042505,0.7966336456554111,0.0,0.0,0.0,0.0,0.0
156,302,0,26/09/2014 10:35:35,YT910K6675876ded0861342065,7.0,-9.285714285714286,-6.428571428571429,0.0,11.29384878631564,0.6055446636049701,-2.0249433106575965,-1.6326530612244898,0.0,0.61441528835877,0.6785530408439711
199,302,0,26/09/2014 10:35:43,YT910K6675876ded0861342065,8.0,5.375,0.0,0.0,5.375,0.0,1.8325892857142858,0.8035714285714286,0.0,-0.7398560982894551,0.413240793987029
177,302,0,26/09/2014 10:35:50,YT910K6675876ded0861342065,7.0,-3.142857142857143,0.0,0.0,3.142857142857143,-0.0,-1.2168367346938775,0.0,0.0,-0.31887755102040816,-0.0
177,302,0,26/09/2014 10:35:58,YT910K6675876ded0861342065,8.0,0.0,0.0,0.0,0.0,-0.0,0.39285714285714285,0.0,0.0,-0.39285714285714285,0.0
156,364,0,26/09/2014 10:36:06,YT910K6675876ded0861342065,8.0,-2.625,7.75,0.0,8.18248892452657,-1.2442148921042782,-0.328125,0.96875,0.0,1.0228111155658213,-1.2442148921042782
177,302,0,26/09/2014 10:36:13,YT910K6675876ded0861342065,7.0,3.0,-8.857142857142858,0.0,9.351415913744653,-1.2442148921042782,0.8035714285714286,-2.372448979591837,0.0,0.1669895698882975,-1.2442148921042782
122,320,0,26/09/2014 10:36:21,YT910K6675876ded0861342065,8.0,-6.875,2.25,0.0,7.233818148115144,-0.3162861279121545,-1.234375,1.3883928571428572,0.0,-0.26469972070368863,-0.8440542056305645
307,347,0,26/09/2014 10:36:29,YT910K6675876ded0861342065,8.0,23.125,3.375,0.0,23.36998609327785,0.14492276397892662,3.75,0.140625,0.0,2.017020993145338,0.037482436691661486
221,320,0,26/09/2014 10:36:36,YT910K6675876ded0861342065,7.0,-12.285714285714286,-3.857142857142857,0.0,12.87696884094282,0.3042084943392397,-5.058673469387755,-1.0331632653061225,0.0,-1.4990024646192899,0.20146530482276895
374,347,0,26/09/2014 10:36:44,YT910K6675876ded0861342065,8.0,19.125,3.375,0.0,19.42051106433608,0.17467219900823971,3.9263392857142856,0.9040178571428572,0.0,0.8179427779241575,0.22630055061153068
307,347,0,26/09/2014 10:36:52,YT910K6675876ded0861342065,8.0,-8.375,0.0,0.0,8.375,-0.0,-3.4375,-0.421875,0.0,-1.3806888830420099,0.12211660992476359
307,347,0,26/09/2014 10:36:59,YT910K6675876ded0861342065,7.0,0.0,0.0,0.0,0.0,-0.0,1.1964285714285714,0.0,0.0,-1.1964285714285714,0.0
374,347,0,26/09/2014 10:37:07,YT910K6675876ded0861342065,8.0,8.375,0.0,0.0,8.375,0.0,1.046875,0.0,0.0,1.046875,0.0
374,347,0,26/09/2014 10:37:14,YT910K6675876ded0861342065,7.0,0.0,0.0,0.0,0.0,0.0,-1.1964285714285714,0.0,0.0,-1.1964285714285714,-0.0
307,347,0,26/09/2014 10:37:22,YT910K6675876ded0861342065,8.0,-8.375,0.0,0.0,8.375,-0.0,-1.046875,0.0,0.0,1.046875,-0.0
307,347,0,26/09/2014 10:37:30,YT910K6675876ded0861342065,8.0,0.0,0.0,0.0,0.0,-0.0,1.046875,0.0,0.0,-1.046875,0.0
340,302,0,26/09/2014 10:37:38,YT910K6675876ded0861342065,8.0,4.125,-5.625,0.0,6.975403214151853,-0.9380474917927134,0.515625,-0.703125,0.0,0.8719254017689816,-0.9380474917927134
374,302,0,26/09/2014 10:37:45,YT910K6675876ded0861342065,7.0,4.857142857142857,0.0,0.0,4.857142857142857,0.0,0.10459183673469383,0.8035714285714286,0.0,-0.3026086224298566,1.4413652337148368
274,320,0,26/09/2014 10:37:53,YT910K6675876ded0861342065,8.0,-12.5,2.25,0.0,12.700885795880538,-0.17809293823119754,-2.169642857142857,0.28125,0.0,0.9804678673422101,-0.12891077168399143
403,302,0,26/09/2014 10:38:01,YT910K6675876ded0861342065,8.0,16.125,-2.25,0.0,16.281220009569306,-0.13863973713415806,3.578125,-0.5625,0.0,0.4475417767110961,-0.15592908049236637
403,320,0,26/09/2014 10:38:08,YT910K6675876ded0861342065,7.0,0.0,2.5714285714285716,0.0,2.5714285714285716,1.5707963267948966,-2.3035714285714284,0.6887755102040816,0.0,-1.958541634020105,-0.2905421605865729
514,364,0,26/09/2014 10:38:16,YT910K6675876ded0861342065,8.0,13.875,5.5,0.0,14.925335004615475,0.3773959672364249,1.734375,0.36607142857142855,0.0,1.544238304148363,0.20801506678037068
514,364,0,26/09/2014 10:38:24,YT910K6675876ded0861342065,8.0,0.0,0.0,0.0,0.0,0.3773959672364249,-1.734375,-0.6875,0.0,-1.8656668755769343,0.3773959672364249
514,364,0,26/09/2014 10:38:31,YT910K6675876ded0861342065,7.0,0.0,0.0,0.0,0.0,0.3773959672364249,0.0,0.0,0.0,0.0,0.3773959672364249
514,364,0,26/09/2014 10:38:33,YT910K6675876ded0861342065,2.0,0.0,0.0,0.0,0.0,0.3773959672364249,0.0,0.0,0.0,0.0,0.3773959672364249
514,364,0,26/09/2014 10:38:41,YT910K6675876ded0861342065,8.0,0.0,0.0,0.0,0.0,0.3773959672364249,0.0,0.0,0.0,0.0,0.3773959672364249
514,364,0,26/09/2014 10:38:48,YT910K6675876ded0861342065,7.0,0.0,0.0,0.0,0.0,0.3773959672364249,0.0,0.0,0.0,0.0,0.3773959672364249
403,302,0,26/09/2014 10:39:47,YT910K6675876ded0861342065,59.0,-1.88135593220339,-1.0508474576271187,0.0,2.154943276014073,0.5093903262010084,-0.03188738868141339,-0.01781097385808676,0.0,0.036524462305323274,0.5093903262010084
403,302,0,26/09/2014 10:39:56,YT910K6675876ded0861342065,9.0,0.0,0.0,0.0,0.0,0.5093903262010084,0.2090395480225989,0.11676082862523542,0.0,-0.23943814177934147,0.5093903262010084
514,320,0,26/09/2014 10:40:04,YT910K6675876ded0861342065,8.0,13.875,2.25,0.0,14.056248610493483,0.16076274062583473,1.734375,0.28125,0.0,1.7570310763116854,0.16076274062583473
542,320,0,26/09/2014 10:40:11,YT910K6675876ded0861342065,7.0,4.0,0.0,0.0,4.0,0.0,-1.4107142857142858,-0.32142857142857145,0.0,-1.436606944356212,0.22402364703792346
542,320,0,26/09/2014 10:40:19,YT910K6675876ded0861342065,8.0,0.0,0.0,0.0,0.0,0.0,-0.5,0.0,0.0,-0.5,-0.0
514,320,0,26/09/2014 10:40:27,YT910K6675876ded0861342065,8.0,-3.5,0.0,0.0,3.5,-0.0,-0.4375,0.0,0.0,0.4375,-0.0
710,364,0,26/09/2014 10:40:34,YT910K6675876ded0861342065,7.0,28.0,6.285714285714286,0.0,28.6968674959765,0.22082876972934834,4.5,0.8979591836734694,0.0,3.5995524994252146,0.1969594499778342
710,364,0,26/09/2014 10:40:37,YT910K6675876ded0861342065,3.0,0.0,0.0,0.0,0.0,0.22082876972934834,-9.333333333333334,-2.0952380952380953,0.0,-9.565622498658835,0.22082876972934834
776,302,0,26/09/2014 10:40:43,YT910K6675876ded0861342065,6.0,11.0,-10.333333333333334,0.0,15.09230856356236,-0.75415832996718,1.8333333333333333,-1.7222222222222223,0.0,2.5153847605937267,-0.75415832996718
514,320,0,26/09/2014 10:40:51,YT910K6675876ded0861342065,8.0,-32.75,2.25,0.0,32.82719908856069,-0.06859450345427459,-5.46875,1.5729166666666667,0.0,2.216861315624791,-0.2800597778814726
514,364,0,26/09/2014 10:40:59,YT910K6675876ded0861342065,8.0,0.0,5.5,0.0,5.5,1.5707963267948966,4.09375,0.40625,0.0,-3.415899886070086,0.0989127947363928
514,320,0,26/09/2014 10:41:06,YT910K6675876ded0861342065,7.0,0.0,-6.285714285714286,0.0,6.285714285714286,-1.5707963267948966,0.0,-1.6836734693877549,0.0,0.11224489795918366,-1.5707963267948966
776,320,0,26/09/2014 10:41:14,YT910K6675876ded0861342065,8.0,32.75,0.0,0.0,32.75,0.0,4.09375,0.7857142857142857,0.0,3.3080357142857144,0.18962423971863454
374,302,0,26/09/2014 10:41:22,YT910K6675876ded0861342065,8.0,-50.25,-2.25,0.0,50.300347911321644,0.0447462314546156,-10.375,-0.28125,0.0,2.1937934889152055,0.02710179629519566
403,302,0,26/09/2014 10:41:25,YT910K6675876ded0861342065,3.0,9.666666666666666,0.0,0.0,9.666666666666666,0.0,19.97222222222222,0.75,0.0,-13.544560414884993,0.03753451912073889
876,302,0,26/09/2014 10:41:32,YT910K6675876ded0861342065,7.0,67.57142857142857,0.0,0.0,67.57142857142857,0.0,8.272108843537415,0.0,0.0,8.272108843537415,0.0
876,302,0,26/09/2014 10:41:40,YT910K6675876ded0861342065,8.0,0.0,0.0,0.0,0.0,0.0,-8.446428571428571,0.0,0.0,-8.446428571428571,-0.0
660,144,0,26/09/2014 10:41:47,YT910K6675876ded0861342065,7.0,-30.857142857142858,-22.571428571428573,0.0,38.23130462149081,0.6315435322511807,-4.408163265306123,-3.2244897959183674,0.0,5.461614945927258,0.6315435322511807
876,302,0,26/09/2014 10:41:55,YT910K6675876ded0861342065,8.0,27.0,19.75,0.0,33.45239154380446,0.6315435322511807,7.232142857142858,5.290178571428571,0.0,-0.5973641347107934,0.6315435322511807
876,302,0,26/09/2014 10:42:02,YT910K6675876ded0861342065,7.0,0.0,0.0,0.0,0.0,0.6315435322511807,-3.857142857142857,-2.8214285714285716,0.0,-4.778913077686352,0.6315435322511807
87,320,0,26/09/2014 10:42:10,YT910K6675876ded0861342065,8.0,-98.625,2.25,0.0,98.65066206062684,-0.022809731544483815,-12.328125,0.28125,0.0,12.331332757578355,-0.022809731544483815
87,302,0,26/09/2014 10:42:12,YT910K6675876ded0861342065,2.0,0.0,-9.0,0.0,9.0,-1.5707963267948966,49.3125,-5.625,0.0,-44.82533103031342,-0.11357752993520051
910,302,0,26/09/2014 10:42:22,YT910K6675876ded0861342065,10.0,82.3,0.0,0.0,82.3,0.0,8.23,0.9,0.0,7.33,0.10892319596776752
944,320,0,26/09/2014 10:42:29,YT910K6675876ded0861342065,7.0,4.857142857142857,2.5714285714285716,0.0,5.495824017620384,0.48689923181126915,-11.063265306122448,0.3673469387755102,0.0,-10.972025140339946,-0.03319201117286338
274,364,0,26/09/2014 10:42:37,YT910K6675876ded0861342065,8.0,-83.75,5.5,0.0,83.93040271558334,-0.06557747656278015,-11.075892857142858,0.36607142857142855,0.0,9.80432233724537,-0.033039162087126456
809,320,0,26/09/2014 10:42:45,YT910K6675876ded0861342065,8.0,66.875,-5.5,0.0,67.10078706691897,-0.08205831151968176,18.828125,-1.375,0.0,-2.1037019560830466,-0.07289963232774928
809,320,0,26/09/2014 10:42:52,YT910K6675876ded0861342065,7.0,0.0,0.0,0.0,0.0,-0.08205831151968176,-9.553571428571429,0.7857142857142857,0.0,-9.585826723845567,-0.08205831151968176
977,347,0,26/09/2014 10:43:00,YT910K6675876ded0861342065,8.0,21.0,3.375,0.0,21.26947636873085,0.1593516409039169,2.625,0.421875,0.0,2.658684546091356,0.1593516409039169
87,320,0,26/09/2014 10:43:08,YT910K6675876ded0861342065,8.0,-111.25,-3.375,0.0,111.301182046733,0.03032777699533442,-16.53125,-0.84375,0.0,11.25396320975027,0.05099544635422286
809,320,0,26/09/2014 10:43:15,YT910K6675876ded0861342065,7.0,103.14285714285714,0.0,0.0,103.14285714285714,0.0,30.627551020408163,0.48214285714285715,0.0,-1.1654749862679807,0.015740828752264735
977,347,0,26/09/2014 10:43:21,YT910K6675876ded0861342065,6.0,28.0,4.5,0.0,28.359301824974466,0.1593516409039169,-12.523809523809524,0.75,0.0,-12.46392588631378,-0.05981449507888539
1010,347,0,26/09/2014 10:44:53,YT910K6675876ded0861342065,92.0,0.358695652173913,0.0,0.0,0.358695652173913,0.0,-0.30044896030245744,-0.04891304347826087,0.0,-0.30435441492174514,0.16138401934476046
1010,347,0,26/09/2014 10:45:02,YT910K6675876ded0861342065,9.0,0.0,0.0,0.0,0.0,0.0,-0.03985507246376811,0.0,0.0,-0.03985507246376811,-0.0
87,320,0,26/09/2014 10:45:09,YT910K6675876ded0861342065,7.0,-131.85714285714286,-3.857142857142857,0.0,131.9135462091342,0.029244098164278788,-18.836734693877553,-0.5510204081632654,0.0,18.844792315590603,0.029244098164278788
87,302,0,26/09/2014 10:45:17,YT910K6675876ded0861342065,8.0,0.0,-2.25,0.0,2.25,-1.5707963267948966,16.482142857142858,0.20089285714285715,0.0,-16.207943276141776,0.012187912188483559
87,320,0,26/09/2014 10:45:20,YT910K6675876ded0861342065,3.0,0.0,6.0,0.0,6.0,1.5707963267948966,0.0,2.75,0.0,1.25,1.5707963267948966
87,320,0,26/09/2014 10:45:28,YT910K6675876ded0861342065,8.0,0.0,0.0,0.0,0.0,1.5707963267948966,0.0,-0.75,0.0,-0.75,-1.5707963267948966
87,320,0,26/09/2014 10:45:36,YT910K6675876ded0861342065,8.0,0.0,0.0,0.0,0.0,1.5707963267948966,0.0,0.0,0.0,0.0,-1.5707963267948966
809,302,0,26/09/2014 10:45:44,YT910K6675876ded0861342065,8.0,90.25,-2.25,0.0,90.27804273465392,-0.024925584677235383,11.28125,-0.28125,0.0,11.28475534183174,-0.024925584677235383
809,364,0,26/09/2014 10:47:49,YT910K6675876ded0861342065,125.0,0.0,0.496,0.0,0.496,1.5707963267948966,-0.722,0.021968,0.0,-0.7182563418772314,-0.030417208591007678
738,364,0,26/09/2014 10:47:57,YT910K6675876ded0861342065,8.0,-8.875,0.0,0.0,8.875,-0.0,-1.109375,-0.062,0.0,1.047375,0.05582924671862377
809,347,0,26/09/2014 10:48:12,YT910K6675876ded0861342065,15.0,4.733333333333333,-1.1333333333333333,0.0,4.867123266251728,-0.23501221572065706,0.9072222222222223,-0.07555555555555556,0.0,-0.2671917822498848,-0.08309055278854544
660,144,0,26/09/2014 10:48:16,YT910K6675876ded0861342065,4.0,-37.25,-50.75,0.0,62.953355748522256,0.9376205063361687,-10.495833333333334,-12.404166666666667,0.0,14.521558120567633,0.8685393952858895
221,320,0,26/09/2014 10:48:25,YT910K6675876ded0861342065,9.0,-48.77777777777778,19.555555555555557,0.0,52.551796905764235,-0.38129161448532717,-1.2808641975308643,7.811728395061729,0.0,-1.1557287603064468,-1.4082756799943656
876,347,0,26/09/2014 10:48:28,YT910K6675876ded0861342065,3.0,218.33333333333334,9.0,0.0,218.51875078455956,0.041198050011211844,89.03703703703705,-3.518518518518519,0.0,55.32231795959844,-0.039496919571892636
87,320,0,26/09/2014 10:57:34,YT910K6675876ded0861342065,546.0,-1.445054945054945,-0.04945054945054945,0.0,1.4459008095539303,0.034207183771343234,-0.40252452065638883,-0.016574085255403936,0.0,-0.3975693222985451,0.04115209708939026
87,320,0,26/09/2014 10:57:49,YT910K6675876ded0861342065,15.0,0.0,0.0,0.0,0.0,0.034207183771343234,0.09633699633699634,0.0032967032967032967,0.0,-0.09639338730359535,0.034207183771343234
87,320,0,26/09/2014 10:57:58,YT910K6675876ded0861342065,9.0,0.0,0.0,0.0,0.0,0.034207183771343234,0.0,0.0,0.0,0.0,0.034207183771343234
122,320,0,26/09/2014 10:58:06,YT910K6675876ded0861342065,8.0,4.375,0.0,0.0,4.375,0.0,0.546875,0.0,0.0,0.546875,0.0
177,302,0,26/09/2014 10:58:13,YT910K6675876ded0861342065,7.0,7.857142857142857,-2.5714285714285716,0.0,8.26722074070302,-0.31628612791215455,0.4974489795918367,-0.3673469387755102,0.0,0.5560315343861458,-0.636075502703751
242,302,0,26/09/2014 10:58:21,YT910K6675876ded0861342065,8.0,8.125,0.0,0.0,8.125,0.0,0.033482142857142905,0.32142857142857145,0.0,-0.01777759258787759,1.4670039863378537
307,347,0,26/09/2014 10:58:29,YT910K6675876ded0861342065,8.0,8.125,5.625,0.0,9.882117688026186,0.6055446636049701,0.0,0.703125,0.0,0.21963971100327329,1.5707963267948966
199,364,0,26/09/2014 10:58:36,YT910K6675876ded0861342065,7.0,-15.428571428571429,2.4285714285714284,0.0,15.618539480700623,-0.15612636584334214,-3.364795918367347,-0.4566326530612245,0.0,0.8194888275249195,0.1348848448471974
221,364,0,26/09/2014 10:58:44,YT910K6675876ded0861342065,8.0,2.75,0.0,0.0,2.75,0.0,2.272321428571429,-0.30357142857142855,0.0,-1.6085674350875778,-0.1328088994252085
274,364,0,26/09/2014 10:58:52,YT910K6675876ded0861342065,8.0,6.625,0.0,0.0,6.625,0.0,0.484375,0.0,0.0,0.484375,0.0
274,364,0,26/09/2014 10:59:00,YT910K6675876ded0861342065,8.0,0.0,0.0,0.0,0.0,0.0,-0.828125,0.0,0.0,-0.828125,-0.0
199,364,0,26/09/2014 10:59:07,YT910K6675876ded0861342065,7.0,-10.714285714285714,0.0,0.0,10.714285714285714,-0.0,-1.530612244897959,0.0,0.0,1.530612244897959,-0.0
307,347,0,26/09/2014 10:59:15,YT910K6675876ded0861342065,8.0,13.5,-2.125,0.0,13.666222045613045,-0.15612636584334216,3.0267857142857144,-0.265625,0.0,0.36899204141591646,-0.08753385814159446
307,347,0,26/09/2014 10:59:22,YT910K6675876ded0861342065,7.0,0.0,0.0,0.0,0.0,-0.15612636584334216,-1.9285714285714286,0.30357142857142855,0.0,-1.9523174350875778,-0.15612636584334216
274,320,0,26/09/2014 10:59:30,YT910K6675876ded0861342065,8.0,-4.125,-3.375,0.0,5.3297514013319605,0.6857295109062863,-0.515625,-0.421875,0.0,0.6662189251664951,0.6857295109062863
274,320,0,26/09/2014 10:59:33,YT910K6675876ded0861342065,3.0,0.0,0.0,0.0,0.0,0.6857295109062863,1.375,1.125,0.0,-1.776583800443987,0.6857295109062863
307,347,0,26/09/2014 10:59:41,YT910K6675876ded0861342065,8.0,4.125,3.375,0.0,5.3297514013319605,0.6857295109062863,0.515625,0.421875,0.0,0.6662189251664951,0.6857295109062863
307,320,0,26/09/2014 10:59:49,YT910K6675876ded0861342065,8.0,0.0,-3.375,0.0,3.375,-1.5707963267948966,-0.515625,-0.84375,0.0,-0.24434392516649506,1.0222469243443686
340,302,0,26/09/2014 10:59:56,YT910K6675876ded0861342065,7.0,4.714285714285714,-2.5714285714285716,0.0,5.369984608346429,-0.49934672168013017,0.673469387755102,0.11479591836734691,0.0,0.28499780119234697,0.16883190201112072
156,364,0,26/09/2014 11:00:04,YT910K6675876ded0861342065,8.0,-23.0,7.75,0.0,24.2706097986845,-0.32500787186664803,-3.4642857142857144,1.2901785714285714,0.0,2.362578148792259,-0.35650919002693093
374,347,0,26/09/2014 11:00:12,YT910K6675876ded0861342065,8.0,27.25,-2.125,0.0,27.33272992220133,-0.07782415324548644,6.28125,-1.234375,0.0,0.38276501543960384,-0.19404468680033715
374,347,0,26/09/2014 11:00:15,YT910K6675876ded0861342065,3.0,0.0,0.0,0.0,0.0,-0.07782415324548644,-9.083333333333334,0.7083333333333334,0.0,-9.110909974067111,-0.07782415324548644
307,347,0,26/09/2014 11:00:22,YT910K6675876ded0861342065,7.0,-9.571428571428571,0.0,0.0,9.571428571428571,-0.0,-1.3673469387755102,0.0,0.0,1.3673469387755102,-0.0
374,302,0,26/09/2014 11:00:30,YT910K6675876ded0861342065,8.0,8.375,-5.625,0.0,10.088669386990537,-0.5914390161375552,2.243303571428571,-0.703125,0.0,0.06465510194524571,-0.3037344858425869
403,320,0,26/09/2014 11:00:38,YT910K6675876ded0861342065,8.0,3.625,2.25,0.0,4.266512041469003,0.5554937352655437,-0.59375,0.984375,0.0,-0.7277696681901917,-1.0280458284151859
374,302,0,26/09/2014 11:00:40,YT910K6675876ded0861342065,2.0,-14.5,-9.0,0.0,17.066048165876012,0.5554937352655437,-9.0625,-5.625,0.0,6.3997680622035045,0.5554937352655437
432,347,0,26/09/2014 11:00:52,YT910K6675876ded0861342065,12.0,4.833333333333333,3.75,0.0,6.117484050744318,0.6598484262889226,1.611111111111111,1.0625,0.0,-0.9123803429276411,0.5830126250045323
432,347,0,26/09/2014 11:01:01,YT910K6675876ded0861342065,9.0,0.0,0.0,0.0,0.0,0.6598484262889226,-0.537037037037037,-0.4166666666666667,0.0,-0.679720450082702,0.6598484262889226
340,364,0,26/09/2014 11:01:09,YT910K6675876ded0861342065,8.0,-11.5,2.125,0.0,11.694683621201559,-0.18272156076209753,-1.4375,0.265625,0.0,1.4618354526501949,-0.18272156076209753
910,347,0,26/09/2014 11:01:17,YT910K6675876ded0861342065,8.0,71.25,-2.125,0.0,71.28168155283656,-0.029815723093235057,10.34375,-0.53125,0.0,7.448374741454375,-0.051314429243642115
374,347,0,26/09/2014 11:01:25,YT910K6675876ded0861342065,8.0,-67.0,0.0,0.0,67.0,-0.0,-17.28125,0.265625,0.0,-0.5352101941045699,-0.015369494928690114
307,347,0,26/09/2014 11:01:29,YT910K6675876ded0861342065,4.0,-16.75,0.0,0.0,16.75,-0.0,12.5625,0.0,0.0,-12.5625,0.0
374,347,0,26/09/2014 11:01:36,YT910K6675876ded0861342065,7.0,9.571428571428571,0.0,0.0,9.571428571428571,0.0,3.760204081632653,0.0,0.0,-1.0255102040816326,0.0
87,302,0,26/09/2014 11:01:44,YT910K6675876ded0861342065,8.0,-35.875,-5.625,0.0,36.31330678966045,0.15552814797446132,-5.680803571428571,-0.703125,0.0,3.3427347772789853,0.12314580529329057
1010,347,0,26/09/2014 11:01:52,YT910K6675876ded0861342065,8.0,115.375,5.625,0.0,115.51203941581154,0.048715489039618975,18.90625,1.40625,0.0,9.899841578268887,0.07424345165158135
660,40,0,26/09/2014 11:01:59,YT910K6675876ded0861342065,7.0,-50.0,-43.857142857142854,0.0,66.50901427319334,0.7200423651622063,-23.625,-7.068877551020408,0.0,-7.000432163231172,0.2907334708819685
660,40,0,26/09/2014 11:02:11,YT910K6675876ded0861342065,12.0,0.0,0.0,0.0,0.0,0.7200423651622063,4.166666666666667,3.6547619047619047,0.0,-5.542417856099445,0.7200423651622063
660,40,0,26/09/2014 11:02:22,YT910K6675876ded0861342065,11.0,0.0,0.0,0.0,0.0,0.7200423651622063,0.0,0.0,0.0,0.0,0.7200423651622063
87,320,0,26/09/2014 11:02:57,YT910K6675876ded0861342065,35.0,-16.37142857142857,8.0,0.0,18.221516771920708,-0.4545314520027054,-0.4677551020408163,0.22857142857142856,0.0,0.5206147649120202,-0.4545314520027054
307,347,0,26/09/2014 11:03:54,YT910K6675876ded0861342065,57.0,3.8596491228070176,0.47368421052631576,0.0,3.8886074734391642,0.12211660992476359,0.3549311876181682,-0.13204062788550322,0.0,-0.25145454909616743,-0.3561533518972953
432,347,0,26/09/2014 11:04:03,YT910K6675876ded0861342065,9.0,13.88888888888889,0.0,0.0,13.88888888888889,0.0,1.1143599740090968,-0.05263157894736842,0.0,1.111142379494414,-0.04719524868650279
432,347,0,26/09/2014 11:04:10,YT910K6675876ded0861342065,7.0,0.0,0.0,0.0,0.0,0.0,-1.9841269841269842,0.0,0.0,-1.9841269841269842,-0.0
403,302,0,26/09/2014 11:04:26,YT910K6675876ded0861342065,16.0,-1.8125,-2.8125,0.0,3.345939703581043,0.9983365129768454,-0.11328125,-0.17578125,0.0,0.2091212314738152,0.9983365129768454
542,320,0,26/09/2014 11:04:34,YT910K6675876ded0861342065,8.0,17.375,2.25,0.0,17.52007776809224,0.1287797444310725,2.3984375,0.6328125,0.0,1.7717672580638995,0.2579649460470366
591,364,0,26/09/2014 11:04:42,YT910K6675876ded0861342065,8.0,6.125,5.5,0.0,8.231987913013478,0.7316864340942157,-1.40625,0.40625,0.0,-1.1610112318848451,-0.28123220191829523
591,364,0,26/09/2014 11:04:50,YT910K6675876ded0861342065,8.0,0.0,0.0,0.0,0.0,0.7316864340942157,-0.765625,-0.6875,0.0,-1.0289984891266848,0.7316864340942157
514,320,0,26/09/2014 11:04:57,YT910K6675876ded0861342065,7.0,-11.0,-6.285714285714286,0.0,12.669262175897721,0.5191461142465229,-1.5714285714285714,-0.8979591836734694,0.0,1.8098945965568174,0.5191461142465229
514,320,0,26/09/2014 11:05:05,YT910K6675876ded0861342065,8.0,0.0,0.0,0.0,0.0,0.5191461142465229,1.375,0.7857142857142857,0.0,-1.5836577719872151,0.5191461142465229
776,320,0,26/09/2014 11:05:13,YT910K6675876ded0861342065,8.0,32.75,0.0,0.0,32.75,0.0,4.09375,0.0,0.0,4.09375,0.0
738,364,0,26/09/2014 11:05:21,YT910K6675876ded0861342065,8.0,-4.75,5.5,0.0,7.267220926874317,-0.8584387287005677,-4.6875,0.6875,0.0,-3.1853473841407105,-0.14562838057082264
660,210,0,26/09/2014 11:05:29,YT910K6675876ded0861342065,8.0,-9.75,-19.25,0.0,21.578345627040086,1.101967417009852,-0.625,-3.09375,0.0,1.7888905875207213,1.3714590218125726
876,302,0,26/09/2014 11:07:44,YT910K6675876ded0861342065,135.0,1.6,0.6814814814814815,0.0,1.7390851070612372,0.40265465355187274,0.08407407407407406,0.14764060356652947,0.0,-0.14695748533317668,1.053142345192246
809,347,0,26/09/2014 11:08:00,YT910K6675876ded0861342065,16.0,-4.1875,2.8125,0.0,5.044334693495268,-0.5914390161375552,-0.36171875,0.1331886574074074,0.0,0.20657809915212694,-0.35280502414548637
432,302,0,26/09/2014 11:08:14,YT910K6675876ded0861342065,14.0,-26.928571428571427,-3.2142857142857144,0.0,27.119726986766192,0.11880131103798293,-1.624362244897959,-0.430484693877551,0.0,1.5768137352336373,0.25906223894972435
776,320,0,26/09/2014 11:08:22,YT910K6675876ded0861342065,8.0,43.0,2.25,0.0,43.05882604066209,0.05227790446447858,8.741071428571429,0.6830357142857143,0.0,1.9923873817369873,0.07798249715316188
876,347,0,26/09/2014 11:08:30,YT910K6675876ded0861342065,8.0,12.5,3.375,0.0,12.94761078346117,0.26371183446226615,-3.8125,0.140625,0.0,-3.7639019071501147,-0.036868531821733455
221,320,0,26/09/2014 11:08:37,YT910K6675876ded0861342065,7.0,-93.57142857142857,-3.857142857142857,0.0,93.65089319338266,0.041198050011211844,-15.153061224489795,-1.0331632653061225,0.0,11.529040344274497,0.06807645825799949
660,177,0,26/09/2014 11:08:45,YT910K6675876ded0861342065,8.0,54.875,-17.875,0.0,57.712920996948334,-0.3149013464327072,18.55580357142857,-1.7522321428571428,0.0,-4.49224652455429,-0.09415122054494741
660,177,0,26/09/2014 11:08:52,YT910K6675876ded0861342065,7.0,0.0,0.0,0.0,0.0,-0.3149013464327072,-7.839285714285714,2.5535714285714284,0.0,-8.244702999564048,-0.3149013464327072
944,364,0,26/09/2014 11:09:00,YT910K6675876ded0861342065,8.0,35.5,23.375,0.0,42.50459533979826,0.5822930407945072,4.4375,2.921875,0.0,5.313074417474782,0.5822930407945072
87,320,0,26/09/2014 11:09:08,YT910K6675876ded0861342065,8.0,-107.125,-5.5,0.0,107.26609727681901,0.05129684929884495,-17.828125,-3.609375,0.0,8.095187742127594,0.199754046042916
977,320,0,26/09/2014 11:10:04,YT910K6675876ded0861342065,56.0,15.892857142857142,0.0,0.0,15.892857142857142,0.0,2.196747448979592,0.09821428571428571,0.0,-1.6316650023921764,0.04467920254363308
1044,364,0,26/09/2014 11:10:17,YT910K6675876ded0861342065,13.0,5.153846153846154,3.3846153846153846,0.0,6.165853669954384,0.581082298797327,-0.8260777683854607,0.2603550295857988,0.0,-0.7482310363771353,-0.3053155808677081
403,347,0,26/09/2014 11:11:31,YT910K6675876ded0861342065,74.0,-8.662162162162161,-0.22972972972972974,0.0,8.66520796474704,0.0265148454551733,-0.18670281508119344,-0.048842501545204246,0.0,0.0337750580377386,0.2558714015512736
403,347,0,26/09/2014 11:11:39,YT910K6675876ded0861342065,8.0,0.0,0.0,0.0,0.0,0.0265148454551733,1.0827702702702702,0.028716216216216218,0.0,-1.08315099559338,0.0265148454551733
403,347,0,26/09/2014 11:11:42,YT910K6675876ded0861342065,3.0,0.0,0.0,0.0,0.0,0.0265148454551733,0.0,0.0,0.0,0.0,0.0265148454551733
944,320,0,26/09/2014 11:11:51,YT910K6675876ded0861342065,9.0,60.111111111111114,-3.0,0.0,60.18592592136758,-0.04986620433287971,6.679012345679013,-0.3333333333333333,0.0,6.687325102374175,-0.04986620433287971
977,347,0,26/09/2014 11:11:59,YT910K6675876ded0861342065,8.0,4.125,3.375,0.0,5.3297514013319605,0.6857295109062863,-6.998263888888889,0.796875,0.0,-6.857021815004452,-0.11337919169567401
977,347,0,26/09/2014 11:12:02,YT910K6675876ded0861342065,3.0,0.0,0.0,0.0,0.0,0.6857295109062863,-1.375,-1.125,0.0,-1.776583800443987,0.6857295109062863
403,347,0,26/09/2014 11:12:10,YT910K6675876ded0861342065,8.0,-71.75,0.0,0.0,71.75,-0.0,-8.96875,0.0,0.0,8.96875,-0.0
738,364,0,26/09/2014 11:12:18,YT910K6675876ded0861342065,8.0,41.875,2.125,0.0,41.92888324293887,0.050702775515972506,14.203125,0.265625,0.0,-3.727639594632641,0.018699690256087496
776,320,0,26/09/2014 11:12:26,YT910K6675876ded0861342065,8.0,4.75,-5.5,0.0,7.267220926874317,-0.8584387287005677,-4.640625,-0.953125,0.0,-4.33270778950807,0.20257015790677968
776,364,0,26/09/2014 11:12:33,YT910K6675876ded0861342065,7.0,0.0,6.285714285714286,0.0,6.285714285714286,1.5707963267948966,-0.6785714285714286,1.6836734693877549,0.0,-0.14021523445143305,-1.1876803522660406
944,364,0,26/09/2014 11:16:56,YT910K6675876ded0861342065,263.0,0.6387832699619772,0.0,0.0,0.6387832699619772,0.0,0.002428833726091168,-0.023900054318305268,0.0,-0.0214712205922141,-1.469519408512677
944,364,0,26/09/2014 11:17:05,YT910K6675876ded0861342065,9.0,0.0,0.0,0.0,0.0,0.0,-0.07097591888466413,0.0,0.0,-0.07097591888466413,-0.0
710,364,0,26/09/2014 11:17:27,YT910K6675876ded0861342065,22.0,-10.636363636363637,0.0,0.0,10.636363636363637,-0.0,-0.4834710743801653,0.0,0.0,0.4834710743801653,-0.0
643,302,0,26/09/2014 11:17:30,YT910K6675876ded0861342065,3.0,-22.333333333333332,-20.666666666666668,0.0,30.428422385803852,0.746657865733969,-3.8989898989898983,-6.888888888888889,0.0,6.597352916480072,1.0557654156554852
591,320,0,26/09/2014 11:17:38,YT910K6675876ded0861342065,8.0,-6.5,2.25,0.0,6.878408246098802,-0.3332443011116727,1.9791666666666665,2.8645833333333335,0.0,-2.943751767463131,0.9661977367014198
542,320,0,26/09/2014 11:17:45,YT910K6675876ded0861342065,7.0,-7.0,0.0,0.0,7.0,-0.0,-0.07142857142857142,-0.32142857142857145,0.0,0.017370250557313987,1.3521273809209546
542,320,0,26/09/2014 11:17:53,YT910K6675876ded0861342065,8.0,0.0,0.0,0.0,0.0,-0.0,0.875,0.0,0.0,-0.875,0.0
591,320,0,26/09/2014 11:18:00,YT910K6675876ded0861342065,7.0,7.0,0.0,0.0,7.0,0.0,1.0,0.0,0.0,1.0,0.0
591,320,0,26/09/2014 11:18:08,YT910K6675876ded0861342065,8.0,0.0,0.0,0.0,0.0,0.0,-0.875,0.0,0.0,-0.875,-0.0
591,320,0,26/09/2014 11:18:15,YT910K6675876ded0861342065,7.0,0.0,0.0,0.0,0.0,0.0,0.0,0.0,0.0,0.0,-0.0
591,320,0,26/09/2014 11:18:23,YT910K6675876ded0861342065,8.0,0.0,0.0,0.0,0.0,0.0,0.0,0.0,0.0,0.0,-0.0
710,320,0,26/09/2014 11:18:32,YT910K6675876ded0861342065,9.0,13.222222222222221,0.0,0.0,13.222222222222221,0.0,1.4691358024691357,0.0,0.0,1.4691358024691357,0.0
616,302,0,26/09/2014 11:18:39,YT910K6675876ded0861342065,7.0,-13.428571428571429,-2.5714285714285716,0.0,13.672555558863314,0.18919902209996817,-3.8072562358276647,-0.3673469387755102,0.0,0.06433333380587035,0.09618825125392258
616,302,0,26/09/2014 11:18:45,YT910K6675876ded0861342065,6.0,0.0,0.0,0.0,0.0,0.18919902209996817,2.238095238095238,0.4285714285714286,0.0,-2.278759259810552,0.18919902209996817
591,320,0,26/09/2014 11:19:19,YT910K6675876ded0861342065,34.0,-0.7352941176470589,0.5294117647058824,0.0,0.906054223573492,-0.6240230529767569,-0.021626297577854673,0.015570934256055364,0.0,0.02664865363451447,-0.6240230529767569
542,320,0,26/09/2014 11:20:37,YT910K6675876ded0861342065,78.0,-0.6282051282051282,0.0,0.0,0.6282051282051282,-0.0,0.0013729357620760345,-0.006787330316742082,0.0,-0.003562167889337997,-1.3712101899451101
542,320,0,26/09/2014 11:20:46,YT910K6675876ded0861342065,9.0,0.0,0.0,0.0,0.0,-0.0,0.0698005698005698,0.0,0.0,-0.0698005698005698,0.0
542,320,0,26/09/2014 11:21:05,YT910K6675876ded0861342065,19.0,0.0,0.0,0.0,0.0,-0.0,0.0,0.0,0.0,0.0,0.0
616,302,0,26/09/2014 11:21:15,YT910K6675876ded0861342065,10.0,7.4,-1.8,0.0,7.615773105863909,-0.23860932250820094,0.74,-0.18,0.0,0.7615773105863909,-0.23860932250820094
542,320,0,26/09/2014 11:21:19,YT910K6675876ded0861342065,4.0,-18.5,4.5,0.0,19.03943276465977,-0.23860932250820097,-6.475,1.575,0.0,2.8559149146989657,-0.23860932250820097
616,302,0,26/09/2014 11:21:27,YT910K6675876ded0861342065,8.0,9.25,-2.25,0.0,9.519716382329886,-0.23860932250820097,3.46875,-0.84375,0.0,-1.1899645477912357,-0.23860932250820097
616,320,0,26/09/2014 11:21:39,YT910K6675876ded0861342065,12.0,0.0,1.5,0.0,1.5,1.5707963267948966,-0.7708333333333334,0.3125,0.0,-0.6683096985274904,-0.3851575063634742
514,364,0,26/09/2014 11:21:51,YT910K6675876ded0861342065,12.0,-8.5,3.6666666666666665,0.0,9.257129384665877,-0.4072558480748468,-0.7083333333333334,0.18055555555555555,0.0,0.6464274487221564,-0.2495869254369846
459,320,0,26/09/2014 11:21:55,YT910K6675876ded0861342065,4.0,-13.75,-11.0,0.0,17.608591652940333,0.6747409422235527,-1.3125,-3.6666666666666665,0.0,2.087865567068614,1.2270527031591145
842,320,0,26/09/2014 11:22:01,YT910K6675876ded0861342065,6.0,63.833333333333336,0.0,0.0,63.833333333333336,0.0,12.930555555555557,1.8333333333333333,0.0,7.704123613398834,0.14084426509990566
693,40,0,26/09/2014 11:22:08,YT910K6675876ded0861342065,7.0,-21.285714285714285,-40.0,0.0,45.310943850829915,1.0817662999786424,-12.159863945578232,-5.714285714285714,0.0,-2.6460556403576314,0.4393036082671038
693,40,0,26/09/2014 11:22:11,YT910K6675876ded0861342065,3.0,0.0,0.0,0.0,0.0,1.0817662999786424,7.095238095238095,13.333333333333334,0.0,-15.103647950276638,1.0817662999786424
660,40,0,26/09/2014 11:22:24,YT910K6675876ded0861342065,13.0,-2.5384615384615383,0.0,0.0,2.5384615384615383,-0.0,-0.1952662721893491,0.0,0.0,0.1952662721893491,-0.0
660,112,0,26/09/2014 11:22:31,YT910K6675876ded0861342065,7.0,0.0,10.285714285714286,0.0,10.285714285714286,1.5707963267948966,0.3626373626373626,1.469387755102041,0.0,1.1067503924646782,1.3288365224217293
307,347,0,26/09/2014 11:22:38,YT910K6675876ded0861342065,7.0,-50.42857142857143,33.57142857142857,0.0,60.58119867296339,-0.5873485814040631,-7.204081632653062,3.326530612244898,0.0,7.185069198178444,-0.4325874055308835
340,320,0,26/09/2014 11:22:45,YT910K6675876ded0861342065,7.0,4.714285714285714,-3.857142857142857,0.0,6.091144458665099,-0.6857295109062862,7.877551020408164,-5.346938775510203,0.0,-7.78429345918547,-0.5963258358362675
486,320,0,26/09/2014 11:22:52,YT910K6675876ded0861342065,7.0,20.857142857142858,0.0,0.0,20.857142857142858,0.0,2.306122448979592,0.5510204081632654,0.0,2.10942834263968,0.23454062886573201
542,320,0,26/09/2014 11:23:00,YT910K6675876ded0861342065,8.0,7.0,0.0,0.0,7.0,0.0,-1.7321428571428572,0.0,0.0,-1.7321428571428572,-0.0
486,320,0,26/09/2014 11:23:07,YT910K6675876ded0861342065,7.0,-8.0,0.0,0.0,8.0,-0.0,-2.142857142857143,0.0,0.0,0.14285714285714285,-0.0
738,364,0,26/09/2014 11:23:14,YT910K6675876ded0861342065,7.0,36.0,6.285714285714286,0.0,36.54463304073025,0.17286060678714493,6.285714285714286,0.8979591836734694,0.0,4.077804720104321,0.1418970546041639
842,364,0,26/09/2014 11:23:24,YT910K6675876ded0861342065,10.0,10.4,0.0,0.0,10.4,0.0,-2.56,-0.6285714285714286,0.0,-2.6144633040730247,0.24077258908701793
738,364,0,26/09/2014 11:23:31,YT910K6675876ded0861342065,7.0,-14.857142857142858,0.0,0.0,14.857142857142858,-0.0,-3.6081632653061226,0.0,0.0,0.636734693877551,-0.0
738,364,0,26/09/2014 11:23:39,YT910K6675876ded0861342065,8.0,0.0,0.0,0.0,0.0,-0.0,1.8571428571428572,0.0,0.0,-1.8571428571428572,0.0
1010,347,0,26/09/2014 11:28:12,YT910K6675876ded0861342065,273.0,0.9963369963369964,-0.06227106227106227,0.0,0.998281070373567,-0.06241880999595735,0.003649586067168485,-2.280991291980303E-4,0.0,0.0036567072174855933,-0.06241880999595735
1010,347,0,26/09/2014 11:28:22,YT910K6675876ded0861342065,10.0,0.0,0.0,0.0,0.0,-0.06241880999595735,-0.09963369963369964,0.0062271062271062275,0.0,-0.0998281070373567,-0.06241880999595735
1010,347,0,26/09/2014 11:28:43,YT910K6675876ded0861342065,21.0,0.0,0.0,0.0,0.0,-0.06241880999595735,0.0,0.0,0.0,0.0,-0.06241880999595735
1010,347,0,26/09/2014 11:28:51,YT910K6675876ded0861342065,8.0,0.0,0.0,0.0,0.0,-0.06241880999595735,0.0,0.0,0.0,0.0,-0.06241880999595735
660,210,0,26/09/2014 11:29:34,YT910K6675876ded0861342065,43.0,-8.13953488372093,-3.186046511627907,0.0,8.740876414729032,0.37309544559583085,-0.18929150892374258,-0.07409410492157922,0.0,0.20327619569137284,0.37309544559583085
221,320,0,26/09/2014 11:29:41,YT910K6675876ded0861342065,7.0,-62.714285714285715,15.714285714285714,0.0,64.65307732941461,-0.24551456875616123,-7.796392975794968,2.700047460844803,0.0,7.987457273526512,-0.333392742579693
221,320,0,26/09/2014 11:30:01,YT910K6675876ded0861342065,20.0,0.0,0.0,0.0,0.0,-0.24551456875616123,3.1357142857142857,-0.7857142857142857,0.0,-3.2326538664707307,-0.24551456875616123
842,364,0,26/09/2014 11:31:51,YT910K6675876ded0861342065,110.0,5.6454545454545455,0.4,0.0,5.659607497414762,0.07073525152661711,0.05132231404958678,0.0036363636363636364,0.0,0.05145097724922511,0.07073525152661711
274,364,0,26/09/2014 11:31:59,YT910K6675876ded0861342065,8.0,-71.0,0.0,0.0,71.0,-0.0,-9.580681818181818,-0.05,0.0,8.167549062823154,0.005218787871148656
403,302,0,26/09/2014 11:32:20,YT910K6675876ded0861342065,21.0,6.142857142857143,-2.9523809523809526,0.0,6.815515179759553,-0.4480238803803293,3.6734693877551017,-0.14058956916099774,0.0,-3.0564040390590685,-0.03825293566852374
616,320,0,26/09/2014 11:32:27,YT910K6675876ded0861342065,7.0,30.428571428571427,2.5714285714285716,0.0,30.537030046840385,0.08430673252620664,3.4693877551020407,0.7891156462585034,0.0,3.3887878381544048,0.22364609266443372
616,320,0,26/09/2014 11:32:31,YT910K6675876ded0861342065,4.0,0.0,0.0,0.0,0.0,0.08430673252620664,-7.607142857142857,-0.6428571428571429,0.0,-7.634257511710096,0.08430673252620664
591,364,0,26/09/2014 11:32:39,YT910K6675876ded0861342065,8.0,-3.125,5.5,0.0,6.325790464439997,-1.0541011880326194,-0.390625,0.6875,0.0,0.7907238080549996,-1.0541011880326194
591,364,0,26/09/2014 11:32:47,YT910K6675876ded0861342065,8.0,0.0,0.0,0.0,0.0,-1.0541011880326194,0.390625,-0.6875,0.0,-0.7907238080549996,-1.0541011880326194
567,320,0,26/09/2014 11:32:54,YT910K6675876ded0861342065,7.0,-3.4285714285714284,-6.285714285714286,0.0,7.159979477795239,1.0714496051147666,-0.4897959183673469,-0.8979591836734694,0.0,1.0228542111136056,1.0714496051147666
616,347,0,26/09/2014 11:33:02,YT910K6675876ded0861342065,8.0,6.125,3.375,0.0,6.993300365349683,0.5036262961240962,1.1941964285714286,1.2075892857142856,0.0,-0.020834889055694528,0.7909743137812446
693,267,0,26/09/2014 11:33:09,YT910K6675876ded0861342065,7.0,11.0,-11.428571428571429,0.0,15.862290026914751,-0.8045041185158892,0.6964285714285714,-2.114795918367347,0.0,1.2669985230807241,-1.2526689449497148
616,347,0,26/09/2014 11:33:17,YT910K6675876ded0861342065,8.0,-9.625,10.0,0.0,13.879503773550407,-0.8045041185158891,-2.578125,2.678571428571429,0.0,-0.24784828167054296,-0.8045041185158892
616,347,0,26/09/2014 11:33:25,YT910K6675876ded0861342065,8.0,0.0,0.0,0.0,0.0,-0.8045041185158891,1.203125,-1.25,0.0,-1.734937971693801,-0.8045041185158891
616,302,0,26/09/2014 11:33:33,YT910K6675876ded0861342065,8.0,0.0,-5.625,0.0,5.625,-1.5707963267948966,0.0,-0.703125,0.0,0.703125,-1.5707963267948966
616,302,0,26/09/2014 11:33:40,YT910K6675876ded0861342065,7.0,0.0,0.0,0.0,0.0,-1.5707963267948966,0.0,0.8035714285714286,0.0,-0.8035714285714286,1.5707963267948966
591,364,0,26/09/2014 11:33:43,YT910K6675876ded0861342065,3.0,-8.333333333333334,20.666666666666668,0.0,22.28352655114436,-1.187512179049211,-2.777777777777778,6.888888888888889,0.0,7.4278421837147866,-1.187512179049211
591,364,0,26/09/2014 11:33:51,YT910K6675876ded0861342065,8.0,0.0,0.0,0.0,0.0,-1.187512179049211,1.0416666666666667,-2.5833333333333335,0.0,-2.785440818893045,-1.187512179049211
591,364,0,26/09/2014 11:33:59,YT910K6675876ded0861342065,8.0,0.0,0.0,0.0,0.0,-1.187512179049211,0.0,0.0,0.0,0.0,-1.187512179049211
591,364,0,26/09/2014 11:34:02,YT910K6675876ded0861342065,3.0,0.0,0.0,0.0,0.0,-1.187512179049211,0.0,0.0,0.0,0.0,-1.187512179049211
591,364,0,26/09/2014 11:34:09,YT910K6675876ded0861342065,7.0,0.0,0.0,0.0,0.0,-1.187512179049211,0.0,0.0,0.0,0.0,-1.187512179049211
616,364,0,26/09/2014 11:34:17,YT910K6675876ded0861342065,8.0,3.125,0.0,0.0,3.125,0.0,0.390625,0.0,0.0,0.390625,0.0
616,347,0,26/09/2014 11:34:25,YT910K6675876ded0861342065,8.0,0.0,-2.125,0.0,2.125,-1.5707963267948966,-0.390625,-0.265625,0.0,-0.125,0.5971766580926776
591,320,0,26/09/2014 11:34:32,YT910K6675876ded0861342065,7.0,-3.5714285714285716,-3.857142857142857,0.0,5.2566769979926,0.8238407534186363,-0.5102040816326531,-0.24744897959183673,0.0,0.4473824282846572,0.4515757608355504
591,320,0,26/09/2014 11:34:35,YT910K6675876ded0861342065,3.0,0.0,0.0,0.0,0.0,0.8238407534186363,1.1904761904761905,1.2857142857142858,0.0,-1.7522256659975335,0.8238407534186363
616,302,0,26/09/2014 11:34:42,YT910K6675876ded0861342065,7.0,3.5714285714285716,-2.5714285714285716,0.0,4.400834800214104,-0.6240230529767569,0.5102040816326531,-0.3673469387755102,0.0,0.628690685744872,-0.6240230529767569
616,302,0,26/09/2014 11:34:50,YT910K6675876ded0861342065,8.0,0.0,0.0,0.0,0.0,-0.6240230529767569,-0.44642857142857145,0.32142857142857145,0.0,-0.550104350026763,-0.6240230529767569
616,302,0,26/09/2014 11:34:53,YT910K6675876ded0861342065,3.0,0.0,0.0,0.0,0.0,-0.6240230529767569,0.0,0.0,0.0,0.0,-0.6240230529767569
616,302,0,26/09/2014 11:35:00,YT910K6675876ded0861342065,7.0,0.0,0.0,0.0,0.0,-0.6240230529767569,0.0,0.0,0.0,0.0,-0.6240230529767569
591,364,0,26/09/2014 11:35:07,YT910K6675876ded0861342065,7.0,-3.5714285714285716,8.857142857142858,0.0,9.550082807633297,-1.187512179049211,-0.5102040816326531,1.2653061224489797,0.0,1.364297543947614,-1.187512179049211
542,320,0,26/09/2014 11:35:15,YT910K6675876ded0861342065,8.0,-6.125,-5.5,0.0,8.231987913013478,0.7316864340942157,-0.31919642857142855,-1.7946428571428572,0.0,-0.16476186182747732,1.3947763241053754
616,302,0,26/09/2014 11:35:22,YT910K6675876ded0861342065,7.0,10.571428571428571,-2.5714285714285716,0.0,10.87967586551987,-0.23860932250820097,2.385204081632653,0.4183673469387755,0.0,0.3782411360723416,0.1736347916791707
591,364,0,26/09/2014 11:35:30,YT910K6675876ded0861342065,8.0,-3.125,7.75,0.0,8.356322456679134,-1.187512179049211,-1.7120535714285714,1.2901785714285714,0.0,-0.31541917610509196,-0.6457918169898132
591,364,0,26/09/2014 11:35:38,YT910K6675876ded0861342065,8.0,0.0,0.0,0.0,0.0,-1.187512179049211,0.390625,-0.96875,0.0,-1.0445403070848918,-1.187512179049211
776,320,0,26/09/2014 11:35:45,YT910K6675876ded0861342065,7.0,26.428571428571427,-6.285714285714286,0.0,27.165779794379816,-0.23349957551440234,3.7755102040816326,-0.8979591836734694,0.0,3.8808256849114025,-0.23349957551440234
776,320,0,26/09/2014 11:35:53,YT910K6675876ded0861342065,8.0,0.0,0.0,0.0,0.0,-0.23349957551440234,-3.3035714285714284,0.7857142857142857,0.0,-3.395722474297477,-0.23349957551440234
776,320,0,26/09/2014 11:36:01,YT910K6675876ded0861342065,8.0,0.0,0.0,0.0,0.0,-0.23349957551440234,0.0,0.0,0.0,0.0,-0.23349957551440234
776,320,0,26/09/2014 11:36:08,YT910K6675876ded0861342065,7.0,0.0,0.0,0.0,0.0,-0.23349957551440234,0.0,0.0,0.0,0.0,-0.23349957551440234
616,364,0,26/09/2014 11:36:16,YT910K6675876ded0861342065,8.0,-20.0,5.5,0.0,20.74246851269154,-0.2683662109059069,-2.5,0.6875,0.0,2.5928085640864427,-0.2683662109059069
591,364,0,26/09/2014 11:36:23,YT910K6675876ded0861342065,7.0,-3.5714285714285716,0.0,0.0,3.5714285714285716,-0.0,2.346938775510204,-0.7857142857142857,0.0,-2.45300570589471,-0.3230543346226991
591,320,0,26/09/2014 11:36:31,YT910K6675876ded0861342065,8.0,0.0,-5.5,0.0,5.5,-1.5707963267948966,0.44642857142857145,-0.6875,0.0,0.24107142857142855,-0.9948777271765435
616,347,0,26/09/2014 11:36:39,YT910K6675876ded0861342065,8.0,3.125,3.375,0.0,4.599592373243524,0.8238407534186363,0.390625,1.109375,0.0,-0.11255095334455945,1.2322406318832124
591,364,0,26/09/2014 11:36:49,YT910K6675876ded0861342065,10.0,-2.5,1.7,0.0,3.023243291566195,-0.5971766580926775,-0.5625,-0.1675,0.0,-0.15763490816773293,0.28941681362754956
591,320,0,26/09/2014 11:36:58,YT910K6675876ded0861342065,9.0,0.0,-4.888888888888889,0.0,4.888888888888889,-1.5707963267948966,0.2777777777777778,-0.7320987654320988,0.0,0.20729395525807714,-1.2081504221862904
591,364,0,26/09/2014 11:37:12,YT910K6675876ded0861342065,14.0,0.0,3.142857142857143,0.0,3.142857142857143,1.5707963267948966,0.0,0.5736961451247166,0.0,-0.1247165532879819,1.5707963267948966
591,320,0,26/09/2014 11:37:19,YT910K6675876ded0861342065,7.0,0.0,-6.285714285714286,0.0,6.285714285714286,-1.5707963267948966,0.0,-1.346938775510204,0.0,0.4489795918367347,-1.5707963267948966
514,364,0,26/09/2014 11:37:26,YT910K6675876ded0861342065,7.0,-11.0,6.285714285714286,0.0,12.669262175897721,-0.5191461142465229,-1.5714285714285714,1.7959183673469388,0.0,0.9119354128833479,-0.851966327173272
514,320,0,26/09/2014 11:37:32,YT910K6675876ded0861342065,6.0,0.0,-7.333333333333333,0.0,7.333333333333333,-1.5707963267948966,1.8333333333333333,-2.2698412698412698,0.0,-0.8893214737607313,-0.8913825213870482
403,302,0,26/09/2014 11:37:39,YT910K6675876ded0861342065,7.0,-15.857142857142858,-2.5714285714285716,0.0,16.064284126278267,0.16076274062583473,-2.2653061224489797,0.6802721088435373,0.0,1.2472786847064192,-0.29173227656456213
403,320,0,26/09/2014 11:37:43,YT910K6675876ded0861342065,4.0,0.0,4.5,0.0,4.5,1.5707963267948966,3.9642857142857144,1.7678571428571428,0.0,-2.8910710315695667,0.41947746175536094
459,347,0,26/09/2014 11:37:49,YT910K6675876ded0861342065,6.0,9.333333333333334,4.5,0.0,10.361520694913036,0.4492601126118804,1.5555555555555556,0.0,0.0,0.9769201158188393,0.0
459,347,0,26/09/2014 11:37:57,YT910K6675876ded0861342065,8.0,0.0,0.0,0.0,0.0,0.4492601126118804,-1.1666666666666667,-0.5625,0.0,-1.2951900868641295,0.4492601126118804
660,177,0,26/09/2014 11:38:05,YT910K6675876ded0861342065,8.0,25.125,-21.25,0.0,32.9063538697316,-0.7020338666008175,3.140625,-2.65625,0.0,4.11329423371645,-0.7020338666008175
660,40,0,26/09/2014 11:38:12,YT910K6675876ded0861342065,7.0,0.0,-19.571428571428573,0.0,19.571428571428573,-1.5707963267948966,-3.5892857142857144,0.23979591836734673,0.0,-1.9049893283290043,-0.06670967988412947
977,347,0,26/09/2014 11:38:21,YT910K6675876ded0861342065,9.0,35.22222222222222,34.111111111111114,0.0,49.03236522447365,0.7693738940684061,3.9135802469135803,5.964726631393298,0.0,3.2734374058938975,0.9901303990681015
374,347,0,26/09/2014 11:38:29,YT910K6675876ded0861342065,8.0,-75.375,0.0,0.0,75.375,-0.0,-13.824652777777779,-4.263888888888889,0.0,3.2928293469407937,0.29916946252862686
274,364,0,26/09/2014 11:38:36,YT910K6675876ded0861342065,7.0,-14.285714285714286,2.4285714285714284,0.0,14.490672580551074,-0.1683901571475299,8.72704081632653,0.3469387755102041,0.0,-8.697761059921275,0.03973353472512398
1010,320,0,26/09/2014 11:39:45,YT910K6675876ded0861342065,69.0,10.666666666666666,-0.6376811594202898,0.0,10.685710787722892,-0.05971154080638942,0.3616287094547964,-0.0444384433042278,0.0,-0.05514437380910409,-0.1222711747696162
1010,320,0,26/09/2014 11:39:55,YT910K6675876ded0861342065,10.0,0.0,0.0,0.0,0.0,-0.05971154080638942,-1.0666666666666667,0.06376811594202898,0.0,-1.068571078772289,-0.05971154080638942
977,320,0,26/09/2014 11:40:05,YT910K6675876ded0861342065,10.0,-3.3,0.0,0.0,3.3,-0.0,-0.32999999999999996,0.0,0.0,0.32999999999999996,-0.0
156,364,0,26/09/2014 11:40:14,YT910K6675876ded0861342065,9.0,-91.22222222222223,4.888888888888889,0.0,91.3531338363846,-0.05354195666960061,-9.769135802469137,0.54320987654321,0.0,9.783681537376067,-0.05554749946435983
156,364,0,26/09/2014 11:40:34,YT910K6675876ded0861342065,20.0,0.0,0.0,0.0,0.0,-0.05354195666960061,4.561111111111112,-0.24444444444444446,0.0,-4.56765669181923,-0.05354195666960061
87,320,0,26/09/2014 11:40:49,YT910K6675876ded0861342065,15.0,-4.6,-2.933333333333333,0.0,5.455680016683937,0.5676664243718798,-0.30666666666666664,-0.19555555555555554,0.0,0.3637120011122625,0.5676664243718798
660,177,0,26/09/2014 11:40:57,YT910K6675876ded0861342065,8.0,71.625,-17.875,0.0,73.82178709568063,-0.2445679855318821,9.528125,-1.8677083333333333,0.0,8.545763384874586,-0.19356625690404336
660,112,0,26/09/2014 11:41:05,YT910K6675876ded0861342065,8.0,0.0,-8.125,0.0,8.125,-1.5707963267948966,-8.953125,1.21875,0.0,-8.21209838696008,-0.13529406912993922
221,320,0,26/09/2014 11:41:08,YT910K6675876ded0861342065,3.0,-146.33333333333334,69.33333333333333,0.0,161.92762443621396,-0.4424721373992264,-48.77777777777778,25.819444444444443,0.0,51.26754147873799,-0.48683381675281584
459,364,0,26/09/2014 11:41:16,YT910K6675876ded0861342065,8.0,29.75,5.5,0.0,30.254131949206542,0.18280988437960327,22.010416666666668,-7.979166666666666,0.0,-16.459186560875928,-0.3477826738034517
514,320,0,26/09/2014 11:41:23,YT910K6675876ded0861342065,7.0,7.857142857142857,-6.285714285714286,0.0,10.062052373108763,-0.6747409422235527,-3.127551020408163,-1.6836734693877549,0.0,-2.884582796585397,0.4938440831917045
514,320,0,26/09/2014 11:41:31,YT910K6675876ded0861342065,8.0,0.0,0.0,0.0,0.0,-0.6747409422235527,-0.9821428571428571,0.7857142857142857,0.0,-1.2577565466385954,-0.6747409422235527
514,320,0,26/09/2014 11:41:34,YT910K6675876ded0861342065,3.0,0.0,0.0,0.0,0.0,-0.6747409422235527,0.0,0.0,0.0,0.0,-0.6747409422235527
567,364,0,26/09/2014 11:41:41,YT910K6675876ded0861342065,7.0,7.571428571428571,6.285714285714286,0.0,9.840565771025442,0.6928795422778015,1.0816326530612244,0.8979591836734694,0.0,1.4057951101464918,0.6928795422778015
738,364,0,26/09/2014 11:41:49,YT910K6675876ded0861342065,8.0,21.375,0.0,0.0,21.375,0.0,1.7254464285714286,-0.7857142857142857,0.0,1.4418042786218197,-0.4273095547964185
876,302,0,26/09/2014 11:41:56,YT910K6675876ded0861342065,7.0,19.714285714285715,-8.857142857142858,0.0,21.61254359894565,-0.422251153451272,-0.23724489795918352,-1.2653061224489797,0.0,0.03393479984937845,1.3854483767992019
910,364,0,26/09/2014 11:42:04,YT910K6675876ded0861342065,8.0,4.25,7.75,0.0,8.838834764831844,1.069192272605776,-1.9330357142857144,2.075892857142857,0.0,-1.5967136042642256,-0.8210178353397294
842,320,0,26/09/2014 11:42:15,YT910K6675876ded0861342065,11.0,-6.181818181818182,-4.0,0.0,7.363075175024213,0.5743048301747018,-0.9483471074380165,-1.0681818181818181,0.0,-0.13415996270978467,0.8447545866415551
842,320,0,26/09/2014 11:42:24,YT910K6675876ded0861342065,9.0,0.0,0.0,0.0,0.0,0.5743048301747018,0.6868686868686869,0.4444444444444444,0.0,-0.8181194638915792,0.5743048301747018
944,320,0,26/09/2014 11:42:40,YT910K6675876ded0861342065,16.0,6.375,0.0,0.0,6.375,0.0,0.3984375,0.0,0.0,0.3984375,0.0
