Speed Angle vs Modulus Speed from (326, 343) to (566, 364)
Modulus Speed (points/sec)
Speed Angle (radians)
222.59605,0.20356289,1.0
50.0,0.0,1.0
19.420511,0.1746722,1.0
66.5451,-0.12808284,1.0
20.0,0.0,1.0
7.25,0.0,1.0
65.89765,0.20632389,1.0
29.0,-0.0,1.0
89.1852,0.30756712,1.0
63.97656,0.43568286,1.0
19.811613,0.74969906,1.0
27.0,0.0,1.0
13.5,1.5707964,1.0
61.012295,0.22311336,1.0
101.98039,0.44610554,1.0
15.542281,0.44926012,1.0
62.169125,0.44926012,1.0
53.535034,0.9983365,1.0
20.723042,0.44926012,1.0
10.635371,-0.56192154,1.0
95.880135,0.28546286,1.0
9.0,0.0,1.0
127.141655,0.50939035,1.0
55.65968,-0.3103874,1.0
27.771389,-0.40725586,1.0
222.0,-0.0,1.0
42.48179,-0.026681265,1.0
222.59605,0.20356289,1.0
50.514553,-0.06735826,1.0
19.420511,0.1746722,1.0
9.503289,-0.4636476,1.0
92.0,0.0,1.0
30.220026,0.28511775,1.0
29.0,0.0,1.0
44.34242,-0.5191461,1.0
34.0147,1.1466019,1.0
31.0,1.5707964,1.0
27.0,-0.0,1.0
42.627586,0.21273178,1.0
29.0,-0.0,1.0
9.909467,0.30756712,1.0
61.269894,0.45634848,1.0
27.82984,-0.3103874,1.0
39.623226,-0.74969906,1.0
109.33092,-0.07782415,1.0
87.91189,-0.096839,1.0
51.790443,0.26371184,1.0
27.82984,-0.3103874,1.0
18.553226,-0.3103874,1.0
52.153618,-1.0040671,1.0
67.30899,-0.23236673,1.0
232.42203,-0.2700256,1.0
50.898182,-0.4966027,1.0
3.1111112,-0.0,1.0
15.0,1.5707964,1.0
55.0,-0.0,1.0
13.75,0.0,1.0
12.369651,-0.12526657,1.0
9.642858,-0.0,1.0
8.5,1.5707964,1.0
28.30636,-0.30499235,1.0
28.0,0.0,1.0
9.333333,-0.0,1.0
18.0,-0.0,1.0
46.195915,-0.09212975,1.0
14.124008,0.1746722,1.0
103.58089,0.26371184,1.0
14.5,0.0,1.0
224.08926,-0.861202,1.0
14.0,-0.0,1.0
20.75,-0.0,1.0
53.18012,0.12727045,1.0
17.0,1.5707964,1.0
14.447145,0.38307706,1.0
58.40484,-0.072832316,1.0
153.94154,-0.11065722,1.0
58.607925,-0.096839,1.0
186.95988,0.14492276,1.0
21.25,-0.0,1.0
19.333334,0.0,1.0
160.29036,0.16925122,1.0
55.0,0.9272952,1.0
136.06616,-0.12526657,1.0
109.32977,-0.15612637,1.0
188.30826,-0.39234015,1.0
29.85067,0.37739596,1.0
162.88953,0.1045556,1.0
112.0,-0.0,1.0
51.40039,0.64739215,1.0
112.32208,-0.075747654,1.0
3.7106454,-0.3103874,1.0
252.57277,0.06735826,1.0
10.345591,-0.20687395,1.0
55.65968,-0.3103874,1.0
14.0,-0.0,1.0
26.5,-1.014197,1.0
56.61272,-0.30499235,1.0
9.0,0.0,1.0
27.0,-0.0,1.0
56.61272,-0.30499235,1.0
27.0,-0.0,1.0
72.235725,0.38307706,1.0
51.78803,0.1746722,1.0
77.682045,0.1746722,1.0
158.0,0.0,1.0
179.0,0.0,1.0
18.0,-0.0,1.0
27.0,0.0,1.0
27.0,-0.0,1.0
57.60425,0.23655781,1.0
54.0,-0.0,1.0
13.5,0.0,1.0
27.0,0.0,1.0
6.551336,0.5456551,1.0
112.0,-0.0,1.0
18.553226,-0.3103874,1.0
11.131936,-0.3103874,1.0
8.804296,0.67474097,1.0
136.29747,-0.328711,1.0
19.517653,-0.33563855,1.0
4.6383066,-0.3103874,1.0
20.935915,0.2044212,1.0
58.607925,-0.096839,1.0
58.10129,0.15552814,1.0
36.117863,0.38307706,1.0
19.333334,0.0,1.0
82.0,0.0,1.0
27.333334,-0.0,1.0
133.18596,0.101536416,1.0
56.61272,-0.30499235,1.0
179.7248,0.25307566,1.0
14.666667,1.5707964,1.0
83.74366,-0.2044212,1.0
87.414246,-0.097392045,1.0
126.269554,-0.51325226,1.0
51.62364,-1.0204104,1.0
136.06616,-0.12526657,1.0
53.0,-0.0,1.0
10.430724,-1.0040671,1.0
86.72946,-0.3655182,1.0
10.345591,-0.20687395,1.0
81.0,-0.0,1.0
82.764725,-0.20687395,1.0
15.542281,0.44926012,1.0
9.0,-0.0,1.0
19.091883,0.7853982,1.0
27.0,0.0,1.0
53.535034,-0.9983365,1.0
58.0,0.0,1.0
29.0,-0.0,1.0
34.526962,0.26371184,1.0
160.29036,0.16925122,1.0
63.570827,0.50939035,1.0
154.37941,0.17579791,1.0
57.567352,0.29977608,1.0
44.0,1.5707964,1.0
71.56291,-0.4480239,1.0
81.394104,-0.45815316,1.0
27.0,-0.0,1.0
9.905807,0.74969906,1.0
72.235725,0.38307706,1.0
53.430122,0.16925122,1.0
1.8663522,0.10268209,1.0
51.4598,0.17579791,1.0
34.526962,0.26371184,1.0
15.985345,0.21273178,1.0
13.5,0.0,1.0
186.95988,0.14492276,1.0
51.20791,0.4549142,1.0
30.186918,0.4636476,1.0
30.186918,0.4636476,1.0
9.0,1.5707964,1.0
15.953056,0.56192154,1.0
39.623226,0.74969906,1.0
57.118298,0.23860933,1.0
27.5,-0.0,1.0
63.94138,0.21273178,1.0
27.0,1.5707964,1.0
41.0,0.0,1.0
18.333334,-0.0,1.0
27.5,0.0,1.0
105.81233,0.20944317,1.0
29.85067,0.37739596,1.0
3.9285715,-0.0,1.0
108.0,-0.0,1.0
13.5,0.0,1.0
82.87943,-0.845156,1.0
34.0147,-1.1466019,1.0
34.0147,-1.1466019,1.0
119.40268,0.37739596,1.0
29.85067,0.37739596,1.0
17.38454,-1.0040671,1.0
134.61798,-0.23236673,1.0
269.23596,-0.23236673,1.0
71.56291,-0.4480239,1.0
262.0,-0.0,1.0
27.82984,-0.3103874,1.0
51.8001,0.6415706,1.0
29.26175,-0.2947301,1.0
44.0,1.5707964,1.0
71.8401,0.6769149,1.0
89.1852,0.30756712,1.0
19.811613,0.74969906,1.0
27.0,0.0,1.0
31.906113,0.56192154,1.0
164.2833,0.27746353,1.0
33.0,0.0,1.0
160.29036,0.16925122,1.0
29.0,-0.0,1.0
25.895222,0.26371184,1.0
31.072817,0.1746722,1.0
222.59605,0.20356289,1.0
45.0,1.5707964,1.0
87.91189,-0.096839,1.0
17.809368,0.12667653,1.0
27.0,-0.0,1.0
208.75345,0.12970254,1.0
27.5,-0.0,1.0
19.091883,0.7853982,1.0
38.183765,0.7853982,1.0
15.542281,0.44926012,1.0
57.118298,0.23860933,1.0
62.0,1.5707964,1.0
9.333333,-0.0,1.0
52.153618,-1.0040671,1.0
22.0,1.5707964,1.0
78.854294,-0.21729343,1.0
44.0,1.5707964,1.0
71.56291,-0.4480239,1.0
23.485369,0.48745263,1.0
14.0,0.0,1.0
28.0,-0.0,1.0
18.611824,0.49248576,1.0
14.100089,0.92374915,1.0
94.7114,0.23985706,1.0
20.716177,0.26371184,1.0
63.97656,0.43568286,1.0
51.20791,0.4549142,1.0
153.94154,-0.11065722,1.0
13.207742,0.74969906,1.0
16.807735,0.5302158,1.0
14.5,-0.0,1.0
67.5,-0.0,1.0
27.0,0.0,1.0
31.084562,0.44926012,1.0
19.900446,0.37739596,1.0
173.45892,-0.3655182,1.0
102.80078,0.64739215,1.0
34.074368,-0.328711,1.0
27.89375,0.23255694,5.0
34.266926,0.64739215,5.0
14.312582,-0.4480239,5.0
10.430724,1.0040671,5.0
17.133463,0.64739215,5.0
26.076809,1.0040671,5.0
11.009679,-0.4480239,5.0
26.076809,1.0040671,5.0
51.40039,0.64739215,5.0
335.10782,-0.025367692,5.0
269.78696,-0.115159854,5.0
13.038404,-1.0040671,5.0
22.0,1.5707964,5.0
134.61798,-0.23236673,5.0
22.0,1.5707964,5.0
13.4,0.0,5.0
44.911022,0.20176235,5.0
21.32552,0.43568286,5.0
16.75,0.0,5.0
22.259605,0.20356289,5.0
63.570827,0.50939035,5.0
34.266926,0.64739215,5.0
71.56291,-0.4480239,5.0
26.076809,1.0040671,5.0
143.5,0.0,5.0
33.5,0.0,5.0
33.5,0.0,5.0
145.25322,0.15552814,5.0
127.993164,0.17670886,5.0
38.278584,0.41689807,5.0
14.920624,-0.54616654,5.0
269.78696,-0.115159854,5.0
33.5,0.0,5.0
80.14518,0.16925122,5.0
146.65947,-0.15057571,5.0
66.417244,-0.1663863,5.0
26.076809,1.0040671,5.0
26.076809,-1.0040671,5.0
119.40268,0.37739596,5.0
39.25,-0.0,5.0
33.5,0.0,5.0
68.148735,-0.328711,5.0
51.40039,0.64739215,5.0
38.841022,0.1746722,5.0
25.358677,-0.16839015,5.0
285.31955,-0.04733304,5.0
21.25,0.0,5.0
8.8,1.5707964,5.0
63.570827,0.50939035,5.0
18.09561,-0.082988255,5.0
9.666667,-0.0,5.0
63.07535,0.1351707,5.0
56.0,-0.0,5.0
14.0,-0.0,5.0
51.20791,0.4549142,5.0
71.56291,-0.4480239,5.0
167.97487,-0.08742598,5.0
50.717354,-0.16839015,5.0
69.729836,0.32855317,5.0
41.109608,0.85425466,5.0
5.7948465,-1.0040671,5.0
40.48853,0.046669386,5.0
135.31676,0.031412955,5.0
52.153618,1.0040671,5.0
143.12582,-0.4480239,5.0
14.666667,1.5707964,5.0
135.77104,-0.66707236,5.0
22.0,1.5707964,5.0
105.81233,0.20944317,5.0
22.0,1.5707964,5.0
53.75872,-0.16820677,5.0
13.5,0.0,5.0
44.26765,0.15307869,5.0
58.51709,-0.8640236,5.0
97.62812,0.23255694,5.0
31.0,1.5707964,5.0
26.076809,1.0040671,5.0
63.570827,0.50939035,5.0
78.5,-0.0,5.0
38.841022,0.1746722,5.0
9.503289,-0.4636476,5.0
21.685888,-0.13102792,5.0
75.89759,-0.7916093,5.0
4.223684,-0.4636476,5.0
29.85067,0.37739596,5.0
72.89109,-0.12378778,5.0
26.076809,-1.0040671,5.0
22.0,1.5707964,5.0
27.259493,-0.328711,5.0
16.75,0.0,5.0
32.870247,-1.105448,5.0
85.5992,0.17219082,5.0
125.0,0.0,5.0
417.34637,0.040744822,5.0
39.80089,0.37739596,5.0
7.0,-0.0,5.0
88.68484,-0.5191461,5.0
38.8973,0.76721835,5.0
237.30571,0.19078408,5.0
42.38055,0.50939035,5.0
68.0294,1.1466019,5.0
38.658047,0.12970254,5.0
90.34656,0.25168997,5.0
33.5,0.0,5.0
46.52956,0.49248576,5.0
218.66183,-0.07782415,5.0
50.717354,-0.16839015,5.0
63.570827,0.50939035,5.0
67.0,0.0,5.0
270.6335,0.031412955,5.0
51.841225,0.029815722,5.0
38.841022,0.1746722,5.0
68.524124,-0.30636716,5.0
18.56071,0.47569522,5.0
205.44403,-0.06575871,5.0
112.0,-0.0,5.0
36.117863,0.38307706,5.0
5.136639,0.14419138,5.0
23.485369,0.48745263,5.0
26.076809,1.0040671,5.0
236.885,-0.057020575,5.0
203.4484,-0.066404685,5.0
7.4444447,0.0,5.0
26.076809,1.0040671,5.0
26.076809,-1.0040671,5.0
29.85067,0.37739596,5.0
251.14389,0.033851605,5.0
114.05069,0.029815722,5.0
166.90416,-0.18682016,5.0
26.076809,-1.0040671,5.0
31.785414,0.50939035,5.0
252.57277,0.06735826,5.0
27.0,1.5707964,5.0
51.790443,0.26371184,5.0
77.682045,0.1746722,5.0
29.85067,0.37739596,5.0
86.72946,-0.3655182,5.0
25.700195,0.64739215,5.0
17.38454,-1.0040671,5.0
233.9113,-0.7158137,5.0
46.970737,0.48745263,5.0
59.70134,0.37739596,5.0
9.724325,0.76721835,5.0
17.13549,-0.4048918,5.0
31.785414,0.50939035,5.0
51.20791,0.4549142,5.0
11.331733,0.5880026,5.0
19.006578,-0.4636476,5.0
119.40268,0.37739596,5.0
44.0,1.5707964,5.0
370.16348,-0.6878204,5.0
541.267,0.031412955,5.0
80.14518,0.16925122,5.0
58.0,-0.0,5.0
11.0,1.5707964,5.0
39.78833,-0.54616654,5.0
22.0,1.5707964,5.0
51.40039,0.64739215,5.0
26.076809,-1.0040671,5.0
86.72946,-0.3655182,5.0
16.37834,0.5456551,5.0
46.52956,0.49248576,5.0
9.950223,0.37739596,5.0
302.0,-0.0,5.0
132.83449,-0.1663863,5.0
71.56291,-0.4480239,5.0
72.235725,0.38307706,5.0
63.94138,0.21273178,5.0
27.82984,-0.3103874,5.0
102.78619,-0.30636716,5.0
20.348772,-0.06706346,5.0
19.006578,-0.4636476,5.0
51.20791,0.4549142,5.0
97.62812,0.23255694,5.0
120.8,-0.0,5.0
32.626675,-0.26356387,5.0
22.0,1.5707964,5.0
22.0,1.5707964,5.0
31.0,1.5707964,5.0
76.5,-0.0,5.0
254.49657,-0.08852542,5.0
7.25,-0.0,5.0
149.13165,-0.14806104,5.0
155.36409,0.1746722,5.0
9.905807,0.74969906,5.0
102.41582,0.4549142,5.0
31.785414,0.50939035,5.0
45.43249,-0.328711,5.0
25.700195,0.64739215,5.0
134.89348,-0.115159854,5.0
159.71677,-0.7425883,5.0
148.10844,0.038269594,5.0
20.72004,0.6415706,5.0
22.0,1.5707964,5.0
26.076809,1.0040671,5.0
118.652855,0.19078408,5.0
234.3891,-0.057628427,5.0
14.525323,0.15552814,5.0
38.841022,0.1746722,5.0
132.83449,-0.1663863,5.0
18.611824,0.49248576,5.0
71.755394,0.033851605,5.0
77.682045,0.1746722,5.0
145.25322,0.15552814,5.0
42.627586,0.21273178,2.0
145.7978,0.30656734,2.0
71.56291,-0.4480239,2.0
127.141655,0.50939035,2.0
3.476908,-1.0040671,2.0
76.55717,0.41689807,2.0
22.0,1.5707964,2.0
71.56291,-0.4480239,2.0
11.927152,-0.4480239,2.0
23.854303,-0.4480239,2.0
234.0,-0.0,2.0
31.072817,0.1746722,2.0
71.87576,-0.05916432,2.0
219.66452,0.038705036,2.0
4.382721,-0.089402474,2.0
19.006578,-0.4636476,2.0
140.75688,-0.060424574,2.0
177.0706,0.15307869,2.0
40.07259,0.16925122,2.0
17.057526,0.37739596,2.0
383.0,-0.0,2.0
26.076809,1.0040671,2.0
34.0147,-1.1466019,2.0
22.0,1.5707964,2.0
127.141655,0.50939035,2.0
22.0,1.5707964,2.0
56.16104,-0.075747654,2.0
47.708607,-0.4480239,2.0
33.264095,-0.7428706,2.0
13.038404,-1.0040671,2.0
13.986601,-0.5036263,2.0
84.0,-0.0,2.0
70.51418,0.12083698,2.0
209.78859,-0.82079655,2.0
33.5,0.0,2.0
62.169125,0.44926012,2.0
15.953056,0.56192154,2.0
19.438023,0.12526657,2.0
42.38055,0.50939035,2.0
42.38055,0.50939035,2.0
35.781456,-0.4480239,2.0
26.076809,1.0040671,2.0
13.038404,-1.0040671,2.0
17.057526,0.37739596,2.0
0.5539248,-0.5036263,2.0
63.94138,0.21273178,2.0
14.79727,0.26371184,2.0
35.781456,-0.4480239,2.0
185.08174,-0.6878204,2.0
41.109608,0.85425466,2.0
71.56291,-0.4480239,2.0
33.683266,-0.20176235,2.0
13.989083,-0.2652071,2.0
146.65947,-0.15057571,2.0
182.19838,0.046669386,2.0
6.519202,-1.0040671,2.0
132.83449,-0.1663863,2.0
26.076809,-1.0040671,2.0
6.519202,1.0040671,2.0
31.785414,0.50939035,2.0
110.31268,-0.13335025,2.0
22.0,1.5707964,2.0
26.076809,1.0040671,2.0
13.5,1.5707964,2.0
51.8001,0.6415706,2.0
51.8001,0.6415706,2.0
7.0,0.0,2.0
25.700195,0.64739215,2.0
52.153618,1.0040671,2.0
31.084562,0.44926012,2.0
31.0,1.5707964,2.0
34.0147,1.1466019,2.0
22.0,1.5707964,2.0
26.076809,-1.0040671,2.0
98.0,-0.0,2.0
44.8,-0.0,2.0
130.11533,-0.13102792,2.0
132.99718,-0.54106426,2.0
34.0147,-1.1466019,2.0
14.0,0.0,2.0
6.285714,1.5707964,2.0
145.25322,0.15552814,2.0
67.0,0.0,2.0
102.80078,0.64739215,2.0
42.38055,0.50939035,2.0
9.1354685,0.85425466,2.0
45.549595,0.046669386,2.0
41.439716,0.845156,2.0
31.785414,0.50939035,2.0
146.65947,-0.15057571,2.0
166.90416,-0.18682016,2.0
3.2846236,-0.5191461,2.0
26.076809,1.0040671,2.0
20.560156,0.64739215,2.0
22.0,1.5707964,2.0
22.455511,-0.20176235,2.0
78.95885,0.10786003,2.0
19.189117,0.29977608,2.0
20.935915,0.2044212,2.0
10.4679575,0.2044212,2.0
71.56291,-0.4480239,2.0
34.468987,-0.16514868,2.0
68.148735,-0.328711,2.0
26.348625,0.98805684,2.0
13.174313,0.98805684,2.0
29.0,-0.0,2.0
80.14518,0.16925122,2.0
175.55127,-0.8640236,2.0
370.16348,-0.6878204,2.0
88.5353,0.15307869,2.0
50.717354,-0.16839015,2.0
50.717354,-0.16839015,2.0
35.41412,0.15307869,2.0
50.717354,-0.16839015,2.0
167.42926,0.033851605,2.0
195.63039,-0.75105363,2.0
109.33092,-0.07782415,2.0
109.33092,-0.07782415,2.0
17.321663,-0.54636,2.0
19.811613,0.74969906,2.0
77.682045,0.1746722,2.0
51.8001,0.6415706,2.0
7.3333335,1.5707964,2.0
42.38055,0.50939035,2.0
63.570827,0.50939035,2.0
71.56291,-0.4480239,2.0
51.40039,0.64739215,2.0
71.56291,-0.4480239,2.0
14.681962,0.65984845,2.0
14.685825,0.64739215,2.0
51.40039,0.64739215,2.0
88.5353,0.15307869,2.0
59.023537,0.15307869,2.0
76.5,-0.0,2.0
90.211174,0.031412955,2.0
112.26209,-0.32644534,2.0
17.263481,0.26371184,2.0
44.27816,-0.1663863,2.0
26.076809,1.0040671,2.0
68.148735,-0.328711,2.0
24.71462,-0.6779005,2.0
14.666667,1.5707964,2.0
34.0147,1.1466019,2.0
83.9345,-0.2652071,2.0
111.29803,0.20356289,2.0
607.17377,-0.102290735,2.0
101.35704,-0.08396057,2.0
67.57136,-0.08396057,2.0
321.28882,-0.07008782,2.0
34.266926,0.64739215,2.0
26.076809,-1.0040671,2.0
44.5926,0.30756712,3.0
31.019707,0.49248576,3.0
17.057526,0.37739596,3.0
25.700195,0.64739215,3.0
100.09308,-0.8738195,3.0
286.681,-0.10834598,3.0
286.681,-0.10834598,3.0
39.153316,-0.08852542,3.0
33.5,0.0,3.0
58.625,-0.0,3.0
286.681,-0.10834598,3.0
191.68855,-0.044357307,3.0
126.0,-0.0,3.0
25.700195,0.64739215,3.0
175.36034,-0.6172664,3.0
201.33333,-0.0,3.0
95.880135,0.28546286,3.0
22.0,1.5707964,3.0
143.12582,-0.4480239,3.0
48.869946,-0.061426044,3.0
28.0,-0.0,3.0
97.62812,0.23255694,3.0
7.647862,0.9983365,3.0
8.992165,-0.53629583,3.0
28.0,0.0,3.0
210.79196,-0.14759977,3.0
35.608986,0.66596925,3.0
23.739325,0.66596925,3.0
77.682045,0.1746722,3.0
21.145658,0.35415816,3.0
68.481346,-0.06575871,3.0
9.0,0.0,3.0
27.0,-0.0,3.0
25.85174,-0.16514868,3.0
205.44403,-0.06575871,3.0
83.71463,0.033851605,3.0
125.571945,0.033851605,3.0
19.006578,-0.4636476,3.0
108.2534,0.031412955,3.0
32.626675,-0.26356387,3.0
59.70134,0.37739596,3.0
25.603954,0.4549142,3.0
8.20351,0.32855317,3.0
16.905785,-0.16839015,3.0
24.078575,0.38307706,3.0
5.85525,0.98805684,3.0
39.80089,0.37739596,3.0
27.82984,-0.3103874,3.0
217.91856,-0.06198944,3.0
223.13728,-0.10100644,3.0
51.70348,-0.16514868,3.0
27.901613,0.93804747,3.0
11.131936,0.3103874,3.0
139.45967,-0.32855317,3.0
83.546394,-0.83620185,3.0
47.20699,-0.4968108,3.0
318.14777,-0.084968425,3.0
87.13272,0.10347526,3.0
25.932606,0.33394507,3.0
147.64822,-0.43335384,3.0
52.742825,-0.053745657,3.0
23.880535,0.37739596,3.0
22.0,1.5707964,3.0
252.57277,-0.06735826,3.0
88.5353,0.15307869,3.0
51.70348,-0.16514868,3.0
151.0,-0.0,3.0
18.56071,0.47569522,3.0
537.8857,-0.0837588,3.0
251.14389,0.033851605,3.0
136.7841,-0.04143968,3.0
205.44403,-0.06575871,3.0
53.133793,-0.1663863,3.0
22.0,1.5707964,3.0
98.0,-0.0,3.0
67.30899,-0.23236673,3.0
112.0,-0.0,3.0
59.682495,-0.54616654,3.0
7.3333335,1.5707964,3.0
26.076809,1.0040671,3.0
26.076809,1.0040671,3.0
4.9529033,0.74969906,3.0
36.704903,0.65984845,3.0
47.940067,0.28546286,3.0
50.0,0.0,3.0
33.213326,0.34555557,3.0
46.52956,0.49248576,3.0
63.570827,0.50939035,3.0
64.5,-0.0,3.0
143.12582,-0.4480239,3.0
71.56291,-0.4480239,3.0
55.470715,0.59300256,3.0
132.83449,-0.1663863,3.0
203.65657,-0.66707236,3.0
270.83667,-0.049866203,3.0
270.6335,0.031412955,3.0
192.75957,-0.11438107,3.0
251.14389,0.033851605,3.0
570.2535,0.029815722,3.0
132.83449,-0.1663863,3.0
51.70348,-0.16514868,3.0
31.98828,0.43568286,3.0
27.0,0.0,3.0
82.27735,-0.08213189,3.0
151.60475,-0.14562838,3.0
55.652943,0.15333238,3.0
33.388275,-0.16962492,3.0
50.717354,-0.16839015,3.0
50.717354,-0.16839015,3.0
54.866383,0.09858052,3.0
21.204035,0.36153054,3.0
52.153618,1.0040671,3.0
100.43903,-0.22082877,3.0
55.30461,-0.061516486,3.0
21.190275,0.50939035,3.0
45.69806,-0.093136355,3.0
32.626675,-0.26356387,3.0
64.199394,0.17219082,3.0
100.93342,-0.07271923,3.0
51.70348,-0.16514868,3.0
48.7009,0.31309277,3.0
35.92005,0.6769149,3.0
27.25,0.0,3.0
29.85067,0.37739596,3.0
269.23596,-0.23236673,3.0
132.83449,-0.1663863,3.0
468.30865,0.03630882,3.0
100.666664,-0.0,3.0
61.012295,0.22311336,3.0
12.022115,0.48689923,4.0
46.486557,0.32855317,4.0
1.3207742,0.74969906,4.0
2.126588,0.41689807,4.0
0.8066907,0.16453668,4.0
12.586982,0.15063591,4.0
14.20908,-0.17176016,4.0
0.53968257,0.0,4.0
137.4514,-0.10690791,4.0
5.5567575,0.76721835,4.0
18.163094,0.50939035,4.0
15.902869,-0.4480239,4.0
26.388,0.34229562,4.0
10.223272,-0.4480239,4.0
10.487116,0.65984845,4.0
3.857143,0.0,4.0
3.857143,-0.0,4.0
9.931995,-0.1071826,4.0
13.697162,0.28546286,4.0
18.268965,0.21273178,4.0
10.280078,0.64739215,4.0
4.9529033,0.74969906,1.0
218.66183,-0.07782415,1.0
78.8646,-0.05391595,1.0
87.0,-0.0,1.0
184.78366,-0.09212975,1.0
180.69312,0.25168997,1.0
145.25322,0.15552814,1.0
109.33092,-0.07782415,1.0
77.682045,0.1746722,1.0
215.53886,0.20558465,1.0
62.5,0.0,1.0
8.5,-1.5707964,1.0
71.2899,0.1905181,1.0
78.5,-0.0,1.0
126.269554,-0.51325226,1.0
93.941475,0.48745263,1.0
38.183765,0.7853982,1.0
56.61272,-0.30499235,1.0
83.74366,-0.2044212,1.0
16.748732,-0.2044212,1.0
83.74366,-0.2044212,1.0
136.06616,-0.12526657,1.0
3.988264,-0.56192154,1.0
27.0,0.0,1.0
28.30636,-0.30499235,1.0
14.15318,-0.30499235,1.0
56.61272,-0.30499235,1.0
18.870907,-0.30499235,1.0
222.16266,-0.038269594,1.0
27.914553,-0.2044212,1.0
41.87183,-0.2044212,1.0
28.30636,-0.30499235,1.0
14.0,0.0,1.0
224.08926,-0.861202,1.0
31.471327,-0.4968108,1.0
31.906113,-0.56192154,1.0
41.87183,-0.2044212,1.0
262.0,-0.0,1.0
27.914553,-0.2044212,1.0
104.376724,0.12970254,1.0
182.39311,-0.12367495,1.0
41.87183,-0.2044212,1.0
41.87183,-0.2044212,1.0
17.666666,-0.0,1.0
53.0,-0.0,1.0
14.391838,-0.29977608,1.0
66.761665,-0.18682016,1.0
102.80078,-0.64739215,1.0
2.5253177,-0.07339732,1.0
9.666667,-0.0,1.0
54.66546,-0.07782415,1.0
116.80968,-0.072832316,1.0
126.873955,0.35415816,1.0
73.493195,-0.11591638,1.0
88.5353,0.15307869,1.0
4.869565,0.0,1.0
14.0,-0.0,1.0
67.0,0.0,1.0
29.0,0.0,1.0
20.716177,0.26371184,1.0
51.790443,0.26371184,1.0
44.17264,0.33845544,1.0
7.768204,0.1746722,1.0
34.864918,0.32855317,1.0
288.26724,0.09380058,1.0
9.333333,0.0,1.0
83.74366,-0.2044212,1.0
53.183643,0.16051193,1.0
15.953056,-0.56192154,1.0
77.0,-0.0,1.0
47.708607,-0.4480239,1.0
224.0,-0.0,1.0
49.0,-0.0,1.0
11.131936,-0.3103874,1.0
19.091883,0.7853982,1.0
10.0,0.0,1.0
5.975542,0.1746722,1.0
8.467349,-0.080395065,1.0
7.428611,-0.06735826,1.0
34.526962,0.26371184,1.0
160.29036,0.16925122,1.0
68.58298,0.09858052,1.0
4.5,0.0,1.0
13.5,0.0,1.0
9.0,-0.0,1.0
2.7,-0.0,1.0
93.62959,-0.2981063,1.0
89.1852,-0.52888155,1.0
9.594559,-0.29977608,1.0
224.08926,-0.861202,1.0
16.748732,-0.2044212,1.0
41.87183,-0.2044212,1.0
41.87183,-0.2044212,1.0
41.87183,-0.2044212,1.0
83.74366,-0.2044212,1.0
41.87183,-0.2044212,1.0
57.567352,-0.29977608,1.0
57.567352,-0.29977608,1.0
183.63551,-0.16962492,1.0
217.0,-0.0,1.0
6.75,-0.0,1.0
83.74366,-0.2044212,1.0
9.333333,-0.0,1.0
56.61272,-0.30499235,1.0
8.5,-1.5707964,1.0
17.0,1.5707964,1.0
80.50466,0.112028964,1.0
60.378494,0.112028964,1.0
157.9177,-0.10786003,1.0
64.636,-0.24216442,1.0
56.65792,0.09545372,1.0
27.0,-0.0,1.0
56.61272,0.30499235,1.0
94.38353,0.09018027,1.0
281.61853,-0.16047855,1.0
9.666667,-0.0,1.0
89.00632,0.075910196,1.0
10.4679575,-0.2044212,1.0
57.118298,0.23860933,1.0
81.0,-0.0,1.0
7.976528,-0.56192154,1.0
46.52956,0.49248576,1.0
52.873013,0.40158054,1.0
54.0,-0.0,1.0
45.35539,-0.12526657,1.0
27.914553,-0.2044212,1.0
53.0,-0.0,1.0
224.15396,-0.13874249,1.0
18.870907,-0.30499235,1.0
29.487795,-0.68692255,1.0
147.1207,0.091890655,1.0
23.041702,-0.23655781,1.0
45.721985,0.09858052,1.0
9.666667,-0.0,1.0
112.29426,0.15197228,1.0
56.14713,0.15197228,1.0
46.333332,0.0,1.0
84.0,-0.0,1.0
157.9177,-0.10786003,1.0
57.567352,-0.29977608,1.0
27.5,-0.0,1.0
179.80545,-0.094688065,1.0
137.16595,0.09858052,1.0
58.0,-0.0,1.0
58.0,0.0,1.0
29.0,-0.0,1.0
60.695305,-0.05604685,1.0
130.27759,-0.06529168,1.0
9.0,0.0,1.0
301.21255,0.08975817,1.0
23.970034,0.28546286,1.0
29.0,-0.0,1.0
215.53886,0.20558465,1.0
276.0,0.0,1.0
18.268965,0.21273178,1.0
28.29998,0.81871915,1.0
4.5,0.0,1.0
27.0,-0.0,1.0
7.976528,-0.56192154,1.0
14.391838,0.29977608,1.0
93.05912,0.49248576,1.0
77.0,-0.0,1.0
126.286385,0.06735826,1.0
5.6,0.0,1.0
5.565968,-0.3103874,1.0
121.59541,-0.12367495,1.0
20.935915,-0.2044212,1.0
41.87183,-0.2044212,1.0
83.74366,-0.2044212,1.0
68.03308,-0.12526657,1.0
83.74366,-0.2044212,1.0
14.0,-0.0,1.0
28.30636,-0.30499235,1.0
17.845013,0.9983365,1.0
111.29803,0.20356289,1.0
25.0,0.0,1.0
51.0,0.0,1.0
58.0,0.0,1.0
53.535034,0.9983365,1.0
43.75,0.0,1.0
103.58089,0.26371184,1.0
186.95988,0.14492276,1.0
119.763306,0.112962425,1.0
59.881653,0.112962425,1.0
51.790443,0.26371184,1.0
27.335365,0.2715996,1.0
263.25082,-0.7020339,1.0
13.5,0.0,1.0
27.0,-0.0,1.0
6.75,0.0,1.0
164.5547,-0.08213189,1.0
132.0,-0.0,1.0
23.872997,-0.54616654,1.0
34.828148,0.6837093,1.0
11.338234,-1.1466019,1.0
109.32977,-0.15612637,1.0
31.906113,-0.56192154,1.0
28.30636,-0.30499235,1.0
27.0,0.0,1.0
52.69725,0.98805684,1.0
17.0,-1.5707964,1.0
40.35468,0.591439,1.0
26.076809,-1.0040671,1.0
35.45576,-0.16051193,1.0
269.23596,-0.23236673,1.0
55.65968,-0.3103874,1.0
93.05912,0.49248576,1.0
22.653034,0.24069603,1.0
11.769231,0.0,1.0
74.198685,0.20356289,1.0
91.995926,0.14727747,1.0
79.0,0.0,1.0
160.29036,0.16925122,1.0
40.07259,0.16925122,1.0
179.2017,-0.04745039,1.0
332.71008,-0.53629583,1.0
110.90336,-0.53629583,1.0
154.06898,-0.58440226,1.0
29.0,-0.0,1.0
155.36409,0.1746722,1.0
38.05313,0.101536416,1.0
114.236595,0.23860933,1.0
26.5,-0.0,1.0
63.570827,0.50939035,1.0
11.0,1.5707964,1.0
31.019707,0.49248576,1.0
9.0,1.5707964,1.0
82.0,0.0,1.0
83.74366,-0.2044212,1.0
77.189705,0.17579791,1.0
55.0,0.0,1.0
82.0,-0.0,1.0
132.51793,0.33845544,1.0
8.5,-1.5707964,1.0
70.90682,0.12727045,1.0
14.5,-0.0,1.0
14.79727,0.26371184,1.0
93.47994,0.14492276,1.0
233.61935,-0.072832316,1.0
127.88276,0.21273178,1.0
2.7,0.0,1.0
120.33287,0.37433362,1.0
26.5,-0.0,1.0
4.0,-0.0,1.0
80.14518,0.16925122,1.0
87.91189,-0.096839,1.0
60.13619,0.12504251,1.0
13.957276,-0.2044212,1.0
26.715061,0.16925122,1.0
265.66898,-0.1663863,1.0
12.833333,-0.0,1.0
70.434364,0.67474097,1.0
51.70348,-0.16514868,1.0
132.83449,-0.1663863,1.0
55.65968,-0.3103874,1.0
67.5,-0.0,1.0
27.0,0.0,1.0
55.0,0.0,1.0
82.0,-0.0,1.0
8.5,1.5707964,1.0
56.61272,-0.30499235,1.0
13.5,-0.0,1.0
31.906113,-0.56192154,1.0
17.0,-1.5707964,1.0
18.0,0.0,1.0
42.361538,-0.20202516,1.0
42.361538,-0.20202516,1.0
213.71242,0.12667653,1.0
51.790443,0.26371184,1.0
37.333332,0.0,1.0
100.0,0.0,1.0
58.40484,-0.072832316,1.0
164.01219,0.2715996,1.0
104.376724,0.12970254,1.0
132.83449,-0.1663863,1.0
22.676468,-1.1466019,1.0
14.0,-0.0,1.0
52.153618,-1.0040671,1.0
18.553226,-0.3103874,1.0
5.6,-0.0,1.0
101.037125,0.22457333,1.0
222.59605,0.20356289,1.0
85.0,0.0,1.0
57.567352,0.29977608,1.0
20.935915,0.2044212,1.0
69.9111,0.16162136,1.0
157.5,0.0,1.0
56.400356,0.92374915,1.0
89.1852,0.30756712,1.0
53.535034,0.9983365,1.0
10.635371,0.56192154,1.0
31.906113,0.56192154,1.0
13.5,0.0,1.0
27.0,-0.0,1.0
133.0902,0.12808284,1.0
62.0,1.5707964,1.0
31.906113,0.56192154,1.0
15.99414,0.43568286,1.0
69.12308,-0.24848743,1.0
28.77692,0.31808758,1.0
27.0,1.5707964,1.0
12.833333,-0.0,1.0
21.0,-0.0,1.0
8.555555,-0.0,1.0
93.05912,0.49248576,1.0
12.468737,0.3145043,1.0
27.0,-0.0,1.0
167.869,-0.2652071,1.0
55.65968,-0.3103874,1.0
112.0,-0.0,1.0
57.81964,-0.3655182,1.0
22.0,1.5707964,1.0
62.0,1.5707964,1.0
17.38454,1.0040671,1.0
22.0,1.5707964,1.0
51.40039,0.64739215,1.0
14.666667,1.5707964,1.0
26.076809,1.0040671,1.0
55.65968,-0.3103874,1.0
13.91492,-0.3103874,1.0
23.880535,0.37739596,1.0
31.0,1.5707964,1.0
44.0,1.5707964,1.0
14.243595,0.66596925,1.0
29.093718,0.3145043,1.0
94.41398,0.4968108,1.0
332.71008,-0.53629583,1.0
51.790443,0.26371184,1.0
54.67073,0.2715996,1.0
31.906113,-0.56192154,1.0
332.71008,-0.53629583,1.0
72.235725,0.38307706,1.0
72.235725,0.38307706,1.0
67.0,0.0,1.0
34.526962,0.26371184,1.0
51.790443,0.26371184,1.0
43.416588,0.67114383,1.0
180.69312,0.25168997,1.0
72.235725,0.38307706,1.0
77.682045,0.1746722,1.0
34.526962,0.26371184,1.0
155.36409,0.1746722,1.0
77.682045,0.1746722,1.0
101.43471,-0.16839015,1.0
72.235725,0.38307706,1.0
22.5,1.5707964,1.0
13.5,1.5707964,1.0
127.88276,0.21273178,1.0
58.0,-0.0,1.0
160.29036,0.16925122,1.0
14.5,-0.0,1.0
11.6,0.0,1.0
6.75,0.0,1.0
13.5,-0.0,1.0
71.063354,-0.6857295,1.0
23.26478,0.49248576,1.0
57.81964,-0.3655182,1.0
135.0,-0.0,1.0
150.24065,-0.05660613,1.0
82.87943,0.845156,1.0
7.0,-0.0,1.0
109.32977,-0.15612637,1.0
15.953056,-0.56192154,1.0
54.0,-0.0,1.0
27.0,0.0,1.0
27.0,1.5707964,1.0
13.5,1.5707964,1.0
19.438023,-0.12526657,1.0
355.449,-0.17532408,1.0
71.2899,0.1905181,1.0
41.87183,-0.2044212,1.0
5.5829105,-0.2044212,1.0
6.978638,-0.2044212,1.0
36.0,-0.0,1.0
18.882797,-0.4968108,1.0
27.0,0.0,1.0
112.0,-0.0,1.0
35.36919,-0.06871754,1.0
10.5,-0.0,1.0
46.0,0.0,1.0
256.4254,0.105489306,1.0
4.8333335,-0.0,1.0
9.666667,0.0,1.0
36.117863,0.38307706,1.0
14.5,0.0,1.0
58.0,-0.0,1.0
28.0,0.0,1.0
294.2414,0.091890655,1.0
44.5926,0.30756712,1.0
15.99414,0.43568286,1.0
21.32552,0.43568286,1.0
106.36024,0.12727045,1.0
179.80545,-0.094688065,1.0
28.0,0.0,1.0
127.88276,0.21273178,1.0
18.0,0.0,1.0
28.0,0.0,1.0
26.5,-0.0,1.0
70.434364,0.67474097,1.0
127.141655,0.50939035,1.0
93.05912,0.49248576,1.0
74.13838,-0.2106223,1.0
84.19092,0.06735826,1.0
152.77762,0.29898018,1.0
23.218767,0.6837093,1.0
7.0,0.0,1.0
21.865955,-0.15612637,1.0
53.0,-0.0,1.0
51.62364,1.0204104,1.0
8.5,-1.5707964,1.0
17.0,1.5707964,1.0
17.0,-1.5707964,1.0
14.685825,0.64739215,1.0
382.06412,-0.16299722,1.0
143.12582,-0.4480239,1.0
6.95746,-0.3103874,1.0
102.80078,0.64739215,1.0
27.82984,-0.3103874,1.0
23.26478,0.49248576,1.0
31.019707,0.49248576,1.0
51.40039,0.64739215,1.0
17.666666,-0.0,1.0
68.148735,-0.328711,1.0
36.0,-0.0,1.0
47.856556,0.4776654,1.0
3.4,-1.5707964,1.0
17.608591,0.67474097,1.0
16.37834,0.5456551,1.0
8.5,1.5707964,1.0
80.14518,0.16925122,1.0
80.14518,0.16925122,1.0
18.0,0.0,1.0
39.623226,-0.74969906,1.0
19.333334,0.0,1.0
106.0,0.0,1.0
28.0,-0.0,1.0
14.5,0.0,1.0
27.0,0.0,1.0
54.0,-0.0,1.0
5.4,1.5707964,1.0
17.0,0.0,1.0
26.767517,0.9983365,1.0
52.69725,0.98805684,1.0
20.146685,0.28511775,1.0
29.0,0.0,1.0
5.4,0.0,1.0
27.0,-0.0,1.0
58.0,-0.0,1.0
29.0,0.0,1.0
69.13076,-0.061516486,1.0
109.65856,0.42285392,1.0
87.91189,-0.096839,1.0
60.231037,0.25168997,1.0
19.44865,0.76721835,1.0
24.373398,-0.17526637,1.0
29.0,0.0,1.0
4.142857,-0.0,1.0
42.627586,0.21273178,1.0
77.682045,0.1746722,1.0
31.25,0.0,1.0
25.894014,0.1746722,1.0
24.29576,-0.07782415,1.0
103.58089,0.26371184,1.0
35.164757,-0.096839,1.0
50.0,0.0,1.0
14.79727,0.26371184,1.0
10.3580885,0.26371184,1.0
107.76943,0.20558465,1.0
51.790443,0.26371184,1.0
34.526962,0.26371184,1.0
155.36409,0.1746722,1.0
54.761097,0.27746353,1.0
47.940067,0.28546286,1.0
10.8,0.0,1.0
54.0,-0.0,1.0
8.2,0.0,1.0
41.0,-0.0,1.0
20.5,0.0,1.0
26.348625,0.98805684,1.0
56.61272,-0.30499235,1.0
63.94138,0.21273178,1.0
8.2,0.0,1.0
83.74366,-0.2044212,1.0
56.61272,-0.30499235,1.0
28.0,0.0,1.0
20.935915,-0.2044212,1.0
16.748732,-0.2044212,1.0
10.4679575,-0.2044212,1.0
36.40055,0.6489956,1.0
17.20788,1.0204104,1.0
10.324728,1.0204104,1.0
13.91492,-0.3103874,1.0
7.0,-0.0,1.0
14.0,0.0,1.0
13.91492,-0.3103874,1.0
47.708607,-0.4480239,1.0
102.80078,0.64739215,1.0
13.93126,0.6837093,1.0
22.676468,-1.1466019,1.0
13.5,-0.0,1.0
12.074767,0.4636476,1.0
38.183765,0.7853982,1.0
105.0,-0.0,1.0
2.8333333,1.5707964,1.0
87.28116,0.3145043,1.0
29.85067,0.37739596,1.0
29.85067,0.37739596,1.0
51.40039,0.64739215,1.0
11.131936,-0.3103874,1.0
71.56291,-0.4480239,1.0
26.076809,1.0040671,1.0
51.40039,0.64739215,1.0
55.65968,-0.3103874,1.0
52.153618,1.0040671,1.0
31.98828,0.43568286,5.0
76.55717,0.41689807,5.0
39.80089,0.37739596,5.0
35.781456,-0.4480239,5.0
26.076809,1.0040671,5.0
53.18012,-0.12727045,5.0
185.08174,-0.6878204,5.0
26.076809,-1.0040671,5.0
12.039288,0.38307706,5.0
31.25,0.0,5.0
31.785414,0.50939035,5.0
19.811613,0.74969906,5.0
79.30952,0.40158054,5.0
51.40039,0.64739215,5.0
234.88828,-0.057505824,5.0
285.12674,0.029815722,5.0
51.40039,0.64739215,5.0
101.796364,-0.4966027,5.0
77.189705,0.17579791,5.0
88.5353,0.15307869,5.0
120.666664,-0.0,5.0
51.20791,0.4549142,5.0
34.828148,0.6837093,5.0
14.0,0.0,5.0
198.51007,-0.6334259,5.0
63.62414,-0.08852542,5.0
182.19838,0.046669386,5.0
66.417244,-0.1663863,5.0
55.542778,-0.40725586,5.0
26.076809,-1.0040671,5.0
11.513471,0.29977608,5.0
21.25,-0.0,5.0
34.266926,0.64739215,5.0
9.905807,0.74969906,5.0
51.790443,0.26371184,5.0
16.75,0.0,5.0
22.0,1.5707964,5.0
31.471327,0.4968108,5.0
51.40039,0.64739215,5.0
268.0,-0.0,5.0
16.313337,-0.26356387,5.0
43.64058,0.3145043,5.0
51.40039,0.64739215,5.0
44.34242,-0.5191461,5.0
102.5,-0.0,5.0
63.570827,0.50939035,5.0
41.070824,0.27746353,5.0
51.40039,0.64739215,5.0
51.40039,0.64739215,5.0
54.375,-0.0,5.0
155.36409,0.1746722,5.0
46.52956,0.49248576,5.0
134.61798,-0.23236673,5.0
68.0294,1.1466019,5.0
51.20791,0.4549142,5.0
63.570827,0.50939035,5.0
48.0,0.0,5.0
93.941475,0.48745263,5.0
97.62812,0.23255694,5.0
102.41582,0.4549142,5.0
85.32877,0.17670886,5.0
164.2833,0.27746353,5.0
117.07716,0.03630882,5.0
158.5757,0.08523602,5.0
190.08449,0.029815722,5.0
502.28778,0.033851605,5.0
155.36409,0.1746722,5.0
51.78803,0.1746722,5.0
306.0,-0.0,5.0
295.4894,-0.057563454,5.0
9.333333,-0.0,5.0
143.12582,-0.4480239,5.0
15.99414,0.43568286,5.0
127.141655,0.50939035,5.0
102.80078,0.64739215,5.0
55.946404,-0.5036263,5.0
41.5,-0.0,5.0
31.906113,0.56192154,5.0
13.038404,1.0040671,5.0
42.38055,0.50939035,5.0
536.26953,0.03170579,5.0
0.31009957,0.0,5.0
103.84845,0.08194171,5.0
26.076809,-1.0040671,5.0
93.05912,0.49248576,5.0
34.266926,0.64739215,5.0
68.148735,-0.328711,5.0
166.35504,-0.53629583,5.0
77.682045,0.1746722,5.0
52.153618,1.0040671,5.0
146.7515,0.3045109,5.0
51.40039,0.64739215,5.0
81.44476,-0.1045556,5.0
19.811613,-0.74969906,5.0
127.2,-0.0,5.0
191.5,-0.0,5.0
25.932606,0.33394507,5.0
22.0,1.5707964,5.0
51.20791,0.4549142,5.0
72.62661,0.15552814,5.0
145.25322,0.15552814,5.0
22.1817,-0.12808284,5.0
63.570827,0.50939035,5.0
68.148735,-0.328711,5.0
51.40039,0.64739215,5.0
7.924645,0.74969906,5.0
51.40039,0.64739215,5.0
31.785414,0.50939035,5.0
234.15433,0.03630882,5.0
209.78859,-0.82079655,5.0
88.5353,0.15307869,5.0
42.38055,0.50939035,5.0
71.56291,-0.4480239,5.0
14.0,-0.0,5.0
41.439716,0.845156,5.0
19.811613,0.74969906,5.0
51.40039,0.64739215,5.0
33.5,0.0,5.0
51.40039,0.64739215,5.0
42.38055,0.50939035,5.0
71.56291,-0.4480239,5.0
11.508987,0.26371184,5.0
200.18616,-0.8738195,5.0
102.80078,0.64739215,5.0
79.45596,-0.1071826,5.0
102.41582,0.4549142,5.0
51.40039,0.64739215,5.0
82.87943,0.845156,5.0
502.28778,0.033851605,5.0
58.10129,0.15552814,5.0
18.553226,-0.3103874,5.0
13.038404,-1.0040671,5.0
13.038404,-1.0040671,5.0
270.6335,0.031412955,5.0
6.434889,-0.036700577,5.0
97.62812,0.23255694,5.0
41.439716,0.845156,5.0
195.63039,-0.75105363,5.0
98.367935,0.08651817,5.0
42.38055,0.50939035,5.0
101.796364,-0.4966027,5.0
364.39676,0.046669386,5.0
22.0,1.5707964,5.0
47.940067,0.28546286,5.0
10.595138,0.50939035,5.0
112.32208,-0.075747654,5.0
33.5,0.0,5.0
51.8001,0.6415706,5.0
17.38454,1.0040671,5.0
14.472196,0.67114383,5.0
11.742684,0.48745263,5.0
119.40268,0.37739596,5.0
31.785414,0.50939035,5.0
26.076809,1.0040671,2.0
6.519202,-1.0040671,2.0
33.5,0.0,2.0
7.25,0.0,2.0
44.26765,0.15307869,2.0
33.5,0.0,2.0
48.0,0.0,2.0
41.439716,0.845156,2.0
71.56291,-0.4480239,2.0
51.70348,-0.16514868,2.0
42.38055,0.50939035,2.0
59.70134,0.37739596,2.0
36.117863,0.38307706,2.0
95.3795,-0.089236066,2.0
29.0,-0.0,2.0
23.970034,0.28546286,2.0
27.82984,-0.3103874,2.0
119.36499,-0.54616654,2.0
132.83449,-0.1663863,2.0
166.90416,-0.18682016,2.0
132.83449,-0.1663863,2.0
88.55632,-0.1663863,2.0
22.0,1.5707964,2.0
103.58089,0.26371184,2.0
33.5,0.0,2.0
100.43903,-0.22082877,2.0
59.70134,0.37739596,2.0
126.0,-0.0,2.0
37.333332,-0.0,2.0
17.38454,1.0040671,2.0
69.729836,0.32855317,2.0
51.40039,0.64739215,2.0
27.82984,-0.3103874,2.0
58.5,-0.0,2.0
102.35355,-0.08314123,2.0
105.57847,-0.8138662,2.0
92.0,0.0,2.0
156.10289,0.03630882,2.0
31.537676,0.1351707,2.0
19.176027,0.28546286,2.0
26.076809,1.0040671,2.0
56.923195,-0.39681813,2.0
64.00781,0.5055811,2.0
34.0147,-1.1466019,2.0
92.358,0.34229562,2.0
11.422309,0.64739215,2.0
35.781456,-0.4480239,2.0
59.70134,0.37739596,2.0
132.83449,-0.1663863,2.0
66.417244,-0.1663863,2.0
251.14389,0.033851605,2.0
109.33092,-0.07782415,2.0
185.08174,-0.6878204,2.0
29.0,0.0,2.0
153.23593,0.055498507,2.0
68.03308,-0.12526657,2.0
10.437942,0.48745263,2.0
14.0,0.0,2.0
132.83449,-0.1663863,2.0
34.266926,0.64739215,2.0
22.17121,-0.5191461,2.0
63.94138,0.21273178,2.0
31.97069,0.21273178,2.0
63.94138,0.21273178,2.0
51.20791,0.4549142,2.0
21.32552,0.43568286,2.0
26.076809,1.0040671,2.0
8.69227,-1.0040671,2.0
34.44198,-0.69287956,2.0
26.076809,-1.0040671,2.0
28.0,0.0,2.0
251.14389,0.033851605,2.0
50.717354,-0.16839015,2.0
26.715061,0.16925122,2.0
34.01654,0.12526657,2.0
139.25964,-0.061075024,2.0
173.40128,-0.12721622,2.0
68.88396,-0.049378432,2.0
43.64058,0.3145043,2.0
18.352451,0.65984845,2.0
19.900446,0.37739596,2.0
26.076809,1.0040671,2.0
6.285714,1.5707964,2.0
25.603954,0.4549142,2.0
108.042816,0.29101354,2.0
63.570827,0.50939035,2.0
51.40039,0.64739215,2.0
51.40039,0.64739215,2.0
82.14165,0.27746353,2.0
47.940067,0.28546286,2.0
44.0,1.5707964,2.0
62.169125,0.44926012,2.0
51.40039,0.64739215,2.0
51.70348,-0.16514868,2.0
16.37834,-0.5456551,2.0
13.5,1.5707964,2.0
63.570827,0.50939035,2.0
185.08174,-0.6878204,2.0
51.790443,0.26371184,2.0
29.0,0.0,2.0
31.98828,0.43568286,2.0
127.666664,-0.0,2.0
95.880135,0.28546286,2.0
71.56291,-0.4480239,2.0
46.52956,0.49248576,2.0
51.40039,0.64739215,2.0
19.900446,0.37739596,2.0
102.80078,0.64739215,2.0
29.410883,-0.3109983,2.0
77.682045,0.1746722,2.0
31.718489,0.35415816,2.0
44.3634,-0.12808284,2.0
25.700195,0.64739215,2.0
34.074368,-0.328711,2.0
35.781456,-0.4480239,2.0
71.56291,-0.4480239,2.0
166.90416,-0.18682016,2.0
173.45892,-0.3655182,2.0
234.3891,-0.057628427,2.0
29.0,0.0,2.0
38.841022,0.1746722,2.0
102.722015,-0.06575871,2.0
41.109608,0.85425466,2.0
51.70348,-0.16514868,2.0
16.37834,-0.5456551,2.0
47.708607,-0.4480239,2.0
26.076809,1.0040671,2.0
13.038404,1.0040671,2.0
26.076809,-1.0040671,2.0
26.076809,1.0040671,2.0
26.076809,-1.0040671,2.0
17.38454,-1.0040671,2.0
103.6002,0.6415706,2.0
112.0,-0.0,2.0
132.83449,-0.1663863,2.0
59.682495,-0.54616654,2.0
26.076809,1.0040671,2.0
16.37834,-0.5456551,2.0
83.58529,0.27254787,2.0
155.36409,0.1746722,2.0
29.0,0.0,2.0
26.076809,-1.0040671,2.0
17.133463,0.64739215,2.0
51.40039,0.64739215,2.0
29.85067,0.37739596,2.0
44.0,1.5707964,2.0
102.712654,-0.58440226,2.0
29.75,0.0,2.0
109.33092,-0.07782415,2.0
118.32635,0.03592534,2.0
77.682045,0.1746722,2.0
132.83449,-0.1663863,2.0
19.811613,0.74969906,2.0
33.5,0.0,2.0
34.526962,0.26371184,2.0
19.900446,0.37739596,2.0
11.0,1.5707964,2.0
19.900446,0.37739596,2.0
112.0,-0.0,2.0
35.781456,-0.4480239,2.0
132.83449,-0.1663863,2.0
51.40039,0.64739215,2.0
132.83449,-0.1663863,2.0
153.23593,0.055498507,2.0
11.166667,0.0,2.0
234.3891,-0.057628427,2.0
52.58949,0.03592534,2.0
100.666664,-0.0,2.0
63.25,0.0,2.0
90.85714,-0.0,2.0
91.04944,-0.8943401,2.0
251.0,-0.0,2.0
77.682045,0.1746722,2.0
51.790443,0.26371184,2.0
131.27547,0.06479467,2.0
134.61798,-0.23236673,2.0
63.570827,0.50939035,2.0
97.62812,0.23255694,2.0
63.570827,0.50939035,2.0
13.038404,1.0040671,2.0
251.14389,0.033851605,2.0
60.378494,0.112028964,2.0
27.33273,-0.07782415,2.0
183.99185,0.14727747,2.0
175.55127,-0.8640236,2.0
13.42021,0.48745263,2.0
14.0,0.0,2.0
20.719858,0.845156,2.0
59.70134,0.37739596,2.0
51.40039,0.64739215,2.0
22.0,1.5707964,2.0
71.56291,-0.4480239,2.0
22.0,1.5707964,2.0
17.432459,0.32855317,2.0
10.3580885,0.26371184,2.0
22.0,1.5707964,2.0
25.666666,-0.0,2.0
34.468987,-0.16514868,2.0
473.3054,0.03592534,2.0
177.0706,0.15307869,2.0
25.37479,0.35415816,2.0
67.0,0.0,2.0
29.85067,0.37739596,2.0
15.560868,-0.08847807,2.0
22.0,1.5707964,2.0
22.0,1.5707964,2.0
72.47068,-0.48833394,2.0
237.56789,-0.09485193,2.0
209.78859,-0.82079655,2.0
103.40696,-0.16514868,2.0
26.076809,-1.0040671,2.0
470.0638,-0.09374154,2.0
16.807735,-0.5302158,2.0
302.0,-0.0,2.0
219.15805,-0.102846846,2.0
31.5,0.0,2.0
10.983226,0.038705036,2.0
5.8,-0.0,2.0
111.29803,0.20356289,2.0
50.717354,-0.16839015,2.0
41.439716,0.845156,2.0
27.0,1.5707964,2.0
132.83449,-0.1663863,2.0
14.666667,1.5707964,2.0
82.87943,0.845156,2.0
80.14518,0.16925122,2.0
102.80078,0.64739215,2.0
26.076809,1.0040671,2.0
71.56291,-0.4480239,2.0
239.57515,-0.7425883,2.0
38.841022,0.1746722,2.0
31.785414,0.50939035,2.0
66.417244,-0.1663863,2.0
35.217182,0.67474097,2.0
17.38454,-1.0040671,2.0
31.537676,0.1351707,3.0
25.700195,0.64739215,3.0
14.0,-0.0,3.0
26.076809,-1.0040671,3.0
23.478123,0.67474097,3.0
112.0,-0.0,3.0
112.0,-0.0,3.0
22.676468,-1.1466019,3.0
19.811613,0.74969906,3.0
48.08846,0.48689923,3.0
132.83449,-0.1663863,3.0
46.970737,0.48745263,3.0
13.207742,0.74969906,3.0
21.865955,-0.15612637,3.0
47.940067,0.28546286,3.0
28.30636,0.30499235,3.0
17.414074,0.6837093,3.0
14.0,0.0,3.0
85.97238,-0.8224183,3.0
36.40055,0.6489956,3.0
16.748732,-0.2044212,3.0
536.26953,0.03170579,3.0
209.71051,-0.10749768,3.0
109.32977,0.15612637,3.0
31.906113,0.56192154,3.0
19.811613,0.74969906,3.0
55.65968,-0.3103874,3.0
17.38454,-1.0040671,3.0
25.700195,0.64739215,3.0
51.62364,1.0204104,3.0
164.01219,0.2715996,3.0
67.0,0.0,3.0
152.0,0.0,3.0
85.0,-0.0,3.0
370.16348,-0.6878204,3.0
20.146685,0.28511775,3.0
85.27626,-0.105736256,3.0
302.80026,-0.07271923,3.0
15.770859,-0.21729343,3.0
47.940067,0.28546286,3.0
36.117863,0.38307706,3.0
52.970642,-0.1071826,3.0
31.97069,0.21273178,3.0
13.5,0.0,3.0
5.660461,0.74969906,3.0
22.0,1.5707964,3.0
22.0,1.5707964,3.0
22.0,1.5707964,3.0
34.0147,-1.1466019,3.0
34.11785,-0.08314123,3.0
65.25335,-0.26356387,3.0
455.38556,-0.7916093,3.0
38.013157,-0.4636476,3.0
36.96779,-0.53629583,3.0
6.1678104,-0.9320023,3.0
9.139508,0.43568286,3.0
89.1852,0.30756712,3.0
69.656296,-0.6837093,3.0
128.01562,0.5055811,3.0
39.623226,0.74969906,3.0
72.235725,0.38307706,3.0
103.58089,0.26371184,3.0
58.0,0.0,3.0
58.0,-0.0,3.0
50.717354,-0.16839015,3.0
17.263481,0.26371184,3.0
15.99414,0.43568286,3.0
36.704903,0.65984845,3.0
14.12685,0.50939035,3.0
51.70348,-0.16514868,3.0
16.37834,-0.5456551,3.0
16.37834,-0.5456551,3.0
112.32208,0.075747654,3.0
51.70348,0.16514868,3.0
66.417244,-0.1663863,3.0
9.905807,0.74969906,3.0
13.5,0.0,3.0
36.704903,0.65984845,3.0
24.458582,0.3045109,3.0
41.87183,0.2044212,3.0
31.084562,0.44926012,3.0
13.5,-0.0,3.0
31.718489,0.35415816,3.0
34.526962,0.26371184,3.0
77.682045,0.1746722,3.0
25.8,0.0,3.0
33.333332,0.0,3.0
20.833334,0.0,3.0
87.28116,0.3145043,3.0
15.953056,-0.56192154,3.0
15.953056,-0.56192154,3.0
31.98828,0.43568286,3.0
5.6666665,1.5707964,3.0
4.25,-1.5707964,3.0
205.44403,-0.06575871,3.0
31.98828,0.43568286,3.0
13.5,0.0,3.0
8.5,1.5707964,3.0
15.953056,0.56192154,3.0
19.944923,0.27416745,3.0
110.73053,-0.66698366,3.0
28.0,-0.0,3.0
43.64058,0.3145043,3.0
14.925335,0.37739596,3.0
67.03369,0.03170579,3.0
17.582378,-0.096839,3.0
203.65657,-0.66707236,3.0
93.05912,0.49248576,3.0
5.839506,-0.0,3.0
82.0,-0.0,3.0
8.5,-1.5707964,3.0
10.53945,0.98805684,3.0
19.811613,0.74969906,3.0
47.940067,0.28546286,3.0
34.864918,0.32855317,3.0
25.700195,0.64739215,3.0
63.570827,0.50939035,3.0
63.570827,0.50939035,3.0
55.542778,-0.40725586,3.0
224.0,-0.0,3.0
132.83449,-0.1663863,3.0
36.704903,0.65984845,3.0
18.5,-0.0,3.0
24.71462,-0.6779005,3.0
60.166435,0.37433362,3.0
20.691181,-0.20687395,3.0
44.019707,-0.58440226,3.0
19.811613,0.74969906,3.0
131.7953,0.20632389,3.0
169.97426,-1.126883,3.0
158.91664,-0.6290276,3.0
51.40039,0.64739215,3.0
26.076809,1.0040671,3.0
89.73851,0.24768136,3.0
11.0,1.5707964,3.0
12.727922,0.7853982,3.0
26.348625,0.98805684,3.0
63.436977,0.35415816,3.0
77.189705,0.17579791,3.0
43.416588,0.67114383,3.0
37.348213,-0.861202,3.0
63.94138,0.21273178,3.0
36.117863,0.38307706,3.0
302.80026,-0.07271923,3.0
201.86684,-0.07271923,3.0
19.420511,0.1746722,4.0
4.4666667,0.0,4.0
14.925335,0.37739596,4.0
5.5,1.5707964,4.0
27.33273,-0.07782415,4.0
6.117484,0.65984845,4.0
5.5033803,-0.18272156,4.0
67.0,-0.0,4.0
9.571428,0.0,4.0
13.888889,0.0,4.0
8.665208,0.026514845,4.0
52.18182,-0.0,4.0
9.25713,-0.40725586,4.0
12.669262,-0.5191461,4.0
10.361521,0.44926012,4.0
75.375,-0.0,4.0
30.254131,0.18280989,4.0
